method,id_ratio,accuracy,budget,selection_metric,size,original_acc,retrain_acc,acc_improvement
fgsm,0.0,84.9609375,0.1,entropy,400,39.75,84.9609375,45.2109375
fgsm,0.1,85.9375,0.1,entropy,400,45.75,85.9375,40.1875
fgsm,0.2,86.328125,0.1,entropy,400,50.0,86.328125,36.328125
fgsm,0.3,88.4765625,0.1,entropy,400,56.00000000000001,88.4765625,32.47656249999999
fgsm,0.4,89.0625,0.1,entropy,400,61.75000000000001,89.0625,27.312499999999993
fgsm,0.5,91.015625,0.1,entropy,400,68.0,91.015625,23.015625
fgsm,0.6,89.2578125,0.1,entropy,400,74.5,89.2578125,14.7578125
fgsm,0.7,90.234375,0.1,entropy,400,81.5,90.234375,8.734375
fgsm,0.8,92.96875,0.1,entropy,400,87.5,92.96875,5.46875
fgsm,0.9,95.5078125,0.1,entropy,400,92.5,95.5078125,3.0078125
fgsm,1.0,98.6328125,0.1,entropy,400,97.75,98.6328125,0.8828125
fgsm,0.0,85.3515625,0.2,entropy,400,39.75,85.3515625,45.6015625
fgsm,0.1,85.9375,0.2,entropy,400,45.75,85.9375,40.1875
fgsm,0.2,86.71875,0.2,entropy,400,50.0,86.71875,36.71875
fgsm,0.3,88.671875,0.2,entropy,400,56.00000000000001,88.671875,32.67187499999999
fgsm,0.4,89.84375,0.2,entropy,400,61.75000000000001,89.84375,28.093749999999993
fgsm,0.5,91.015625,0.2,entropy,400,68.0,91.015625,23.015625
fgsm,0.6,92.7734375,0.2,entropy,400,74.5,92.7734375,18.2734375
fgsm,0.7,90.234375,0.2,entropy,400,81.5,90.234375,8.734375
fgsm,0.8,92.96875,0.2,entropy,400,87.5,92.96875,5.46875
fgsm,0.9,95.5078125,0.2,entropy,400,92.5,95.5078125,3.0078125
fgsm,1.0,98.6328125,0.2,entropy,400,97.75,98.6328125,0.8828125
fgsm,0.0,85.3515625,0.3,entropy,400,39.75,85.3515625,45.6015625
fgsm,0.1,85.9375,0.3,entropy,400,45.75,85.9375,40.1875
fgsm,0.2,87.109375,0.3,entropy,400,50.0,87.109375,37.109375
fgsm,0.3,88.28125,0.3,entropy,400,56.00000000000001,88.28125,32.28124999999999
fgsm,0.4,89.84375,0.3,entropy,400,61.75000000000001,89.84375,28.093749999999993
fgsm,0.5,91.2109375,0.3,entropy,400,68.0,91.2109375,23.2109375
fgsm,0.6,92.96875,0.3,entropy,400,74.5,92.96875,18.46875
fgsm,0.7,91.2109375,0.3,entropy,400,81.5,91.2109375,9.7109375
fgsm,0.8,93.1640625,0.3,entropy,400,87.5,93.1640625,5.6640625
fgsm,0.9,95.703125,0.3,entropy,400,92.5,95.703125,3.203125
fgsm,1.0,98.6328125,0.3,entropy,400,97.75,98.6328125,0.8828125
fgsm,0.0,84.5703125,0.1,deepgini,400,39.75,84.5703125,44.8203125
fgsm,0.1,85.9375,0.1,deepgini,400,45.75,85.9375,40.1875
fgsm,0.2,50.5859375,0.1,deepgini,400,50.0,50.5859375,0.5859375
fgsm,0.3,55.46875,0.1,deepgini,400,56.00000000000001,55.46875,-0.5312500000000071
fgsm,0.4,62.109375,0.1,deepgini,400,61.75000000000001,62.109375,0.3593749999999929
fgsm,0.5,68.359375,0.1,deepgini,400,68.0,68.359375,0.359375
fgsm,0.6,73.828125,0.1,deepgini,400,74.5,73.828125,-0.671875
fgsm,0.7,81.0546875,0.1,deepgini,400,81.5,81.0546875,-0.4453125
fgsm,0.8,87.109375,0.1,deepgini,400,87.5,87.109375,-0.390625
fgsm,0.9,92.1875,0.1,deepgini,400,92.5,92.1875,-0.3125
fgsm,1.0,97.8515625,0.1,deepgini,400,97.75,97.8515625,0.1015625
fgsm,0.0,85.3515625,0.2,deepgini,400,39.75,85.3515625,45.6015625
fgsm,0.1,85.9375,0.2,deepgini,400,45.75,85.9375,40.1875
fgsm,0.2,87.109375,0.2,deepgini,400,50.0,87.109375,37.109375
fgsm,0.3,87.890625,0.2,deepgini,400,56.00000000000001,87.890625,31.890624999999993
fgsm,0.4,62.890625,0.2,deepgini,400,61.75000000000001,62.890625,1.140624999999993
fgsm,0.5,68.9453125,0.2,deepgini,400,68.0,68.9453125,0.9453125
fgsm,0.6,74.8046875,0.2,deepgini,400,74.5,74.8046875,0.3046875
fgsm,0.7,81.640625,0.2,deepgini,400,81.5,81.640625,0.140625
fgsm,0.8,87.109375,0.2,deepgini,400,87.5,87.109375,-0.390625
fgsm,0.9,92.3828125,0.2,deepgini,400,92.5,92.3828125,-0.1171875
fgsm,1.0,97.8515625,0.2,deepgini,400,97.75,97.8515625,0.1015625
fgsm,0.0,85.3515625,0.3,deepgini,400,39.75,85.3515625,45.6015625
fgsm,0.1,85.9375,0.3,deepgini,400,45.75,85.9375,40.1875
fgsm,0.2,87.109375,0.3,deepgini,400,50.0,87.109375,37.109375
fgsm,0.3,88.671875,0.3,deepgini,400,56.00000000000001,88.671875,32.67187499999999
fgsm,0.4,90.234375,0.3,deepgini,400,61.75000000000001,90.234375,28.484374999999993
fgsm,0.5,68.9453125,0.3,deepgini,400,68.0,68.9453125,0.9453125
fgsm,0.6,75.0,0.3,deepgini,400,74.5,75.0,0.5
fgsm,0.7,81.8359375,0.3,deepgini,400,81.5,81.8359375,0.3359375
fgsm,0.8,87.6953125,0.3,deepgini,400,87.5,87.6953125,0.1953125
fgsm,0.9,92.96875,0.3,deepgini,400,92.5,92.96875,0.46875
fgsm,1.0,98.2421875,0.3,deepgini,400,97.75,98.2421875,0.4921875
fgsm,0.0,84.9609375,0.1,entropy,400,39.75,84.9609375,45.2109375
fgsm,0.1,85.9375,0.1,entropy,400,45.75,85.9375,40.1875
fgsm,0.2,86.328125,0.1,entropy,400,50.0,86.328125,36.328125
fgsm,0.3,88.4765625,0.1,entropy,400,56.00000000000001,88.4765625,32.47656249999999
fgsm,0.4,89.0625,0.1,entropy,400,61.75000000000001,89.0625,27.312499999999993
fgsm,0.5,91.015625,0.1,entropy,400,68.0,91.015625,23.015625
fgsm,0.6,89.2578125,0.1,entropy,400,74.5,89.2578125,14.7578125
fgsm,0.7,90.234375,0.1,entropy,400,81.5,90.234375,8.734375
fgsm,0.8,92.96875,0.1,entropy,400,87.5,92.96875,5.46875
fgsm,0.9,95.5078125,0.1,entropy,400,92.5,95.5078125,3.0078125
fgsm,1.0,98.6328125,0.1,entropy,400,97.75,98.6328125,0.8828125
fgsm,0.0,85.3515625,0.2,entropy,400,39.75,85.3515625,45.6015625
fgsm,0.1,85.9375,0.2,entropy,400,45.75,85.9375,40.1875
fgsm,0.2,86.71875,0.2,entropy,400,50.0,86.71875,36.71875
fgsm,0.3,88.671875,0.2,entropy,400,56.00000000000001,88.671875,32.67187499999999
fgsm,0.4,89.84375,0.2,entropy,400,61.75000000000001,89.84375,28.093749999999993
fgsm,0.5,91.015625,0.2,entropy,400,68.0,91.015625,23.015625
fgsm,0.6,92.7734375,0.2,entropy,400,74.5,92.7734375,18.2734375
fgsm,0.7,90.234375,0.2,entropy,400,81.5,90.234375,8.734375
fgsm,0.8,92.96875,0.2,entropy,400,87.5,92.96875,5.46875
fgsm,0.9,95.5078125,0.2,entropy,400,92.5,95.5078125,3.0078125
fgsm,1.0,98.6328125,0.2,entropy,400,97.75,98.6328125,0.8828125
fgsm,0.0,85.3515625,0.3,entropy,400,39.75,85.3515625,45.6015625
fgsm,0.1,85.9375,0.3,entropy,400,45.75,85.9375,40.1875
fgsm,0.2,87.109375,0.3,entropy,400,50.0,87.109375,37.109375
fgsm,0.3,88.28125,0.3,entropy,400,56.00000000000001,88.28125,32.28124999999999
fgsm,0.4,89.84375,0.3,entropy,400,61.75000000000001,89.84375,28.093749999999993
fgsm,0.5,91.2109375,0.3,entropy,400,68.0,91.2109375,23.2109375
fgsm,0.6,92.96875,0.3,entropy,400,74.5,92.96875,18.46875
fgsm,0.7,91.2109375,0.3,entropy,400,81.5,91.2109375,9.7109375
fgsm,0.8,93.1640625,0.3,entropy,400,87.5,93.1640625,5.6640625
fgsm,0.9,95.703125,0.3,entropy,400,92.5,95.703125,3.203125
fgsm,1.0,98.6328125,0.3,entropy,400,97.75,98.6328125,0.8828125
fgsm,0.0,84.5703125,0.1,deepgini,400,39.75,84.5703125,44.8203125
fgsm,0.1,85.9375,0.1,deepgini,400,45.75,85.9375,40.1875
fgsm,0.2,50.5859375,0.1,deepgini,400,50.0,50.5859375,0.5859375
fgsm,0.3,55.46875,0.1,deepgini,400,56.00000000000001,55.46875,-0.5312500000000071
fgsm,0.4,62.109375,0.1,deepgini,400,61.75000000000001,62.109375,0.3593749999999929
fgsm,0.5,68.359375,0.1,deepgini,400,68.0,68.359375,0.359375
fgsm,0.6,73.828125,0.1,deepgini,400,74.5,73.828125,-0.671875
fgsm,0.7,81.0546875,0.1,deepgini,400,81.5,81.0546875,-0.4453125
fgsm,0.8,87.109375,0.1,deepgini,400,87.5,87.109375,-0.390625
fgsm,0.9,92.1875,0.1,deepgini,400,92.5,92.1875,-0.3125
fgsm,1.0,97.8515625,0.1,deepgini,400,97.75,97.8515625,0.1015625
fgsm,0.0,85.3515625,0.2,deepgini,400,39.75,85.3515625,45.6015625
fgsm,0.1,85.9375,0.2,deepgini,400,45.75,85.9375,40.1875
fgsm,0.2,87.109375,0.2,deepgini,400,50.0,87.109375,37.109375
fgsm,0.3,87.890625,0.2,deepgini,400,56.00000000000001,87.890625,31.890624999999993
fgsm,0.4,62.890625,0.2,deepgini,400,61.75000000000001,62.890625,1.140624999999993
fgsm,0.5,68.9453125,0.2,deepgini,400,68.0,68.9453125,0.9453125
fgsm,0.6,74.8046875,0.2,deepgini,400,74.5,74.8046875,0.3046875
fgsm,0.7,81.640625,0.2,deepgini,400,81.5,81.640625,0.140625
fgsm,0.8,87.109375,0.2,deepgini,400,87.5,87.109375,-0.390625
fgsm,0.9,92.3828125,0.2,deepgini,400,92.5,92.3828125,-0.1171875
fgsm,1.0,97.8515625,0.2,deepgini,400,97.75,97.8515625,0.1015625
fgsm,0.0,85.3515625,0.3,deepgini,400,39.75,85.3515625,45.6015625
fgsm,0.1,85.9375,0.3,deepgini,400,45.75,85.9375,40.1875
fgsm,0.2,87.109375,0.3,deepgini,400,50.0,87.109375,37.109375
fgsm,0.3,88.671875,0.3,deepgini,400,56.00000000000001,88.671875,32.67187499999999
fgsm,0.4,90.234375,0.3,deepgini,400,61.75000000000001,90.234375,28.484374999999993
fgsm,0.5,68.9453125,0.3,deepgini,400,68.0,68.9453125,0.9453125
fgsm,0.6,75.0,0.3,deepgini,400,74.5,75.0,0.5
fgsm,0.7,81.8359375,0.3,deepgini,400,81.5,81.8359375,0.3359375
fgsm,0.8,87.6953125,0.3,deepgini,400,87.5,87.6953125,0.1953125
fgsm,0.9,92.96875,0.3,deepgini,400,92.5,92.96875,0.46875
fgsm,1.0,98.2421875,0.3,deepgini,400,97.75,98.2421875,0.4921875
PGD-linf,0.0,100.0,0.1,entropy,400,39.0,100.0,61.0
PGD-linf,0.1,100.0,0.1,entropy,400,44.75,100.0,55.25
PGD-linf,0.2,99.4140625,0.1,entropy,400,49.25,99.4140625,50.1640625
PGD-linf,0.3,99.4140625,0.1,entropy,400,55.25,99.4140625,44.1640625
PGD-linf,0.4,99.4140625,0.1,entropy,400,61.25000000000001,99.4140625,38.16406249999999
PGD-linf,0.5,99.21875,0.1,entropy,400,67.5,99.21875,31.71875
PGD-linf,0.6,99.21875,0.1,entropy,400,74.0,99.21875,25.21875
PGD-linf,0.7,99.4140625,0.1,entropy,400,81.25,99.4140625,18.1640625
PGD-linf,0.8,99.4140625,0.1,entropy,400,87.5,99.4140625,11.9140625
PGD-linf,0.9,98.828125,0.1,entropy,400,92.25,98.828125,6.578125
PGD-linf,1.0,98.6328125,0.1,entropy,400,97.75,98.6328125,0.8828125
PGD-linf,0.0,100.0,0.2,entropy,400,39.0,100.0,61.0
PGD-linf,0.1,100.0,0.2,entropy,400,44.75,100.0,55.25
PGD-linf,0.2,99.4140625,0.2,entropy,400,49.25,99.4140625,50.1640625
PGD-linf,0.3,99.4140625,0.2,entropy,400,55.25,99.4140625,44.1640625
PGD-linf,0.4,99.4140625,0.2,entropy,400,61.25000000000001,99.4140625,38.16406249999999
PGD-linf,0.5,99.21875,0.2,entropy,400,67.5,99.21875,31.71875
PGD-linf,0.6,99.21875,0.2,entropy,400,74.0,99.21875,25.21875
PGD-linf,0.7,99.4140625,0.2,entropy,400,81.25,99.4140625,18.1640625
PGD-linf,0.8,99.4140625,0.2,entropy,400,87.5,99.4140625,11.9140625
PGD-linf,0.9,98.828125,0.2,entropy,400,92.25,98.828125,6.578125
PGD-linf,1.0,98.6328125,0.2,entropy,400,97.75,98.6328125,0.8828125
PGD-linf,0.0,100.0,0.3,entropy,400,39.0,100.0,61.0
PGD-linf,0.1,100.0,0.3,entropy,400,44.75,100.0,55.25
PGD-linf,0.2,99.4140625,0.3,entropy,400,49.25,99.4140625,50.1640625
PGD-linf,0.3,99.4140625,0.3,entropy,400,55.25,99.4140625,44.1640625
PGD-linf,0.4,99.4140625,0.3,entropy,400,61.25000000000001,99.4140625,38.16406249999999
PGD-linf,0.5,99.21875,0.3,entropy,400,67.5,99.21875,31.71875
PGD-linf,0.6,99.21875,0.3,entropy,400,74.0,99.21875,25.21875
PGD-linf,0.7,99.4140625,0.3,entropy,400,81.25,99.4140625,18.1640625
PGD-linf,0.8,99.4140625,0.3,entropy,400,87.5,99.4140625,11.9140625
PGD-linf,0.9,98.828125,0.3,entropy,400,92.25,98.828125,6.578125
PGD-linf,1.0,98.6328125,0.3,entropy,400,97.75,98.6328125,0.8828125
PGD-linf,0.0,100.0,0.1,deepgini,400,39.0,100.0,61.0
PGD-linf,0.1,100.0,0.1,deepgini,400,44.75,100.0,55.25
PGD-linf,0.2,99.4140625,0.1,deepgini,400,49.25,99.4140625,50.1640625
PGD-linf,0.3,54.8828125,0.1,deepgini,400,55.25,54.8828125,-0.3671875
PGD-linf,0.4,61.71875,0.1,deepgini,400,61.25000000000001,61.71875,0.4687499999999929
PGD-linf,0.5,68.1640625,0.1,deepgini,400,67.5,68.1640625,0.6640625
PGD-linf,0.6,73.4375,0.1,deepgini,400,74.0,73.4375,-0.5625
PGD-linf,0.7,81.0546875,0.1,deepgini,400,81.25,81.0546875,-0.1953125
PGD-linf,0.8,87.3046875,0.1,deepgini,400,87.5,87.3046875,-0.1953125
PGD-linf,0.9,91.9921875,0.1,deepgini,400,92.25,91.9921875,-0.2578125
PGD-linf,1.0,97.8515625,0.1,deepgini,400,97.75,97.8515625,0.1015625
PGD-linf,0.0,100.0,0.2,deepgini,400,39.0,100.0,61.0
PGD-linf,0.1,100.0,0.2,deepgini,400,44.75,100.0,55.25
PGD-linf,0.2,99.4140625,0.2,deepgini,400,49.25,99.4140625,50.1640625
PGD-linf,0.3,99.4140625,0.2,deepgini,400,55.25,99.4140625,44.1640625
PGD-linf,0.4,99.609375,0.2,deepgini,400,61.25000000000001,99.609375,38.35937499999999
PGD-linf,0.5,68.359375,0.2,deepgini,400,67.5,68.359375,0.859375
PGD-linf,0.6,74.21875,0.2,deepgini,400,74.0,74.21875,0.21875
PGD-linf,0.7,81.640625,0.2,deepgini,400,81.25,81.640625,0.390625
PGD-linf,0.8,87.6953125,0.2,deepgini,400,87.5,87.6953125,0.1953125
PGD-linf,0.9,92.1875,0.2,deepgini,400,92.25,92.1875,-0.0625
PGD-linf,1.0,97.8515625,0.2,deepgini,400,97.75,97.8515625,0.1015625
PGD-linf,0.0,100.0,0.3,deepgini,400,39.0,100.0,61.0
PGD-linf,0.1,100.0,0.3,deepgini,400,44.75,100.0,55.25
PGD-linf,0.2,99.4140625,0.3,deepgini,400,49.25,99.4140625,50.1640625
PGD-linf,0.3,99.4140625,0.3,deepgini,400,55.25,99.4140625,44.1640625
PGD-linf,0.4,99.609375,0.3,deepgini,400,61.25000000000001,99.609375,38.35937499999999
PGD-linf,0.5,68.359375,0.3,deepgini,400,67.5,68.359375,0.859375
PGD-linf,0.6,74.4140625,0.3,deepgini,400,74.0,74.4140625,0.4140625
PGD-linf,0.7,81.640625,0.3,deepgini,400,81.25,81.640625,0.390625
PGD-linf,0.8,87.890625,0.3,deepgini,400,87.5,87.890625,0.390625
PGD-linf,0.9,92.578125,0.3,deepgini,400,92.25,92.578125,0.328125
PGD-linf,1.0,98.2421875,0.3,deepgini,400,97.75,98.2421875,0.4921875
PGD-l2,0.0,53.125,0.1,entropy,400,54.50000000000001,53.125,-1.375000000000007
PGD-l2,0.1,58.0078125,0.1,entropy,400,59.0,58.0078125,-0.9921875
PGD-l2,0.2,62.3046875,0.1,entropy,400,62.74999999999999,62.3046875,-0.4453124999999929
PGD-l2,0.3,65.625,0.1,entropy,400,66.5,65.625,-0.875
PGD-l2,0.4,71.2890625,0.1,entropy,400,70.75,71.2890625,0.5390625
PGD-l2,0.5,76.5625,0.1,entropy,400,76.0,76.5625,0.5625
PGD-l2,0.6,81.0546875,0.1,entropy,400,80.5,81.0546875,0.5546875
PGD-l2,0.7,87.3046875,0.1,entropy,400,86.5,87.3046875,0.8046875
PGD-l2,0.8,90.8203125,0.1,entropy,400,89.75,90.8203125,1.0703125
PGD-l2,0.9,93.359375,0.1,entropy,400,93.5,93.359375,-0.140625
PGD-l2,1.0,98.6328125,0.1,entropy,400,97.75,98.6328125,0.8828125
PGD-l2,0.0,53.125,0.2,entropy,400,54.50000000000001,53.125,-1.375000000000007
PGD-l2,0.1,58.0078125,0.2,entropy,400,59.0,58.0078125,-0.9921875
PGD-l2,0.2,62.3046875,0.2,entropy,400,62.74999999999999,62.3046875,-0.4453124999999929
PGD-l2,0.3,65.625,0.2,entropy,400,66.5,65.625,-0.875
PGD-l2,0.4,71.2890625,0.2,entropy,400,70.75,71.2890625,0.5390625
PGD-l2,0.5,76.5625,0.2,entropy,400,76.0,76.5625,0.5625
PGD-l2,0.6,81.0546875,0.2,entropy,400,80.5,81.0546875,0.5546875
PGD-l2,0.7,87.3046875,0.2,entropy,400,86.5,87.3046875,0.8046875
PGD-l2,0.8,90.8203125,0.2,entropy,400,89.75,90.8203125,1.0703125
PGD-l2,0.9,93.359375,0.2,entropy,400,93.5,93.359375,-0.140625
PGD-l2,1.0,98.6328125,0.2,entropy,400,97.75,98.6328125,0.8828125
PGD-l2,0.0,53.125,0.3,entropy,400,54.50000000000001,53.125,-1.375000000000007
PGD-l2,0.1,58.0078125,0.3,entropy,400,59.0,58.0078125,-0.9921875
PGD-l2,0.2,62.3046875,0.3,entropy,400,62.74999999999999,62.3046875,-0.4453124999999929
PGD-l2,0.3,65.625,0.3,entropy,400,66.5,65.625,-0.875
PGD-l2,0.4,71.2890625,0.3,entropy,400,70.75,71.2890625,0.5390625
PGD-l2,0.5,76.5625,0.3,entropy,400,76.0,76.5625,0.5625
PGD-l2,0.6,81.0546875,0.3,entropy,400,80.5,81.0546875,0.5546875
PGD-l2,0.7,87.3046875,0.3,entropy,400,86.5,87.3046875,0.8046875
PGD-l2,0.8,90.8203125,0.3,entropy,400,89.75,90.8203125,1.0703125
PGD-l2,0.9,94.3359375,0.3,entropy,400,93.5,94.3359375,0.8359375
PGD-l2,1.0,98.6328125,0.3,entropy,400,97.75,98.6328125,0.8828125
PGD-l2,0.0,53.125,0.1,deepgini,400,54.50000000000001,53.125,-1.375000000000007
PGD-l2,0.1,58.0078125,0.1,deepgini,400,59.0,58.0078125,-0.9921875
PGD-l2,0.2,62.3046875,0.1,deepgini,400,62.74999999999999,62.3046875,-0.4453124999999929
PGD-l2,0.3,65.625,0.1,deepgini,400,66.5,65.625,-0.875
PGD-l2,0.4,70.8984375,0.1,deepgini,400,70.75,70.8984375,0.1484375
PGD-l2,0.5,76.3671875,0.1,deepgini,400,76.0,76.3671875,0.3671875
PGD-l2,0.6,79.8828125,0.1,deepgini,400,80.5,79.8828125,-0.6171875
PGD-l2,0.7,86.328125,0.1,deepgini,400,86.5,86.328125,-0.171875
PGD-l2,0.8,89.84375,0.1,deepgini,400,89.75,89.84375,0.09375
PGD-l2,0.9,93.359375,0.1,deepgini,400,93.5,93.359375,-0.140625
PGD-l2,1.0,97.8515625,0.1,deepgini,400,97.75,97.8515625,0.1015625
PGD-l2,0.0,53.125,0.2,deepgini,400,54.50000000000001,53.125,-1.375000000000007
PGD-l2,0.1,58.0078125,0.2,deepgini,400,59.0,58.0078125,-0.9921875
PGD-l2,0.2,62.3046875,0.2,deepgini,400,62.74999999999999,62.3046875,-0.4453124999999929
PGD-l2,0.3,65.625,0.2,deepgini,400,66.5,65.625,-0.875
PGD-l2,0.4,71.484375,0.2,deepgini,400,70.75,71.484375,0.734375
PGD-l2,0.5,76.5625,0.2,deepgini,400,76.0,76.5625,0.5625
PGD-l2,0.6,80.6640625,0.2,deepgini,400,80.5,80.6640625,0.1640625
PGD-l2,0.7,86.9140625,0.2,deepgini,400,86.5,86.9140625,0.4140625
PGD-l2,0.8,90.234375,0.2,deepgini,400,89.75,90.234375,0.484375
PGD-l2,0.9,93.5546875,0.2,deepgini,400,93.5,93.5546875,0.0546875
PGD-l2,1.0,97.8515625,0.2,deepgini,400,97.75,97.8515625,0.1015625
PGD-l2,0.0,53.125,0.3,deepgini,400,54.50000000000001,53.125,-1.375000000000007
PGD-l2,0.1,58.0078125,0.3,deepgini,400,59.0,58.0078125,-0.9921875
PGD-l2,0.2,62.3046875,0.3,deepgini,400,62.74999999999999,62.3046875,-0.4453124999999929
PGD-l2,0.3,65.625,0.3,deepgini,400,66.5,65.625,-0.875
PGD-l2,0.4,71.484375,0.3,deepgini,400,70.75,71.484375,0.734375
PGD-l2,0.5,76.5625,0.3,deepgini,400,76.0,76.5625,0.5625
PGD-l2,0.6,80.859375,0.3,deepgini,400,80.5,80.859375,0.359375
PGD-l2,0.7,86.9140625,0.3,deepgini,400,86.5,86.9140625,0.4140625
PGD-l2,0.8,90.4296875,0.3,deepgini,400,89.75,90.4296875,0.6796875
PGD-l2,0.9,93.9453125,0.3,deepgini,400,93.5,93.9453125,0.4453125
PGD-l2,1.0,98.2421875,0.3,deepgini,400,97.75,98.2421875,0.4921875
PGD-l1,0.0,38.671875,0.1,entropy,400,39.0,38.671875,-0.328125
PGD-l1,0.1,44.7265625,0.1,entropy,400,44.75,44.7265625,-0.0234375
PGD-l1,0.2,49.609375,0.1,entropy,400,49.25,49.609375,0.359375
PGD-l1,0.3,54.8828125,0.1,entropy,400,55.25,54.8828125,-0.3671875
PGD-l1,0.4,61.328125,0.1,entropy,400,61.25000000000001,61.328125,0.0781249999999929
PGD-l1,0.5,77.9296875,0.1,entropy,400,67.5,77.9296875,10.4296875
PGD-l1,0.6,79.4921875,0.1,entropy,400,74.0,79.4921875,5.4921875
PGD-l1,0.7,86.1328125,0.1,entropy,400,81.25,86.1328125,4.8828125
PGD-l1,0.8,90.0390625,0.1,entropy,400,87.5,90.0390625,2.5390625
PGD-l1,0.9,93.9453125,0.1,entropy,400,92.25,93.9453125,1.6953125
PGD-l1,1.0,98.6328125,0.1,entropy,400,97.75,98.6328125,0.8828125
PGD-l1,0.0,53.515625,0.2,entropy,400,39.0,53.515625,14.515625
PGD-l1,0.1,44.7265625,0.2,entropy,400,44.75,44.7265625,-0.0234375
PGD-l1,0.2,49.609375,0.2,entropy,400,49.25,49.609375,0.359375
PGD-l1,0.3,54.8828125,0.2,entropy,400,55.25,54.8828125,-0.3671875
PGD-l1,0.4,61.328125,0.2,entropy,400,61.25000000000001,61.328125,0.0781249999999929
PGD-l1,0.5,77.9296875,0.2,entropy,400,67.5,77.9296875,10.4296875
PGD-l1,0.6,79.4921875,0.2,entropy,400,74.0,79.4921875,5.4921875
PGD-l1,0.7,86.1328125,0.2,entropy,400,81.25,86.1328125,4.8828125
PGD-l1,0.8,90.0390625,0.2,entropy,400,87.5,90.0390625,2.5390625
PGD-l1,0.9,93.9453125,0.2,entropy,400,92.25,93.9453125,1.6953125
PGD-l1,1.0,98.6328125,0.2,entropy,400,97.75,98.6328125,0.8828125
PGD-l1,0.0,53.515625,0.3,entropy,400,39.0,53.515625,14.515625
PGD-l1,0.1,44.7265625,0.3,entropy,400,44.75,44.7265625,-0.0234375
PGD-l1,0.2,49.609375,0.3,entropy,400,49.25,49.609375,0.359375
PGD-l1,0.3,54.8828125,0.3,entropy,400,55.25,54.8828125,-0.3671875
PGD-l1,0.4,61.328125,0.3,entropy,400,61.25000000000001,61.328125,0.0781249999999929
PGD-l1,0.5,77.9296875,0.3,entropy,400,67.5,77.9296875,10.4296875
PGD-l1,0.6,82.2265625,0.3,entropy,400,74.0,82.2265625,8.2265625
PGD-l1,0.7,86.1328125,0.3,entropy,400,81.25,86.1328125,4.8828125
PGD-l1,0.8,90.0390625,0.3,entropy,400,87.5,90.0390625,2.5390625
PGD-l1,0.9,93.9453125,0.3,entropy,400,92.25,93.9453125,1.6953125
PGD-l1,1.0,98.6328125,0.3,entropy,400,97.75,98.6328125,0.8828125
PGD-l1,0.0,62.6953125,0.1,deepgini,400,39.0,62.6953125,23.6953125
PGD-l1,0.1,66.015625,0.1,deepgini,400,44.75,66.015625,21.265625
PGD-l1,0.2,69.3359375,0.1,deepgini,400,49.25,69.3359375,20.0859375
PGD-l1,0.3,69.921875,0.1,deepgini,400,55.25,69.921875,14.671875
PGD-l1,0.4,72.8515625,0.1,deepgini,400,61.25000000000001,72.8515625,11.601562499999993
PGD-l1,0.5,77.1484375,0.1,deepgini,400,67.5,77.1484375,9.6484375
PGD-l1,0.6,81.4453125,0.1,deepgini,400,74.0,81.4453125,7.4453125
PGD-l1,0.7,85.3515625,0.1,deepgini,400,81.25,85.3515625,4.1015625
PGD-l1,0.8,88.8671875,0.1,deepgini,400,87.5,88.8671875,1.3671875
PGD-l1,0.9,93.1640625,0.1,deepgini,400,92.25,93.1640625,0.9140625
PGD-l1,1.0,97.8515625,0.1,deepgini,400,97.75,97.8515625,0.1015625
PGD-l1,0.0,63.0859375,0.2,deepgini,400,39.0,63.0859375,24.0859375
PGD-l1,0.1,68.5546875,0.2,deepgini,400,44.75,68.5546875,23.8046875
PGD-l1,0.2,70.8984375,0.2,deepgini,400,49.25,70.8984375,21.6484375
PGD-l1,0.3,73.4375,0.2,deepgini,400,55.25,73.4375,18.1875
PGD-l1,0.4,77.34375,0.2,deepgini,400,61.25000000000001,77.34375,16.093749999999993
PGD-l1,0.5,81.25,0.2,deepgini,400,67.5,81.25,13.75
PGD-l1,0.6,82.421875,0.2,deepgini,400,74.0,82.421875,8.421875
PGD-l1,0.7,87.109375,0.2,deepgini,400,81.25,87.109375,5.859375
PGD-l1,0.8,89.6484375,0.2,deepgini,400,87.5,89.6484375,2.1484375
PGD-l1,0.9,93.5546875,0.2,deepgini,400,92.25,93.5546875,1.3046875
PGD-l1,1.0,97.8515625,0.2,deepgini,400,97.75,97.8515625,0.1015625
PGD-l1,0.0,65.8203125,0.3,deepgini,400,39.0,65.8203125,26.8203125
PGD-l1,0.1,68.9453125,0.3,deepgini,400,44.75,68.9453125,24.1953125
PGD-l1,0.2,71.09375,0.3,deepgini,400,49.25,71.09375,21.84375
PGD-l1,0.3,73.4375,0.3,deepgini,400,55.25,73.4375,18.1875
PGD-l1,0.4,77.34375,0.3,deepgini,400,61.25000000000001,77.34375,16.093749999999993
PGD-l1,0.5,81.8359375,0.3,deepgini,400,67.5,81.8359375,14.3359375
PGD-l1,0.6,84.765625,0.3,deepgini,400,74.0,84.765625,10.765625
PGD-l1,0.7,89.2578125,0.3,deepgini,400,81.25,89.2578125,8.0078125
PGD-l1,0.8,91.796875,0.3,deepgini,400,87.5,91.796875,4.296875
PGD-l1,0.9,94.53125,0.3,deepgini,400,92.25,94.53125,2.28125
PGD-l1,1.0,98.2421875,0.3,deepgini,400,97.75,98.2421875,0.4921875
PGD-Adam,0.0,100.0,0.1,entropy,400,54.25,100.0,45.75
PGD-Adam,0.1,100.0,0.1,entropy,400,58.75,100.0,41.25
PGD-Adam,0.2,99.4140625,0.1,entropy,400,62.5,99.4140625,36.9140625
PGD-Adam,0.3,99.4140625,0.1,entropy,400,66.25,99.4140625,33.1640625
PGD-Adam,0.4,99.4140625,0.1,entropy,400,70.75,99.4140625,28.6640625
PGD-Adam,0.5,99.21875,0.1,entropy,400,76.0,99.21875,23.21875
PGD-Adam,0.6,99.21875,0.1,entropy,400,80.5,99.21875,18.71875
PGD-Adam,0.7,99.4140625,0.1,entropy,400,86.5,99.4140625,12.9140625
PGD-Adam,0.8,99.4140625,0.1,entropy,400,89.75,99.4140625,9.6640625
PGD-Adam,0.9,93.359375,0.1,entropy,400,93.5,93.359375,-0.140625
PGD-Adam,1.0,98.6328125,0.1,entropy,400,97.75,98.6328125,0.8828125
PGD-Adam,0.0,100.0,0.2,entropy,400,54.25,100.0,45.75
PGD-Adam,0.1,100.0,0.2,entropy,400,58.75,100.0,41.25
PGD-Adam,0.2,99.4140625,0.2,entropy,400,62.5,99.4140625,36.9140625
PGD-Adam,0.3,99.4140625,0.2,entropy,400,66.25,99.4140625,33.1640625
PGD-Adam,0.4,99.4140625,0.2,entropy,400,70.75,99.4140625,28.6640625
PGD-Adam,0.5,99.21875,0.2,entropy,400,76.0,99.21875,23.21875
PGD-Adam,0.6,99.21875,0.2,entropy,400,80.5,99.21875,18.71875
PGD-Adam,0.7,99.4140625,0.2,entropy,400,86.5,99.4140625,12.9140625
PGD-Adam,0.8,99.4140625,0.2,entropy,400,89.75,99.4140625,9.6640625
PGD-Adam,0.9,93.359375,0.2,entropy,400,93.5,93.359375,-0.140625
PGD-Adam,1.0,98.6328125,0.2,entropy,400,97.75,98.6328125,0.8828125
PGD-Adam,0.0,100.0,0.3,entropy,400,54.25,100.0,45.75
PGD-Adam,0.1,100.0,0.3,entropy,400,58.75,100.0,41.25
PGD-Adam,0.2,99.4140625,0.3,entropy,400,62.5,99.4140625,36.9140625
PGD-Adam,0.3,99.4140625,0.3,entropy,400,66.25,99.4140625,33.1640625
PGD-Adam,0.4,99.4140625,0.3,entropy,400,70.75,99.4140625,28.6640625
PGD-Adam,0.5,99.21875,0.3,entropy,400,76.0,99.21875,23.21875
PGD-Adam,0.6,99.21875,0.3,entropy,400,80.5,99.21875,18.71875
PGD-Adam,0.7,99.4140625,0.3,entropy,400,86.5,99.4140625,12.9140625
PGD-Adam,0.8,99.4140625,0.3,entropy,400,89.75,99.4140625,9.6640625
PGD-Adam,0.9,98.828125,0.3,entropy,400,93.5,98.828125,5.328125
PGD-Adam,1.0,98.6328125,0.3,entropy,400,97.75,98.6328125,0.8828125
PGD-Adam,0.0,100.0,0.1,deepgini,400,54.25,100.0,45.75
PGD-Adam,0.1,100.0,0.1,deepgini,400,58.75,100.0,41.25
PGD-Adam,0.2,99.4140625,0.1,deepgini,400,62.5,99.4140625,36.9140625
PGD-Adam,0.3,65.4296875,0.1,deepgini,400,66.25,65.4296875,-0.8203125
PGD-Adam,0.4,70.8984375,0.1,deepgini,400,70.75,70.8984375,0.1484375
PGD-Adam,0.5,76.3671875,0.1,deepgini,400,76.0,76.3671875,0.3671875
PGD-Adam,0.6,79.8828125,0.1,deepgini,400,80.5,79.8828125,-0.6171875
PGD-Adam,0.7,86.328125,0.1,deepgini,400,86.5,86.328125,-0.171875
PGD-Adam,0.8,89.84375,0.1,deepgini,400,89.75,89.84375,0.09375
PGD-Adam,0.9,93.359375,0.1,deepgini,400,93.5,93.359375,-0.140625
PGD-Adam,1.0,97.8515625,0.1,deepgini,400,97.75,97.8515625,0.1015625
PGD-Adam,0.0,100.0,0.2,deepgini,400,54.25,100.0,45.75
PGD-Adam,0.1,100.0,0.2,deepgini,400,58.75,100.0,41.25
PGD-Adam,0.2,99.4140625,0.2,deepgini,400,62.5,99.4140625,36.9140625
PGD-Adam,0.3,99.4140625,0.2,deepgini,400,66.25,99.4140625,33.1640625
PGD-Adam,0.4,99.609375,0.2,deepgini,400,70.75,99.609375,28.859375
PGD-Adam,0.5,76.5625,0.2,deepgini,400,76.0,76.5625,0.5625
PGD-Adam,0.6,80.6640625,0.2,deepgini,400,80.5,80.6640625,0.1640625
PGD-Adam,0.7,86.9140625,0.2,deepgini,400,86.5,86.9140625,0.4140625
PGD-Adam,0.8,90.234375,0.2,deepgini,400,89.75,90.234375,0.484375
PGD-Adam,0.9,93.5546875,0.2,deepgini,400,93.5,93.5546875,0.0546875
PGD-Adam,1.0,97.8515625,0.2,deepgini,400,97.75,97.8515625,0.1015625
PGD-Adam,0.0,100.0,0.3,deepgini,400,54.25,100.0,45.75
PGD-Adam,0.1,100.0,0.3,deepgini,400,58.75,100.0,41.25
PGD-Adam,0.2,99.4140625,0.3,deepgini,400,62.5,99.4140625,36.9140625
PGD-Adam,0.3,99.4140625,0.3,deepgini,400,66.25,99.4140625,33.1640625
PGD-Adam,0.4,99.609375,0.3,deepgini,400,70.75,99.609375,28.859375
PGD-Adam,0.5,76.5625,0.3,deepgini,400,76.0,76.5625,0.5625
PGD-Adam,0.6,80.859375,0.3,deepgini,400,80.5,80.859375,0.359375
PGD-Adam,0.7,86.9140625,0.3,deepgini,400,86.5,86.9140625,0.4140625
PGD-Adam,0.8,90.4296875,0.3,deepgini,400,89.75,90.4296875,0.6796875
PGD-Adam,0.9,93.9453125,0.3,deepgini,400,93.5,93.9453125,0.4453125
PGD-Adam,1.0,98.2421875,0.3,deepgini,400,97.75,98.2421875,0.4921875
GDKDE,0.0,28.90625,0.1,entropy,400,0.75,28.90625,28.15625
GDKDE,0.1,15.234375,0.1,entropy,400,10.75,15.234375,4.484375
GDKDE,0.2,20.5078125,0.1,entropy,400,19.75,20.5078125,0.7578125
GDKDE,0.3,30.078125,0.1,entropy,400,29.75,30.078125,0.328125
GDKDE,0.4,41.796875,0.1,entropy,400,39.0,41.796875,2.796875
GDKDE,0.5,51.171875,0.1,entropy,400,48.75,51.171875,2.421875
GDKDE,0.6,59.5703125,0.1,entropy,400,58.25,59.5703125,1.3203125
GDKDE,0.7,67.96875,0.1,entropy,400,68.5,67.96875,-0.53125
GDKDE,0.8,78.7109375,0.1,entropy,400,78.5,78.7109375,0.2109375
GDKDE,0.9,88.0859375,0.1,entropy,400,87.75,88.0859375,0.3359375
GDKDE,1.0,98.6328125,0.1,entropy,400,97.75,98.6328125,0.8828125
GDKDE,0.0,38.28125,0.2,entropy,400,0.75,38.28125,37.53125
GDKDE,0.1,40.625,0.2,entropy,400,10.75,40.625,29.875
GDKDE,0.2,36.328125,0.2,entropy,400,19.75,36.328125,16.578125
GDKDE,0.3,31.0546875,0.2,entropy,400,29.75,31.0546875,1.3046875
GDKDE,0.4,44.3359375,0.2,entropy,400,39.0,44.3359375,5.3359375
GDKDE,0.5,51.171875,0.2,entropy,400,48.75,51.171875,2.421875
GDKDE,0.6,59.5703125,0.2,entropy,400,58.25,59.5703125,1.3203125
GDKDE,0.7,69.3359375,0.2,entropy,400,68.5,69.3359375,0.8359375
GDKDE,0.8,78.7109375,0.2,entropy,400,78.5,78.7109375,0.2109375
GDKDE,0.9,88.671875,0.2,entropy,400,87.75,88.671875,0.921875
GDKDE,1.0,98.6328125,0.2,entropy,400,97.75,98.6328125,0.8828125
GDKDE,0.0,39.84375,0.3,entropy,400,0.75,39.84375,39.09375
GDKDE,0.1,44.921875,0.3,entropy,400,10.75,44.921875,34.171875
GDKDE,0.2,48.828125,0.3,entropy,400,19.75,48.828125,29.078125
GDKDE,0.3,50.5859375,0.3,entropy,400,29.75,50.5859375,20.8359375
GDKDE,0.4,49.609375,0.3,entropy,400,39.0,49.609375,10.609375
GDKDE,0.5,53.125,0.3,entropy,400,48.75,53.125,4.375
GDKDE,0.6,60.9375,0.3,entropy,400,58.25,60.9375,2.6875
GDKDE,0.7,69.3359375,0.3,entropy,400,68.5,69.3359375,0.8359375
GDKDE,0.8,78.7109375,0.3,entropy,400,78.5,78.7109375,0.2109375
GDKDE,0.9,88.671875,0.3,entropy,400,87.75,88.671875,0.921875
GDKDE,1.0,98.6328125,0.3,entropy,400,97.75,98.6328125,0.8828125
GDKDE,0.0,30.6640625,0.1,deepgini,400,0.75,30.6640625,29.9140625
GDKDE,0.1,33.0078125,0.1,deepgini,400,10.75,33.0078125,22.2578125
GDKDE,0.2,35.3515625,0.1,deepgini,400,19.75,35.3515625,15.6015625
GDKDE,0.3,36.1328125,0.1,deepgini,400,29.75,36.1328125,6.3828125
GDKDE,0.4,41.6015625,0.1,deepgini,400,39.0,41.6015625,2.6015625
GDKDE,0.5,51.171875,0.1,deepgini,400,48.75,51.171875,2.421875
GDKDE,0.6,58.59375,0.1,deepgini,400,58.25,58.59375,0.34375
GDKDE,0.7,68.1640625,0.1,deepgini,400,68.5,68.1640625,-0.3359375
GDKDE,0.8,78.90625,0.1,deepgini,400,78.5,78.90625,0.40625
GDKDE,0.9,88.0859375,0.1,deepgini,400,87.75,88.0859375,0.3359375
GDKDE,1.0,97.8515625,0.1,deepgini,400,97.75,97.8515625,0.1015625
GDKDE,0.0,38.4765625,0.2,deepgini,400,0.75,38.4765625,37.7265625
GDKDE,0.1,42.96875,0.2,deepgini,400,10.75,42.96875,32.21875
GDKDE,0.2,48.2421875,0.2,deepgini,400,19.75,48.2421875,28.4921875
GDKDE,0.3,52.34375,0.2,deepgini,400,29.75,52.34375,22.59375
GDKDE,0.4,55.46875,0.2,deepgini,400,39.0,55.46875,16.46875
GDKDE,0.5,59.375,0.2,deepgini,400,48.75,59.375,10.625
GDKDE,0.6,63.28125,0.2,deepgini,400,58.25,63.28125,5.03125
GDKDE,0.7,69.3359375,0.2,deepgini,400,68.5,69.3359375,0.8359375
GDKDE,0.8,79.296875,0.2,deepgini,400,78.5,79.296875,0.796875
GDKDE,0.9,88.4765625,0.2,deepgini,400,87.75,88.4765625,0.7265625
GDKDE,1.0,97.8515625,0.2,deepgini,400,97.75,97.8515625,0.1015625
GDKDE,0.0,40.0390625,0.3,deepgini,400,0.75,40.0390625,39.2890625
GDKDE,0.1,44.921875,0.3,deepgini,400,10.75,44.921875,34.171875
GDKDE,0.2,50.1953125,0.3,deepgini,400,19.75,50.1953125,30.4453125
GDKDE,0.3,55.6640625,0.3,deepgini,400,29.75,55.6640625,25.9140625
GDKDE,0.4,62.3046875,0.3,deepgini,400,39.0,62.3046875,23.3046875
GDKDE,0.5,67.578125,0.3,deepgini,400,48.75,67.578125,18.828125
GDKDE,0.6,72.65625,0.3,deepgini,400,58.25,72.65625,14.40625
GDKDE,0.7,80.078125,0.3,deepgini,400,68.5,80.078125,11.578125
GDKDE,0.8,85.15625,0.3,deepgini,400,78.5,85.15625,6.65625
GDKDE,0.9,89.453125,0.3,deepgini,400,87.75,89.453125,1.703125
GDKDE,1.0,98.2421875,0.3,deepgini,400,97.75,98.2421875,0.4921875
BCA_K,0.0,38.671875,0.1,entropy,400,39.0,38.671875,-0.328125
BCA_K,0.1,44.7265625,0.1,entropy,400,44.75,44.7265625,-0.0234375
BCA_K,0.2,49.609375,0.1,entropy,400,49.25,49.609375,0.359375
BCA_K,0.3,54.8828125,0.1,entropy,400,55.25,54.8828125,-0.3671875
BCA_K,0.4,61.328125,0.1,entropy,400,61.25000000000001,61.328125,0.0781249999999929
BCA_K,0.5,78.3203125,0.1,entropy,400,67.5,78.3203125,10.8203125
BCA_K,0.6,80.078125,0.1,entropy,400,74.0,80.078125,6.078125
BCA_K,0.7,86.1328125,0.1,entropy,400,81.25,86.1328125,4.8828125
BCA_K,0.8,90.0390625,0.1,entropy,400,87.5,90.0390625,2.5390625
BCA_K,0.9,93.9453125,0.1,entropy,400,92.25,93.9453125,1.6953125
BCA_K,1.0,98.6328125,0.1,entropy,400,97.75,98.6328125,0.8828125
BCA_K,0.0,54.296875,0.2,entropy,400,39.0,54.296875,15.296875
BCA_K,0.1,44.7265625,0.2,entropy,400,44.75,44.7265625,-0.0234375
BCA_K,0.2,49.609375,0.2,entropy,400,49.25,49.609375,0.359375
BCA_K,0.3,54.8828125,0.2,entropy,400,55.25,54.8828125,-0.3671875
BCA_K,0.4,61.328125,0.2,entropy,400,61.25000000000001,61.328125,0.0781249999999929
BCA_K,0.5,78.3203125,0.2,entropy,400,67.5,78.3203125,10.8203125
BCA_K,0.6,80.078125,0.2,entropy,400,74.0,80.078125,6.078125
BCA_K,0.7,86.1328125,0.2,entropy,400,81.25,86.1328125,4.8828125
BCA_K,0.8,90.0390625,0.2,entropy,400,87.5,90.0390625,2.5390625
BCA_K,0.9,93.9453125,0.2,entropy,400,92.25,93.9453125,1.6953125
BCA_K,1.0,98.6328125,0.2,entropy,400,97.75,98.6328125,0.8828125
BCA_K,0.0,54.296875,0.3,entropy,400,39.0,54.296875,15.296875
BCA_K,0.1,44.7265625,0.3,entropy,400,44.75,44.7265625,-0.0234375
BCA_K,0.2,49.609375,0.3,entropy,400,49.25,49.609375,0.359375
BCA_K,0.3,54.8828125,0.3,entropy,400,55.25,54.8828125,-0.3671875
BCA_K,0.4,70.3125,0.3,entropy,400,61.25000000000001,70.3125,9.062499999999993
BCA_K,0.5,78.3203125,0.3,entropy,400,67.5,78.3203125,10.8203125
BCA_K,0.6,82.6171875,0.3,entropy,400,74.0,82.6171875,8.6171875
BCA_K,0.7,86.1328125,0.3,entropy,400,81.25,86.1328125,4.8828125
BCA_K,0.8,90.0390625,0.3,entropy,400,87.5,90.0390625,2.5390625
BCA_K,0.9,93.9453125,0.3,entropy,400,92.25,93.9453125,1.6953125
BCA_K,1.0,98.6328125,0.3,entropy,400,97.75,98.6328125,0.8828125
BCA_K,0.0,62.890625,0.1,deepgini,400,39.0,62.890625,23.890625
BCA_K,0.1,66.9921875,0.1,deepgini,400,44.75,66.9921875,22.2421875
BCA_K,0.2,68.1640625,0.1,deepgini,400,49.25,68.1640625,18.9140625
BCA_K,0.3,69.921875,0.1,deepgini,400,55.25,69.921875,14.671875
BCA_K,0.4,73.4375,0.1,deepgini,400,61.25000000000001,73.4375,12.187499999999993
BCA_K,0.5,78.3203125,0.1,deepgini,400,67.5,78.3203125,10.8203125
BCA_K,0.6,82.6171875,0.1,deepgini,400,74.0,82.6171875,8.6171875
BCA_K,0.7,86.9140625,0.1,deepgini,400,81.25,86.9140625,5.6640625
BCA_K,0.8,90.625,0.1,deepgini,400,87.5,90.625,3.125
BCA_K,0.9,93.75,0.1,deepgini,400,92.25,93.75,1.5
BCA_K,1.0,97.8515625,0.1,deepgini,400,97.75,97.8515625,0.1015625
BCA_K,0.0,65.234375,0.2,deepgini,400,39.0,65.234375,26.234375
BCA_K,0.1,68.9453125,0.2,deepgini,400,44.75,68.9453125,24.1953125
BCA_K,0.2,71.2890625,0.2,deepgini,400,49.25,71.2890625,22.0390625
BCA_K,0.3,73.4375,0.2,deepgini,400,55.25,73.4375,18.1875
BCA_K,0.4,77.34375,0.2,deepgini,400,61.25000000000001,77.34375,16.093749999999993
BCA_K,0.5,81.640625,0.2,deepgini,400,67.5,81.640625,14.140625
BCA_K,0.6,83.0078125,0.2,deepgini,400,74.0,83.0078125,9.0078125
BCA_K,0.7,87.109375,0.2,deepgini,400,81.25,87.109375,5.859375
BCA_K,0.8,90.625,0.2,deepgini,400,87.5,90.625,3.125
BCA_K,0.9,94.140625,0.2,deepgini,400,92.25,94.140625,1.890625
BCA_K,1.0,97.8515625,0.2,deepgini,400,97.75,97.8515625,0.1015625
BCA_K,0.0,65.8203125,0.3,deepgini,400,39.0,65.8203125,26.8203125
BCA_K,0.1,69.3359375,0.3,deepgini,400,44.75,69.3359375,24.5859375
BCA_K,0.2,71.484375,0.3,deepgini,400,49.25,71.484375,22.234375
BCA_K,0.3,73.4375,0.3,deepgini,400,55.25,73.4375,18.1875
BCA_K,0.4,77.5390625,0.3,deepgini,400,61.25000000000001,77.5390625,16.289062499999993
BCA_K,0.5,82.03125,0.3,deepgini,400,67.5,82.03125,14.53125
BCA_K,0.6,85.15625,0.3,deepgini,400,74.0,85.15625,11.15625
BCA_K,0.7,89.2578125,0.3,deepgini,400,81.25,89.2578125,8.0078125
BCA_K,0.8,91.796875,0.3,deepgini,400,87.5,91.796875,4.296875
BCA_K,0.9,94.53125,0.3,deepgini,400,92.25,94.53125,2.28125
BCA_K,1.0,98.2421875,0.3,deepgini,400,97.75,98.2421875,0.4921875
BGA_K,0.0,40.234375,0.1,entropy,400,40.5,40.234375,-0.265625
BGA_K,0.1,48.6328125,0.1,entropy,400,46.25,48.6328125,2.3828125
BGA_K,0.2,52.5390625,0.1,entropy,400,50.5,52.5390625,2.0390625
BGA_K,0.3,56.0546875,0.1,entropy,400,56.49999999999999,56.0546875,-0.4453124999999929
BGA_K,0.4,64.84375,0.1,entropy,400,62.25000000000001,64.84375,2.593749999999993
BGA_K,0.5,69.921875,0.1,entropy,400,68.5,69.921875,1.421875
BGA_K,0.6,75.5859375,0.1,entropy,400,75.0,75.5859375,0.5859375
BGA_K,0.7,82.6171875,0.1,entropy,400,82.0,82.6171875,0.6171875
BGA_K,0.8,88.671875,0.1,entropy,400,88.0,88.671875,0.671875
BGA_K,0.9,93.1640625,0.1,entropy,400,92.5,93.1640625,0.6640625
BGA_K,1.0,98.6328125,0.1,entropy,400,97.75,98.6328125,0.8828125
BGA_K,0.0,43.1640625,0.2,entropy,400,40.5,43.1640625,2.6640625
BGA_K,0.1,48.6328125,0.2,entropy,400,46.25,48.6328125,2.3828125
BGA_K,0.2,52.5390625,0.2,entropy,400,50.5,52.5390625,2.0390625
BGA_K,0.3,58.0078125,0.2,entropy,400,56.49999999999999,58.0078125,1.507812500000007
BGA_K,0.4,64.84375,0.2,entropy,400,62.25000000000001,64.84375,2.593749999999993
BGA_K,0.5,69.921875,0.2,entropy,400,68.5,69.921875,1.421875
BGA_K,0.6,75.78125,0.2,entropy,400,75.0,75.78125,0.78125
BGA_K,0.7,82.6171875,0.2,entropy,400,82.0,82.6171875,0.6171875
BGA_K,0.8,88.671875,0.2,entropy,400,88.0,88.671875,0.671875
BGA_K,0.9,93.1640625,0.2,entropy,400,92.5,93.1640625,0.6640625
BGA_K,1.0,98.6328125,0.2,entropy,400,97.75,98.6328125,0.8828125
BGA_K,0.0,43.1640625,0.3,entropy,400,40.5,43.1640625,2.6640625
BGA_K,0.1,48.6328125,0.3,entropy,400,46.25,48.6328125,2.3828125
BGA_K,0.2,52.5390625,0.3,entropy,400,50.5,52.5390625,2.0390625
BGA_K,0.3,58.0078125,0.3,entropy,400,56.49999999999999,58.0078125,1.507812500000007
BGA_K,0.4,64.84375,0.3,entropy,400,62.25000000000001,64.84375,2.593749999999993
BGA_K,0.5,69.921875,0.3,entropy,400,68.5,69.921875,1.421875
BGA_K,0.6,76.171875,0.3,entropy,400,75.0,76.171875,1.171875
BGA_K,0.7,82.6171875,0.3,entropy,400,82.0,82.6171875,0.6171875
BGA_K,0.8,88.671875,0.3,entropy,400,88.0,88.671875,0.671875
BGA_K,0.9,93.1640625,0.3,entropy,400,92.5,93.1640625,0.6640625
BGA_K,1.0,98.6328125,0.3,entropy,400,97.75,98.6328125,0.8828125
BGA_K,0.0,40.234375,0.1,deepgini,400,40.5,40.234375,-0.265625
BGA_K,0.1,48.6328125,0.1,deepgini,400,46.25,48.6328125,2.3828125
BGA_K,0.2,50.78125,0.1,deepgini,400,50.5,50.78125,0.28125
BGA_K,0.3,56.0546875,0.1,deepgini,400,56.49999999999999,56.0546875,-0.4453124999999929
BGA_K,0.4,62.6953125,0.1,deepgini,400,62.25000000000001,62.6953125,0.4453124999999929
BGA_K,0.5,68.9453125,0.1,deepgini,400,68.5,68.9453125,0.4453125
BGA_K,0.6,74.4140625,0.1,deepgini,400,75.0,74.4140625,-0.5859375
BGA_K,0.7,81.640625,0.1,deepgini,400,82.0,81.640625,-0.359375
BGA_K,0.8,87.6953125,0.1,deepgini,400,88.0,87.6953125,-0.3046875
BGA_K,0.9,92.1875,0.1,deepgini,400,92.5,92.1875,-0.3125
BGA_K,1.0,97.8515625,0.1,deepgini,400,97.75,97.8515625,0.1015625
BGA_K,0.0,43.1640625,0.2,deepgini,400,40.5,43.1640625,2.6640625
BGA_K,0.1,48.6328125,0.2,deepgini,400,46.25,48.6328125,2.3828125
BGA_K,0.2,50.9765625,0.2,deepgini,400,50.5,50.9765625,0.4765625
BGA_K,0.3,57.421875,0.2,deepgini,400,56.49999999999999,57.421875,0.9218750000000071
BGA_K,0.4,63.0859375,0.2,deepgini,400,62.25000000000001,63.0859375,0.8359374999999929
BGA_K,0.5,69.3359375,0.2,deepgini,400,68.5,69.3359375,0.8359375
BGA_K,0.6,75.1953125,0.2,deepgini,400,75.0,75.1953125,0.1953125
BGA_K,0.7,82.2265625,0.2,deepgini,400,82.0,82.2265625,0.2265625
BGA_K,0.8,87.6953125,0.2,deepgini,400,88.0,87.6953125,-0.3046875
BGA_K,0.9,92.3828125,0.2,deepgini,400,92.5,92.3828125,-0.1171875
BGA_K,1.0,97.8515625,0.2,deepgini,400,97.75,97.8515625,0.1015625
BGA_K,0.0,43.1640625,0.3,deepgini,400,40.5,43.1640625,2.6640625
BGA_K,0.1,48.6328125,0.3,deepgini,400,46.25,48.6328125,2.3828125
BGA_K,0.2,53.3203125,0.3,deepgini,400,50.5,53.3203125,2.8203125
BGA_K,0.3,57.421875,0.3,deepgini,400,56.49999999999999,57.421875,0.9218750000000071
BGA_K,0.4,65.234375,0.3,deepgini,400,62.25000000000001,65.234375,2.984374999999993
BGA_K,0.5,69.3359375,0.3,deepgini,400,68.5,69.3359375,0.8359375
BGA_K,0.6,75.390625,0.3,deepgini,400,75.0,75.390625,0.390625
BGA_K,0.7,82.2265625,0.3,deepgini,400,82.0,82.2265625,0.2265625
BGA_K,0.8,88.28125,0.3,deepgini,400,88.0,88.28125,0.28125
BGA_K,0.9,92.7734375,0.3,deepgini,400,92.5,92.7734375,0.2734375
BGA_K,1.0,98.2421875,0.3,deepgini,400,97.75,98.2421875,0.4921875
GROSSE,0.0,38.28125,0.1,entropy,400,38.75,38.28125,-0.46875
GROSSE,0.1,44.3359375,0.1,entropy,400,44.5,44.3359375,-0.1640625
GROSSE,0.2,49.21875,0.1,entropy,400,49.0,49.21875,0.21875
GROSSE,0.3,54.4921875,0.1,entropy,400,55.00000000000001,54.4921875,-0.5078125000000071
GROSSE,0.4,60.9375,0.1,entropy,400,61.0,60.9375,-0.0625
GROSSE,0.5,78.7109375,0.1,entropy,400,67.25,78.7109375,11.4609375
GROSSE,0.6,80.2734375,0.1,entropy,400,73.75,80.2734375,6.5234375
GROSSE,0.7,85.9375,0.1,entropy,400,81.0,85.9375,4.9375
GROSSE,0.8,90.0390625,0.1,entropy,400,87.25,90.0390625,2.7890625
GROSSE,0.9,93.9453125,0.1,entropy,400,92.25,93.9453125,1.6953125
GROSSE,1.0,98.6328125,0.1,entropy,400,97.75,98.6328125,0.8828125
GROSSE,0.0,54.1015625,0.2,entropy,400,38.75,54.1015625,15.3515625
GROSSE,0.1,44.3359375,0.2,entropy,400,44.5,44.3359375,-0.1640625
GROSSE,0.2,49.21875,0.2,entropy,400,49.0,49.21875,0.21875
GROSSE,0.3,54.4921875,0.2,entropy,400,55.00000000000001,54.4921875,-0.5078125000000071
GROSSE,0.4,60.9375,0.2,entropy,400,61.0,60.9375,-0.0625
GROSSE,0.5,78.7109375,0.2,entropy,400,67.25,78.7109375,11.4609375
GROSSE,0.6,80.2734375,0.2,entropy,400,73.75,80.2734375,6.5234375
GROSSE,0.7,85.9375,0.2,entropy,400,81.0,85.9375,4.9375
GROSSE,0.8,90.0390625,0.2,entropy,400,87.25,90.0390625,2.7890625
GROSSE,0.9,93.9453125,0.2,entropy,400,92.25,93.9453125,1.6953125
GROSSE,1.0,98.6328125,0.2,entropy,400,97.75,98.6328125,0.8828125
GROSSE,0.0,54.1015625,0.3,entropy,400,38.75,54.1015625,15.3515625
GROSSE,0.1,44.3359375,0.3,entropy,400,44.5,44.3359375,-0.1640625
GROSSE,0.2,49.21875,0.3,entropy,400,49.0,49.21875,0.21875
GROSSE,0.3,54.4921875,0.3,entropy,400,55.00000000000001,54.4921875,-0.5078125000000071
GROSSE,0.4,70.3125,0.3,entropy,400,61.0,70.3125,9.3125
GROSSE,0.5,78.7109375,0.3,entropy,400,67.25,78.7109375,11.4609375
GROSSE,0.6,83.0078125,0.3,entropy,400,73.75,83.0078125,9.2578125
GROSSE,0.7,85.9375,0.3,entropy,400,81.0,85.9375,4.9375
GROSSE,0.8,90.0390625,0.3,entropy,400,87.25,90.0390625,2.7890625
GROSSE,0.9,93.9453125,0.3,entropy,400,92.25,93.9453125,1.6953125
GROSSE,1.0,98.6328125,0.3,entropy,400,97.75,98.6328125,0.8828125
GROSSE,0.0,62.3046875,0.1,deepgini,400,38.75,62.3046875,23.5546875
GROSSE,0.1,66.40625,0.1,deepgini,400,44.5,66.40625,21.90625
GROSSE,0.2,68.1640625,0.1,deepgini,400,49.0,68.1640625,19.1640625
GROSSE,0.3,69.3359375,0.1,deepgini,400,55.00000000000001,69.3359375,14.335937499999993
GROSSE,0.4,73.4375,0.1,deepgini,400,61.0,73.4375,12.4375
GROSSE,0.5,78.3203125,0.1,deepgini,400,67.25,78.3203125,11.0703125
GROSSE,0.6,82.8125,0.1,deepgini,400,73.75,82.8125,9.0625
GROSSE,0.7,86.71875,0.1,deepgini,400,81.0,86.71875,5.71875
GROSSE,0.8,90.625,0.1,deepgini,400,87.25,90.625,3.375
GROSSE,0.9,93.75,0.1,deepgini,400,92.25,93.75,1.5
GROSSE,1.0,97.8515625,0.1,deepgini,400,97.75,97.8515625,0.1015625
GROSSE,0.0,65.234375,0.2,deepgini,400,38.75,65.234375,26.484375
GROSSE,0.1,68.5546875,0.2,deepgini,400,44.5,68.5546875,24.0546875
GROSSE,0.2,71.09375,0.2,deepgini,400,49.0,71.09375,22.09375
GROSSE,0.3,73.2421875,0.2,deepgini,400,55.00000000000001,73.2421875,18.242187499999993
GROSSE,0.4,77.734375,0.2,deepgini,400,61.0,77.734375,16.734375
GROSSE,0.5,82.03125,0.2,deepgini,400,67.25,82.03125,14.78125
GROSSE,0.6,83.59375,0.2,deepgini,400,73.75,83.59375,9.84375
GROSSE,0.7,87.109375,0.2,deepgini,400,81.0,87.109375,6.109375
GROSSE,0.8,91.015625,0.2,deepgini,400,87.25,91.015625,3.765625
GROSSE,0.9,94.140625,0.2,deepgini,400,92.25,94.140625,1.890625
GROSSE,1.0,97.8515625,0.2,deepgini,400,97.75,97.8515625,0.1015625
GROSSE,0.0,66.015625,0.3,deepgini,400,38.75,66.015625,27.265625
GROSSE,0.1,69.53125,0.3,deepgini,400,44.5,69.53125,25.03125
GROSSE,0.2,71.6796875,0.3,deepgini,400,49.0,71.6796875,22.6796875
GROSSE,0.3,73.6328125,0.3,deepgini,400,55.00000000000001,73.6328125,18.632812499999993
GROSSE,0.4,77.734375,0.3,deepgini,400,61.0,77.734375,16.734375
GROSSE,0.5,82.03125,0.3,deepgini,400,67.25,82.03125,14.78125
GROSSE,0.6,85.15625,0.3,deepgini,400,73.75,85.15625,11.40625
GROSSE,0.7,89.2578125,0.3,deepgini,400,81.0,89.2578125,8.2578125
GROSSE,0.8,91.796875,0.3,deepgini,400,87.25,91.796875,4.546875
GROSSE,0.9,94.921875,0.3,deepgini,400,92.25,94.921875,2.671875
GROSSE,1.0,98.2421875,0.3,deepgini,400,97.75,98.2421875,0.4921875
JSMA,0.0,50.78125,0.1,entropy,400,52.0,50.78125,-1.21875
JSMA,0.1,55.859375,0.1,entropy,400,56.75,55.859375,-0.890625
JSMA,0.2,60.15625,0.1,entropy,400,60.75000000000001,60.15625,-0.5937500000000071
JSMA,0.3,63.671875,0.1,entropy,400,64.5,63.671875,-0.828125
JSMA,0.4,68.9453125,0.1,entropy,400,69.25,68.9453125,-0.3046875
JSMA,0.5,79.296875,0.1,entropy,400,74.5,79.296875,4.796875
JSMA,0.6,82.03125,0.1,entropy,400,79.0,82.03125,3.03125
JSMA,0.7,87.5,0.1,entropy,400,85.5,87.5,2.0
JSMA,0.8,91.2109375,0.1,entropy,400,89.25,91.2109375,1.9609375
JSMA,0.9,94.140625,0.1,entropy,400,93.0,94.140625,1.140625
JSMA,1.0,98.6328125,0.1,entropy,400,97.75,98.6328125,0.8828125
JSMA,0.0,57.6171875,0.2,entropy,400,52.0,57.6171875,5.6171875
JSMA,0.1,55.859375,0.2,entropy,400,56.75,55.859375,-0.890625
JSMA,0.2,60.15625,0.2,entropy,400,60.75000000000001,60.15625,-0.5937500000000071
JSMA,0.3,63.671875,0.2,entropy,400,64.5,63.671875,-0.828125
JSMA,0.4,68.9453125,0.2,entropy,400,69.25,68.9453125,-0.3046875
JSMA,0.5,79.296875,0.2,entropy,400,74.5,79.296875,4.796875
JSMA,0.6,82.03125,0.2,entropy,400,79.0,82.03125,3.03125
JSMA,0.7,87.5,0.2,entropy,400,85.5,87.5,2.0
JSMA,0.8,91.2109375,0.2,entropy,400,89.25,91.2109375,1.9609375
JSMA,0.9,94.140625,0.2,entropy,400,93.0,94.140625,1.140625
JSMA,1.0,98.6328125,0.2,entropy,400,97.75,98.6328125,0.8828125
JSMA,0.0,57.6171875,0.3,entropy,400,52.0,57.6171875,5.6171875
JSMA,0.1,55.859375,0.3,entropy,400,56.75,55.859375,-0.890625
JSMA,0.2,60.15625,0.3,entropy,400,60.75000000000001,60.15625,-0.5937500000000071
JSMA,0.3,63.671875,0.3,entropy,400,64.5,63.671875,-0.828125
JSMA,0.4,73.046875,0.3,entropy,400,69.25,73.046875,3.796875
JSMA,0.5,79.296875,0.3,entropy,400,74.5,79.296875,4.796875
JSMA,0.6,83.203125,0.3,entropy,400,79.0,83.203125,4.203125
JSMA,0.7,87.5,0.3,entropy,400,85.5,87.5,2.0
JSMA,0.8,91.2109375,0.3,entropy,400,89.25,91.2109375,1.9609375
JSMA,0.9,94.140625,0.3,entropy,400,93.0,94.140625,1.140625
JSMA,1.0,98.6328125,0.3,entropy,400,97.75,98.6328125,0.8828125
JSMA,0.0,65.234375,0.1,deepgini,400,52.0,65.234375,13.234375
JSMA,0.1,67.578125,0.1,deepgini,400,56.75,67.578125,10.828125
JSMA,0.2,69.7265625,0.1,deepgini,400,60.75000000000001,69.7265625,8.976562499999993
JSMA,0.3,70.8984375,0.1,deepgini,400,64.5,70.8984375,6.3984375
JSMA,0.4,75.5859375,0.1,deepgini,400,69.25,75.5859375,6.3359375
JSMA,0.5,79.1015625,0.1,deepgini,400,74.5,79.1015625,4.6015625
JSMA,0.6,83.0078125,0.1,deepgini,400,79.0,83.0078125,4.0078125
JSMA,0.7,87.890625,0.1,deepgini,400,85.5,87.890625,2.390625
JSMA,0.8,91.40625,0.1,deepgini,400,89.25,91.40625,2.15625
JSMA,0.9,92.96875,0.1,deepgini,400,93.0,92.96875,-0.03125
JSMA,1.0,97.8515625,0.1,deepgini,400,97.75,97.8515625,0.1015625
JSMA,0.0,65.234375,0.2,deepgini,400,52.0,65.234375,13.234375
JSMA,0.1,68.9453125,0.2,deepgini,400,56.75,68.9453125,12.1953125
JSMA,0.2,71.6796875,0.2,deepgini,400,60.75000000000001,71.6796875,10.929687499999993
JSMA,0.3,73.828125,0.2,deepgini,400,64.5,73.828125,9.328125
JSMA,0.4,77.734375,0.2,deepgini,400,69.25,77.734375,8.484375
JSMA,0.5,82.421875,0.2,deepgini,400,74.5,82.421875,7.921875
JSMA,0.6,83.984375,0.2,deepgini,400,79.0,83.984375,4.984375
JSMA,0.7,87.890625,0.2,deepgini,400,85.5,87.890625,2.390625
JSMA,0.8,91.40625,0.2,deepgini,400,89.25,91.40625,2.15625
JSMA,0.9,94.140625,0.2,deepgini,400,93.0,94.140625,1.140625
JSMA,1.0,97.8515625,0.2,deepgini,400,97.75,97.8515625,0.1015625
JSMA,0.0,66.40625,0.3,deepgini,400,52.0,66.40625,14.40625
JSMA,0.1,69.921875,0.3,deepgini,400,56.75,69.921875,13.171875
JSMA,0.2,72.0703125,0.3,deepgini,400,60.75000000000001,72.0703125,11.320312499999993
JSMA,0.3,73.828125,0.3,deepgini,400,64.5,73.828125,9.328125
JSMA,0.4,78.125,0.3,deepgini,400,69.25,78.125,8.875
JSMA,0.5,82.421875,0.3,deepgini,400,74.5,82.421875,7.921875
JSMA,0.6,85.546875,0.3,deepgini,400,79.0,85.546875,6.546875
JSMA,0.7,89.6484375,0.3,deepgini,400,85.5,89.6484375,4.1484375
JSMA,0.8,92.3828125,0.3,deepgini,400,89.25,92.3828125,3.1328125
JSMA,0.9,94.921875,0.3,deepgini,400,93.0,94.921875,1.921875
JSMA,1.0,98.2421875,0.3,deepgini,400,97.75,98.2421875,0.4921875
MAX,0.0,15.234375,0.1,entropy,400,0.75,15.234375,14.484375
MAX,0.1,24.4140625,0.1,entropy,400,10.75,24.4140625,13.6640625
MAX,0.2,33.203125,0.1,entropy,400,19.75,33.203125,13.453125
MAX,0.3,40.8203125,0.1,entropy,400,29.75,40.8203125,11.0703125
MAX,0.4,50.0,0.1,entropy,400,39.0,50.0,11.0
MAX,0.5,58.7890625,0.1,entropy,400,48.75,58.7890625,10.0390625
MAX,0.6,65.4296875,0.1,entropy,400,58.25,65.4296875,7.1796875
MAX,0.7,68.9453125,0.1,entropy,400,68.5,68.9453125,0.4453125
MAX,0.8,79.6875,0.1,entropy,400,78.5,79.6875,1.1875
MAX,0.9,90.4296875,0.1,entropy,400,87.75,90.4296875,2.6796875
MAX,1.0,98.6328125,0.1,entropy,400,97.75,98.6328125,0.8828125
MAX,0.0,15.4296875,0.2,entropy,400,0.75,15.4296875,14.6796875
MAX,0.1,24.4140625,0.2,entropy,400,10.75,24.4140625,13.6640625
MAX,0.2,33.203125,0.2,entropy,400,19.75,33.203125,13.453125
MAX,0.3,40.8203125,0.2,entropy,400,29.75,40.8203125,11.0703125
MAX,0.4,50.0,0.2,entropy,400,39.0,50.0,11.0
MAX,0.5,58.7890625,0.2,entropy,400,48.75,58.7890625,10.0390625
MAX,0.6,65.4296875,0.2,entropy,400,58.25,65.4296875,7.1796875
MAX,0.7,68.9453125,0.2,entropy,400,68.5,68.9453125,0.4453125
MAX,0.8,79.6875,0.2,entropy,400,78.5,79.6875,1.1875
MAX,0.9,90.4296875,0.2,entropy,400,87.75,90.4296875,2.6796875
MAX,1.0,98.6328125,0.2,entropy,400,97.75,98.6328125,0.8828125
MAX,0.0,15.4296875,0.3,entropy,400,0.75,15.4296875,14.6796875
MAX,0.1,24.4140625,0.3,entropy,400,10.75,24.4140625,13.6640625
MAX,0.2,33.203125,0.3,entropy,400,19.75,33.203125,13.453125
MAX,0.3,40.8203125,0.3,entropy,400,29.75,40.8203125,11.0703125
MAX,0.4,50.0,0.3,entropy,400,39.0,50.0,11.0
MAX,0.5,58.7890625,0.3,entropy,400,48.75,58.7890625,10.0390625
MAX,0.6,65.4296875,0.3,entropy,400,58.25,65.4296875,7.1796875
MAX,0.7,68.9453125,0.3,entropy,400,68.5,68.9453125,0.4453125
MAX,0.8,79.6875,0.3,entropy,400,78.5,79.6875,1.1875
MAX,0.9,90.4296875,0.3,entropy,400,87.75,90.4296875,2.6796875
MAX,1.0,98.6328125,0.3,entropy,400,97.75,98.6328125,0.8828125
MAX,0.0,15.234375,0.1,deepgini,400,0.75,15.234375,14.484375
MAX,0.1,24.4140625,0.1,deepgini,400,10.75,24.4140625,13.6640625
MAX,0.2,20.703125,0.1,deepgini,400,19.75,20.703125,0.953125
MAX,0.3,30.078125,0.1,deepgini,400,29.75,30.078125,0.328125
MAX,0.4,40.4296875,0.1,deepgini,400,39.0,40.4296875,1.4296875
MAX,0.5,50.1953125,0.1,deepgini,400,48.75,50.1953125,1.4453125
MAX,0.6,57.8125,0.1,deepgini,400,58.25,57.8125,-0.4375
MAX,0.7,67.96875,0.1,deepgini,400,68.5,67.96875,-0.53125
MAX,0.8,78.7109375,0.1,deepgini,400,78.5,78.7109375,0.2109375
MAX,0.9,88.0859375,0.1,deepgini,400,87.75,88.0859375,0.3359375
MAX,1.0,97.8515625,0.1,deepgini,400,97.75,97.8515625,0.1015625
MAX,0.0,15.4296875,0.2,deepgini,400,0.75,15.4296875,14.6796875
MAX,0.1,24.4140625,0.2,deepgini,400,10.75,24.4140625,13.6640625
MAX,0.2,33.203125,0.2,deepgini,400,19.75,33.203125,13.453125
MAX,0.3,40.8203125,0.2,deepgini,400,29.75,40.8203125,11.0703125
MAX,0.4,50.390625,0.2,deepgini,400,39.0,50.390625,11.390625
MAX,0.5,50.390625,0.2,deepgini,400,48.75,50.390625,1.640625
MAX,0.6,58.59375,0.2,deepgini,400,58.25,58.59375,0.34375
MAX,0.7,68.5546875,0.2,deepgini,400,68.5,68.5546875,0.0546875
MAX,0.8,79.1015625,0.2,deepgini,400,78.5,79.1015625,0.6015625
MAX,0.9,88.28125,0.2,deepgini,400,87.75,88.28125,0.53125
MAX,1.0,97.8515625,0.2,deepgini,400,97.75,97.8515625,0.1015625
MAX,0.0,15.4296875,0.3,deepgini,400,0.75,15.4296875,14.6796875
MAX,0.1,24.4140625,0.3,deepgini,400,10.75,24.4140625,13.6640625
MAX,0.2,33.203125,0.3,deepgini,400,19.75,33.203125,13.453125
MAX,0.3,40.8203125,0.3,deepgini,400,29.75,40.8203125,11.0703125
MAX,0.4,50.390625,0.3,deepgini,400,39.0,50.390625,11.390625
MAX,0.5,50.390625,0.3,deepgini,400,48.75,50.390625,1.640625
MAX,0.6,58.7890625,0.3,deepgini,400,58.25,58.7890625,0.5390625
MAX,0.7,68.5546875,0.3,deepgini,400,68.5,68.5546875,0.0546875
MAX,0.8,79.296875,0.3,deepgini,400,78.5,79.296875,0.796875
MAX,0.9,88.671875,0.3,deepgini,400,87.75,88.671875,0.921875
MAX,1.0,98.2421875,0.3,deepgini,400,97.75,98.2421875,0.4921875
MIMICRY,0.0,15.4296875,0.1,entropy,400,0.0,15.4296875,15.4296875
MIMICRY,0.1,21.2890625,0.1,entropy,400,10.0,21.2890625,11.2890625
MIMICRY,0.2,33.0078125,0.1,entropy,400,19.25,33.0078125,13.7578125
MIMICRY,0.3,38.28125,0.1,entropy,400,29.5,38.28125,8.78125
MIMICRY,0.4,49.609375,0.1,entropy,400,38.75,49.609375,10.859375
MIMICRY,0.5,54.296875,0.1,entropy,400,48.5,54.296875,5.796875
MIMICRY,0.6,64.453125,0.1,entropy,400,58.25,64.453125,6.203125
MIMICRY,0.7,67.96875,0.1,entropy,400,68.5,67.96875,-0.53125
MIMICRY,0.8,78.7109375,0.1,entropy,400,78.5,78.7109375,0.2109375
MIMICRY,0.9,88.0859375,0.1,entropy,400,87.75,88.0859375,0.3359375
MIMICRY,1.0,98.6328125,0.1,entropy,400,97.75,98.6328125,0.8828125
MIMICRY,0.0,16.6015625,0.2,entropy,400,0.0,16.6015625,16.6015625
MIMICRY,0.1,23.2421875,0.2,entropy,400,10.0,23.2421875,13.2421875
MIMICRY,0.2,38.28125,0.2,entropy,400,19.25,38.28125,19.03125
MIMICRY,0.3,41.9921875,0.2,entropy,400,29.5,41.9921875,12.4921875
MIMICRY,0.4,52.5390625,0.2,entropy,400,38.75,52.5390625,13.7890625
MIMICRY,0.5,59.5703125,0.2,entropy,400,48.5,59.5703125,11.0703125
MIMICRY,0.6,64.453125,0.2,entropy,400,58.25,64.453125,6.203125
MIMICRY,0.7,69.3359375,0.2,entropy,400,68.5,69.3359375,0.8359375
MIMICRY,0.8,78.7109375,0.2,entropy,400,78.5,78.7109375,0.2109375
MIMICRY,0.9,88.8671875,0.2,entropy,400,87.75,88.8671875,1.1171875
MIMICRY,1.0,98.6328125,0.2,entropy,400,97.75,98.6328125,0.8828125
MIMICRY,0.0,19.921875,0.3,entropy,400,0.0,19.921875,19.921875
MIMICRY,0.1,27.34375,0.3,entropy,400,10.0,27.34375,17.34375
MIMICRY,0.2,38.28125,0.3,entropy,400,19.25,38.28125,19.03125
MIMICRY,0.3,45.1171875,0.3,entropy,400,29.5,45.1171875,15.6171875
MIMICRY,0.4,55.6640625,0.3,entropy,400,38.75,55.6640625,16.9140625
MIMICRY,0.5,59.765625,0.3,entropy,400,48.5,59.765625,11.265625
MIMICRY,0.6,65.234375,0.3,entropy,400,58.25,65.234375,6.984375
MIMICRY,0.7,69.3359375,0.3,entropy,400,68.5,69.3359375,0.8359375
MIMICRY,0.8,79.6875,0.3,entropy,400,78.5,79.6875,1.1875
MIMICRY,0.9,89.6484375,0.3,entropy,400,87.75,89.6484375,1.8984375
MIMICRY,1.0,98.6328125,0.3,entropy,400,97.75,98.6328125,0.8828125
MIMICRY,0.0,15.4296875,0.1,deepgini,400,0.0,15.4296875,15.4296875
MIMICRY,0.1,23.2421875,0.1,deepgini,400,10.0,23.2421875,13.2421875
MIMICRY,0.2,30.46875,0.1,deepgini,400,19.25,30.46875,11.21875
MIMICRY,0.3,35.9375,0.1,deepgini,400,29.5,35.9375,6.4375
MIMICRY,0.4,41.9921875,0.1,deepgini,400,38.75,41.9921875,3.2421875
MIMICRY,0.5,50.5859375,0.1,deepgini,400,48.5,50.5859375,2.0859375
MIMICRY,0.6,58.203125,0.1,deepgini,400,58.25,58.203125,-0.046875
MIMICRY,0.7,68.9453125,0.1,deepgini,400,68.5,68.9453125,0.4453125
MIMICRY,0.8,79.4921875,0.1,deepgini,400,78.5,79.4921875,0.9921875
MIMICRY,0.9,88.0859375,0.1,deepgini,400,87.75,88.0859375,0.3359375
MIMICRY,1.0,97.8515625,0.1,deepgini,400,97.75,97.8515625,0.1015625
MIMICRY,0.0,16.6015625,0.2,deepgini,400,0.0,16.6015625,16.6015625
MIMICRY,0.1,25.390625,0.2,deepgini,400,10.0,25.390625,15.390625
MIMICRY,0.2,30.6640625,0.2,deepgini,400,19.25,30.6640625,11.4140625
MIMICRY,0.3,40.4296875,0.2,deepgini,400,29.5,40.4296875,10.9296875
MIMICRY,0.4,49.4140625,0.2,deepgini,400,38.75,49.4140625,10.6640625
MIMICRY,0.5,56.8359375,0.2,deepgini,400,48.5,56.8359375,8.3359375
MIMICRY,0.6,61.5234375,0.2,deepgini,400,58.25,61.5234375,3.2734375
MIMICRY,0.7,69.140625,0.2,deepgini,400,68.5,69.140625,0.640625
MIMICRY,0.8,79.4921875,0.2,deepgini,400,78.5,79.4921875,0.9921875
MIMICRY,0.9,88.4765625,0.2,deepgini,400,87.75,88.4765625,0.7265625
MIMICRY,1.0,97.8515625,0.2,deepgini,400,97.75,97.8515625,0.1015625
MIMICRY,0.0,19.921875,0.3,deepgini,400,0.0,19.921875,19.921875
MIMICRY,0.1,27.34375,0.3,deepgini,400,10.0,27.34375,17.34375
MIMICRY,0.2,35.15625,0.3,deepgini,400,19.25,35.15625,15.90625
MIMICRY,0.3,43.5546875,0.3,deepgini,400,29.5,43.5546875,14.0546875
MIMICRY,0.4,52.34375,0.3,deepgini,400,38.75,52.34375,13.59375
MIMICRY,0.5,59.765625,0.3,deepgini,400,48.5,59.765625,11.265625
MIMICRY,0.6,66.40625,0.3,deepgini,400,58.25,66.40625,8.15625
MIMICRY,0.7,73.2421875,0.3,deepgini,400,68.5,73.2421875,4.7421875
MIMICRY,0.8,80.859375,0.3,deepgini,400,78.5,80.859375,2.359375
MIMICRY,0.9,89.2578125,0.3,deepgini,400,87.75,89.2578125,1.5078125
MIMICRY,1.0,98.2421875,0.3,deepgini,400,97.75,98.2421875,0.4921875
POINTWISE,0.0,98.828125,0.1,entropy,400,0.0,98.828125,98.828125
POINTWISE,0.1,98.828125,0.1,entropy,400,10.0,98.828125,88.828125
POINTWISE,0.2,93.75,0.1,entropy,400,19.25,93.75,74.5
POINTWISE,0.3,29.8828125,0.1,entropy,400,29.5,29.8828125,0.3828125
POINTWISE,0.4,95.703125,0.1,entropy,400,38.75,95.703125,56.953125
POINTWISE,0.5,98.4375,0.1,entropy,400,48.5,98.4375,49.9375
POINTWISE,0.6,96.484375,0.1,entropy,400,58.25,96.484375,38.234375
POINTWISE,0.7,98.828125,0.1,entropy,400,68.5,98.828125,30.328125
POINTWISE,0.8,78.7109375,0.1,entropy,400,78.5,78.7109375,0.2109375
POINTWISE,0.9,88.0859375,0.1,entropy,400,87.75,88.0859375,0.3359375
POINTWISE,1.0,98.6328125,0.1,entropy,400,97.75,98.6328125,0.8828125
POINTWISE,0.0,98.828125,0.2,entropy,400,0.0,98.828125,98.828125
POINTWISE,0.1,98.828125,0.2,entropy,400,10.0,98.828125,88.828125
POINTWISE,0.2,94.7265625,0.2,entropy,400,19.25,94.7265625,75.4765625
POINTWISE,0.3,95.1171875,0.2,entropy,400,29.5,95.1171875,65.6171875
POINTWISE,0.4,98.4375,0.2,entropy,400,38.75,98.4375,59.6875
POINTWISE,0.5,98.4375,0.2,entropy,400,48.5,98.4375,49.9375
POINTWISE,0.6,96.484375,0.2,entropy,400,58.25,96.484375,38.234375
POINTWISE,0.7,98.828125,0.2,entropy,400,68.5,98.828125,30.328125
POINTWISE,0.8,78.7109375,0.2,entropy,400,78.5,78.7109375,0.2109375
POINTWISE,0.9,97.8515625,0.2,entropy,400,87.75,97.8515625,10.1015625
POINTWISE,1.0,98.6328125,0.2,entropy,400,97.75,98.6328125,0.8828125
POINTWISE,0.0,98.828125,0.3,entropy,400,0.0,98.828125,98.828125
POINTWISE,0.1,98.828125,0.3,entropy,400,10.0,98.828125,88.828125
POINTWISE,0.2,98.046875,0.3,entropy,400,19.25,98.046875,78.796875
POINTWISE,0.3,98.046875,0.3,entropy,400,29.5,98.046875,68.546875
POINTWISE,0.4,98.4375,0.3,entropy,400,38.75,98.4375,59.6875
POINTWISE,0.5,98.6328125,0.3,entropy,400,48.5,98.6328125,50.1328125
POINTWISE,0.6,98.828125,0.3,entropy,400,58.25,98.828125,40.578125
POINTWISE,0.7,99.21875,0.3,entropy,400,68.5,99.21875,30.71875
POINTWISE,0.8,97.4609375,0.3,entropy,400,78.5,97.4609375,18.9609375
POINTWISE,0.9,97.8515625,0.3,entropy,400,87.75,97.8515625,10.1015625
POINTWISE,1.0,98.6328125,0.3,entropy,400,97.75,98.6328125,0.8828125
POINTWISE,0.0,94.7265625,0.1,deepgini,400,0.0,94.7265625,94.7265625
POINTWISE,0.1,94.7265625,0.1,deepgini,400,10.0,94.7265625,84.7265625
POINTWISE,0.2,94.7265625,0.1,deepgini,400,19.25,94.7265625,75.4765625
POINTWISE,0.3,95.1171875,0.1,deepgini,400,29.5,95.1171875,65.6171875
POINTWISE,0.4,96.875,0.1,deepgini,400,38.75,96.875,58.125
POINTWISE,0.5,98.046875,0.1,deepgini,400,48.5,98.046875,49.546875
POINTWISE,0.6,97.8515625,0.1,deepgini,400,58.25,97.8515625,39.6015625
POINTWISE,0.7,98.2421875,0.1,deepgini,400,68.5,98.2421875,29.7421875
POINTWISE,0.8,97.265625,0.1,deepgini,400,78.5,97.265625,18.765625
POINTWISE,0.9,98.046875,0.1,deepgini,400,87.75,98.046875,10.296875
POINTWISE,1.0,97.8515625,0.1,deepgini,400,97.75,97.8515625,0.1015625
POINTWISE,0.0,98.046875,0.2,deepgini,400,0.0,98.046875,98.046875
POINTWISE,0.1,98.046875,0.2,deepgini,400,10.0,98.046875,88.046875
POINTWISE,0.2,98.046875,0.2,deepgini,400,19.25,98.046875,78.796875
POINTWISE,0.3,98.046875,0.2,deepgini,400,29.5,98.046875,68.546875
POINTWISE,0.4,98.046875,0.2,deepgini,400,38.75,98.046875,59.296875
POINTWISE,0.5,98.2421875,0.2,deepgini,400,48.5,98.2421875,49.7421875
POINTWISE,0.6,98.046875,0.2,deepgini,400,58.25,98.046875,39.796875
POINTWISE,0.7,98.4375,0.2,deepgini,400,68.5,98.4375,29.9375
POINTWISE,0.8,98.6328125,0.2,deepgini,400,78.5,98.6328125,20.1328125
POINTWISE,0.9,98.046875,0.2,deepgini,400,87.75,98.046875,10.296875
POINTWISE,1.0,97.8515625,0.2,deepgini,400,97.75,97.8515625,0.1015625
POINTWISE,0.0,98.2421875,0.3,deepgini,400,0.0,98.2421875,98.2421875
POINTWISE,0.1,98.4375,0.3,deepgini,400,10.0,98.4375,88.4375
POINTWISE,0.2,98.2421875,0.3,deepgini,400,19.25,98.2421875,78.9921875
POINTWISE,0.3,98.046875,0.3,deepgini,400,29.5,98.046875,68.546875
POINTWISE,0.4,98.2421875,0.3,deepgini,400,38.75,98.2421875,59.4921875
POINTWISE,0.5,98.4375,0.3,deepgini,400,48.5,98.4375,49.9375
POINTWISE,0.6,98.2421875,0.3,deepgini,400,58.25,98.2421875,39.9921875
POINTWISE,0.7,98.4375,0.3,deepgini,400,68.5,98.4375,29.9375
POINTWISE,0.8,98.6328125,0.3,deepgini,400,78.5,98.6328125,20.1328125
POINTWISE,0.9,98.4375,0.3,deepgini,400,87.75,98.4375,10.6875
POINTWISE,1.0,98.2421875,0.3,deepgini,400,97.75,98.2421875,0.4921875
