selection_metric,ood,epochs,id_ratio,budget,original_acc,retrain_acc,acc_improvement
entropy,ad2018,25,0.0,0.01,92.85,93.9697265625,1.1197265625000057
entropy,ad2018,25,0.1,0.01,93.10000000000001,94.5556640625,1.4556640624999915
entropy,ad2018,25,0.2,0.01,93.375,94.9462890625,1.5712890625
entropy,ad2018,25,0.3,0.01,93.55,94.9462890625,1.3962890625000028
entropy,ad2018,25,0.4,0.01,93.77499999999999,94.8974609375,1.1224609375000085
entropy,ad2018,25,0.5,0.01,94.425,95.3125,0.8875000000000028
entropy,ad2018,25,0.6,0.01,95.25,95.8740234375,0.6240234375
entropy,ad2018,25,0.7,0.01,96.65,97.3388671875,0.6888671874999943
entropy,ad2018,25,0.8,0.01,97.65,98.0224609375,0.3724609374999943
entropy,ad2018,25,0.9,0.01,98.575,98.6328125,0.05781249999999716
entropy,ad2018,30,0.0,0.01,92.85,94.0673828125,1.2173828125000057
entropy,ad2018,30,0.1,0.01,93.10000000000001,94.5556640625,1.4556640624999915
entropy,ad2018,30,0.2,0.01,93.375,94.970703125,1.595703125
entropy,ad2018,30,0.3,0.01,93.55,94.9951171875,1.4451171875000028
entropy,ad2018,30,0.4,0.01,93.77499999999999,94.921875,1.1468750000000085
entropy,ad2018,30,0.5,0.01,94.425,95.3125,0.8875000000000028
entropy,ad2018,30,0.6,0.01,95.25,95.8984375,0.6484375
entropy,ad2018,30,0.7,0.01,96.65,97.36328125,0.7132812499999943
entropy,ad2018,30,0.8,0.01,97.65,98.0224609375,0.3724609374999943
entropy,ad2018,30,0.9,0.01,98.575,98.6328125,0.05781249999999716
entropy,ad2018,25,0.0,0.03,92.85,94.23828125,1.3882812500000057
entropy,ad2018,25,0.1,0.03,93.10000000000001,94.7021484375,1.6021484374999915
entropy,ad2018,25,0.2,0.03,93.375,95.0439453125,1.6689453125
entropy,ad2018,25,0.3,0.03,93.55,95.0439453125,1.4939453125000028
entropy,ad2018,25,0.4,0.03,93.77499999999999,94.8974609375,1.1224609375000085
entropy,ad2018,25,0.5,0.03,94.425,95.0927734375,0.6677734375000028
entropy,ad2018,25,0.6,0.03,95.25,96.0205078125,0.7705078125
entropy,ad2018,25,0.7,0.03,96.65,97.3388671875,0.6888671874999943
entropy,ad2018,25,0.8,0.03,97.65,98.0224609375,0.3724609374999943
entropy,ad2018,25,0.9,0.03,98.575,98.6328125,0.05781249999999716
entropy,ad2018,30,0.0,0.03,92.85,94.384765625,1.5347656250000057
entropy,ad2018,30,0.1,0.03,93.10000000000001,94.8486328125,1.7486328124999915
entropy,ad2018,30,0.2,0.03,93.375,95.166015625,1.791015625
entropy,ad2018,30,0.3,0.03,93.55,95.068359375,1.5183593750000028
entropy,ad2018,30,0.4,0.03,93.77499999999999,95.1904296875,1.4154296875000085
entropy,ad2018,30,0.5,0.03,94.425,95.0927734375,0.6677734375000028
entropy,ad2018,30,0.6,0.03,95.25,96.0205078125,0.7705078125
entropy,ad2018,30,0.7,0.03,96.65,97.36328125,0.7132812499999943
entropy,ad2018,30,0.8,0.03,97.65,98.0224609375,0.3724609374999943
entropy,ad2018,30,0.9,0.03,98.575,98.6328125,0.05781249999999716
entropy,ad2018,25,0.0,0.05,92.85,95.0439453125,2.1939453125000057
entropy,ad2018,25,0.1,0.05,93.10000000000001,95.458984375,2.3589843749999915
entropy,ad2018,25,0.2,0.05,93.375,95.166015625,1.791015625
entropy,ad2018,25,0.3,0.05,93.55,95.21484375,1.6648437500000028
entropy,ad2018,25,0.4,0.05,93.77499999999999,95.0439453125,1.2689453125000085
entropy,ad2018,25,0.5,0.05,94.425,95.5810546875,1.1560546875000028
entropy,ad2018,25,0.6,0.05,95.25,96.2158203125,0.9658203125
entropy,ad2018,25,0.7,0.05,96.65,97.4609375,0.8109374999999943
entropy,ad2018,25,0.8,0.05,97.65,98.095703125,0.4457031249999943
entropy,ad2018,25,0.9,0.05,98.575,98.583984375,0.008984374999997158
entropy,ad2018,30,0.0,0.05,92.85,95.0439453125,2.1939453125000057
entropy,ad2018,30,0.1,0.05,93.10000000000001,95.5322265625,2.4322265624999915
entropy,ad2018,30,0.2,0.05,93.375,95.166015625,1.791015625
entropy,ad2018,30,0.3,0.05,93.55,95.21484375,1.6648437500000028
entropy,ad2018,30,0.4,0.05,93.77499999999999,95.068359375,1.2933593750000085
entropy,ad2018,30,0.5,0.05,94.425,95.5810546875,1.1560546875000028
entropy,ad2018,30,0.6,0.05,95.25,96.2158203125,0.9658203125
entropy,ad2018,30,0.7,0.05,96.65,97.4853515625,0.8353515624999943
entropy,ad2018,30,0.8,0.05,97.65,98.095703125,0.4457031249999943
entropy,ad2018,30,0.9,0.05,98.575,98.583984375,0.008984374999997158
entropy,ad2018,25,0.0,0.1,92.85,95.80078125,2.9507812500000057
entropy,ad2018,25,0.1,0.1,93.10000000000001,96.2158203125,3.1158203124999915
entropy,ad2018,25,0.2,0.1,93.375,96.1669921875,2.7919921875
entropy,ad2018,25,0.3,0.1,93.55,96.0205078125,2.470507812500003
entropy,ad2018,25,0.4,0.1,93.77499999999999,96.435546875,2.6605468750000085
entropy,ad2018,25,0.5,0.1,94.425,96.2158203125,1.7908203125000028
entropy,ad2018,25,0.6,0.1,95.25,96.826171875,1.576171875
entropy,ad2018,25,0.7,0.1,96.65,97.4853515625,0.8353515624999943
entropy,ad2018,25,0.8,0.1,97.65,98.2177734375,0.5677734374999943
entropy,ad2018,25,0.9,0.1,98.575,98.6328125,0.05781249999999716
entropy,ad2018,30,0.0,0.1,92.85,95.8251953125,2.9751953125000057
entropy,ad2018,30,0.1,0.1,93.10000000000001,96.2158203125,3.1158203124999915
entropy,ad2018,30,0.2,0.1,93.375,96.1669921875,2.7919921875
entropy,ad2018,30,0.3,0.1,93.55,96.0205078125,2.470507812500003
entropy,ad2018,30,0.4,0.1,93.77499999999999,96.435546875,2.6605468750000085
entropy,ad2018,30,0.5,0.1,94.425,96.2158203125,1.7908203125000028
entropy,ad2018,30,0.6,0.1,95.25,97.119140625,1.869140625
entropy,ad2018,30,0.7,0.1,96.65,97.4853515625,0.8353515624999943
entropy,ad2018,30,0.8,0.1,97.65,98.2177734375,0.5677734374999943
entropy,ad2018,30,0.9,0.1,98.575,98.6572265625,0.08222656249999716
deepgini,ad2018,25,0.0,0.01,92.85,93.9697265625,1.1197265625000057
deepgini,ad2018,25,0.1,0.01,93.10000000000001,94.5556640625,1.4556640624999915
deepgini,ad2018,25,0.2,0.01,93.375,94.9462890625,1.5712890625
deepgini,ad2018,25,0.3,0.01,93.55,94.9462890625,1.3962890625000028
deepgini,ad2018,25,0.4,0.01,93.77499999999999,94.8974609375,1.1224609375000085
deepgini,ad2018,25,0.5,0.01,94.425,95.3125,0.8875000000000028
deepgini,ad2018,25,0.6,0.01,95.25,95.8740234375,0.6240234375
deepgini,ad2018,25,0.7,0.01,96.65,97.3388671875,0.6888671874999943
deepgini,ad2018,25,0.8,0.01,97.65,98.0224609375,0.3724609374999943
deepgini,ad2018,25,0.9,0.01,98.575,98.6328125,0.05781249999999716
deepgini,ad2018,30,0.0,0.01,92.85,94.0673828125,1.2173828125000057
deepgini,ad2018,30,0.1,0.01,93.10000000000001,94.5556640625,1.4556640624999915
deepgini,ad2018,30,0.2,0.01,93.375,94.9462890625,1.5712890625
deepgini,ad2018,30,0.3,0.01,93.55,94.9951171875,1.4451171875000028
deepgini,ad2018,30,0.4,0.01,93.77499999999999,94.921875,1.1468750000000085
deepgini,ad2018,30,0.5,0.01,94.425,95.3125,0.8875000000000028
deepgini,ad2018,30,0.6,0.01,95.25,95.8984375,0.6484375
deepgini,ad2018,30,0.7,0.01,96.65,97.36328125,0.7132812499999943
deepgini,ad2018,30,0.8,0.01,97.65,98.0224609375,0.3724609374999943
deepgini,ad2018,30,0.9,0.01,98.575,98.6328125,0.05781249999999716
deepgini,ad2018,25,0.0,0.03,92.85,94.23828125,1.3882812500000057
deepgini,ad2018,25,0.1,0.03,93.10000000000001,94.7021484375,1.6021484374999915
deepgini,ad2018,25,0.2,0.03,93.375,95.0439453125,1.6689453125
deepgini,ad2018,25,0.3,0.03,93.55,94.9462890625,1.3962890625000028
deepgini,ad2018,25,0.4,0.03,93.77499999999999,94.8974609375,1.1224609375000085
deepgini,ad2018,25,0.5,0.03,94.425,95.0927734375,0.6677734375000028
deepgini,ad2018,25,0.6,0.03,95.25,96.0205078125,0.7705078125
deepgini,ad2018,25,0.7,0.03,96.65,97.3388671875,0.6888671874999943
deepgini,ad2018,25,0.8,0.03,97.65,98.0224609375,0.3724609374999943
deepgini,ad2018,25,0.9,0.03,98.575,98.6328125,0.05781249999999716
deepgini,ad2018,30,0.0,0.03,92.85,94.384765625,1.5347656250000057
deepgini,ad2018,30,0.1,0.03,93.10000000000001,94.8486328125,1.7486328124999915
deepgini,ad2018,30,0.2,0.03,93.375,95.166015625,1.791015625
deepgini,ad2018,30,0.3,0.03,93.55,95.0439453125,1.4939453125000028
deepgini,ad2018,30,0.4,0.03,93.77499999999999,95.1904296875,1.4154296875000085
deepgini,ad2018,30,0.5,0.03,94.425,95.0927734375,0.6677734375000028
deepgini,ad2018,30,0.6,0.03,95.25,96.0205078125,0.7705078125
deepgini,ad2018,30,0.7,0.03,96.65,97.36328125,0.7132812499999943
deepgini,ad2018,30,0.8,0.03,97.65,98.0224609375,0.3724609374999943
deepgini,ad2018,30,0.9,0.03,98.575,98.6328125,0.05781249999999716
deepgini,ad2018,25,0.0,0.05,92.85,95.068359375,2.2183593750000057
deepgini,ad2018,25,0.1,0.05,93.10000000000001,95.5078125,2.4078124999999915
deepgini,ad2018,25,0.2,0.05,93.375,95.4345703125,2.0595703125
deepgini,ad2018,25,0.3,0.05,93.55,95.41015625,1.8601562500000028
deepgini,ad2018,25,0.4,0.05,93.77499999999999,95.3369140625,1.5619140625000085
deepgini,ad2018,25,0.5,0.05,94.425,95.5810546875,1.1560546875000028
deepgini,ad2018,25,0.6,0.05,95.25,96.1669921875,0.9169921875
deepgini,ad2018,25,0.7,0.05,96.65,97.4609375,0.8109374999999943
deepgini,ad2018,25,0.8,0.05,97.65,98.095703125,0.4457031249999943
deepgini,ad2018,25,0.9,0.05,98.575,98.583984375,0.008984374999997158
deepgini,ad2018,30,0.0,0.05,92.85,95.0927734375,2.2427734375000057
deepgini,ad2018,30,0.1,0.05,93.10000000000001,95.556640625,2.4566406249999915
deepgini,ad2018,30,0.2,0.05,93.375,95.4345703125,2.0595703125
deepgini,ad2018,30,0.3,0.05,93.55,95.41015625,1.8601562500000028
deepgini,ad2018,30,0.4,0.05,93.77499999999999,95.3369140625,1.5619140625000085
deepgini,ad2018,30,0.5,0.05,94.425,95.5810546875,1.1560546875000028
deepgini,ad2018,30,0.6,0.05,95.25,96.1669921875,0.9169921875
deepgini,ad2018,30,0.7,0.05,96.65,97.4853515625,0.8353515624999943
deepgini,ad2018,30,0.8,0.05,97.65,98.095703125,0.4457031249999943
deepgini,ad2018,30,0.9,0.05,98.575,98.583984375,0.008984374999997158
deepgini,ad2018,25,0.0,0.1,92.85,95.8740234375,3.0240234375000057
deepgini,ad2018,25,0.1,0.1,93.10000000000001,96.2646484375,3.1646484374999915
deepgini,ad2018,25,0.2,0.1,93.375,96.1669921875,2.7919921875
deepgini,ad2018,25,0.3,0.1,93.55,95.9716796875,2.421679687500003
deepgini,ad2018,25,0.4,0.1,93.77499999999999,95.849609375,2.0746093750000085
deepgini,ad2018,25,0.5,0.1,94.425,96.2158203125,1.7908203125000028
deepgini,ad2018,25,0.6,0.1,95.25,96.8017578125,1.5517578125
deepgini,ad2018,25,0.7,0.1,96.65,97.4853515625,0.8353515624999943
deepgini,ad2018,25,0.8,0.1,97.65,98.2177734375,0.5677734374999943
deepgini,ad2018,25,0.9,0.1,98.575,98.6083984375,0.03339843749999716
deepgini,ad2018,30,0.0,0.1,92.85,95.8740234375,3.0240234375000057
deepgini,ad2018,30,0.1,0.1,93.10000000000001,96.2646484375,3.1646484374999915
deepgini,ad2018,30,0.2,0.1,93.375,96.2158203125,2.8408203125
deepgini,ad2018,30,0.3,0.1,93.55,95.9716796875,2.421679687500003
deepgini,ad2018,30,0.4,0.1,93.77499999999999,96.4599609375,2.6849609375000085
deepgini,ad2018,30,0.5,0.1,94.425,96.2158203125,1.7908203125000028
deepgini,ad2018,30,0.6,0.1,95.25,96.8017578125,1.5517578125
deepgini,ad2018,30,0.7,0.1,96.65,97.4853515625,0.8353515624999943
deepgini,ad2018,30,0.8,0.1,97.65,98.2177734375,0.5677734374999943
deepgini,ad2018,30,0.9,0.1,98.575,98.6083984375,0.03339843749999716
dat,ad2018,25,0.0,0.01,92.85,94.43359375,1.5835937500000057
dat,ad2018,25,0.1,0.01,93.10000000000001,93.9697265625,0.8697265624999915
dat,ad2018,25,0.2,0.01,93.375,94.5068359375,1.1318359375
dat,ad2018,25,0.3,0.01,93.55,95.751953125,2.201953125000003
dat,ad2018,25,0.4,0.01,93.77499999999999,95.4833984375,1.7083984375000085
dat,ad2018,25,0.5,0.01,94.425,95.361328125,0.9363281250000028
dat,ad2018,25,0.6,0.01,95.25,96.533203125,1.283203125
dat,ad2018,25,0.7,0.01,96.65,97.607421875,0.9574218749999943
dat,ad2018,25,0.8,0.01,97.65,98.0224609375,0.3724609374999943
dat,ad2018,25,0.9,0.01,98.575,98.8525390625,0.27753906249999716
dat,ad2018,30,0.0,0.01,92.85,94.43359375,1.5835937500000057
dat,ad2018,30,0.1,0.01,93.10000000000001,93.9697265625,0.8697265624999915
dat,ad2018,30,0.2,0.01,93.375,94.5068359375,1.1318359375
dat,ad2018,30,0.3,0.01,93.55,95.751953125,2.201953125000003
dat,ad2018,30,0.4,0.01,93.77499999999999,95.654296875,1.8792968750000085
dat,ad2018,30,0.5,0.01,94.425,95.3857421875,0.9607421875000028
dat,ad2018,30,0.6,0.01,95.25,96.533203125,1.283203125
dat,ad2018,30,0.7,0.01,96.65,97.607421875,0.9574218749999943
dat,ad2018,30,0.8,0.01,97.65,98.0224609375,0.3724609374999943
dat,ad2018,30,0.9,0.01,98.575,98.8525390625,0.27753906249999716
dat,ad2018,25,0.0,0.03,92.85,95.01953125,2.1695312500000057
dat,ad2018,25,0.1,0.03,93.10000000000001,95.0439453125,1.9439453124999915
dat,ad2018,25,0.2,0.03,93.375,95.068359375,1.693359375
dat,ad2018,25,0.3,0.03,93.55,95.41015625,1.8601562500000028
dat,ad2018,25,0.4,0.03,93.77499999999999,95.3369140625,1.5619140625000085
dat,ad2018,25,0.5,0.03,94.425,95.263671875,0.8386718750000028
dat,ad2018,25,0.6,0.03,95.25,96.8017578125,1.5517578125
dat,ad2018,25,0.7,0.03,96.65,97.65625,1.0062499999999943
dat,ad2018,25,0.8,0.03,97.65,98.2177734375,0.5677734374999943
dat,ad2018,25,0.9,0.03,98.575,98.6328125,0.05781249999999716
dat,ad2018,30,0.0,0.03,92.85,95.01953125,2.1695312500000057
dat,ad2018,30,0.1,0.03,93.10000000000001,95.263671875,2.1636718749999915
dat,ad2018,30,0.2,0.03,93.375,95.068359375,1.693359375
dat,ad2018,30,0.3,0.03,93.55,95.41015625,1.8601562500000028
dat,ad2018,30,0.4,0.03,93.77499999999999,95.361328125,1.5863281250000085
dat,ad2018,30,0.5,0.03,94.425,95.3125,0.8875000000000028
dat,ad2018,30,0.6,0.03,95.25,96.8017578125,1.5517578125
dat,ad2018,30,0.7,0.03,96.65,97.65625,1.0062499999999943
dat,ad2018,30,0.8,0.03,97.65,98.2177734375,0.5677734374999943
dat,ad2018,30,0.9,0.03,98.575,98.6328125,0.05781249999999716
dat,ad2018,25,0.0,0.05,92.85,94.384765625,1.5347656250000057
dat,ad2018,25,0.1,0.05,93.10000000000001,95.0439453125,1.9439453124999915
dat,ad2018,25,0.2,0.05,93.375,95.263671875,1.888671875
dat,ad2018,25,0.3,0.05,93.55,95.5810546875,2.031054687500003
dat,ad2018,25,0.4,0.05,93.77499999999999,95.8984375,2.1234375000000085
dat,ad2018,25,0.5,0.05,94.425,95.7275390625,1.3025390625000028
dat,ad2018,25,0.6,0.05,95.25,96.923828125,1.673828125
dat,ad2018,25,0.7,0.05,96.65,97.65625,1.0062499999999943
dat,ad2018,25,0.8,0.05,97.65,98.2666015625,0.6166015624999943
dat,ad2018,25,0.9,0.05,98.575,98.828125,0.25312499999999716
dat,ad2018,30,0.0,0.05,92.85,94.6044921875,1.7544921875000057
dat,ad2018,30,0.1,0.05,93.10000000000001,95.0439453125,1.9439453124999915
dat,ad2018,30,0.2,0.05,93.375,95.263671875,1.888671875
dat,ad2018,30,0.3,0.05,93.55,95.5810546875,2.031054687500003
dat,ad2018,30,0.4,0.05,93.77499999999999,95.8984375,2.1234375000000085
dat,ad2018,30,0.5,0.05,94.425,95.7275390625,1.3025390625000028
dat,ad2018,30,0.6,0.05,95.25,96.923828125,1.673828125
dat,ad2018,30,0.7,0.05,96.65,97.65625,1.0062499999999943
dat,ad2018,30,0.8,0.05,97.65,98.2666015625,0.6166015624999943
dat,ad2018,30,0.9,0.05,98.575,98.828125,0.25312499999999716
dat,ad2018,25,0.0,0.1,92.85,95.01953125,2.1695312500000057
dat,ad2018,25,0.1,0.1,93.10000000000001,95.0439453125,1.9439453124999915
dat,ad2018,25,0.2,0.1,93.375,95.458984375,2.083984375
dat,ad2018,25,0.3,0.1,93.55,95.703125,2.153125000000003
dat,ad2018,25,0.4,0.1,93.77499999999999,95.99609375,2.2210937500000085
dat,ad2018,25,0.5,0.1,94.425,95.849609375,1.4246093750000028
dat,ad2018,25,0.6,0.1,95.25,96.8994140625,1.6494140625
dat,ad2018,25,0.7,0.1,96.65,97.6806640625,1.0306640624999943
dat,ad2018,25,0.8,0.1,97.65,98.2421875,0.5921874999999943
dat,ad2018,25,0.9,0.1,98.575,98.828125,0.25312499999999716
dat,ad2018,30,0.0,0.1,92.85,95.6298828125,2.7798828125000057
dat,ad2018,30,0.1,0.1,93.10000000000001,95.0439453125,1.9439453124999915
dat,ad2018,30,0.2,0.1,93.375,95.458984375,2.083984375
dat,ad2018,30,0.3,0.1,93.55,95.703125,2.153125000000003
dat,ad2018,30,0.4,0.1,93.77499999999999,95.99609375,2.2210937500000085
dat,ad2018,30,0.5,0.1,94.425,95.849609375,1.4246093750000028
dat,ad2018,30,0.6,0.1,95.25,96.8994140625,1.6494140625
dat,ad2018,30,0.7,0.1,96.65,97.6806640625,1.0306640624999943
dat,ad2018,30,0.8,0.1,97.65,98.2421875,0.5921874999999943
dat,ad2018,30,0.9,0.1,98.575,98.828125,0.25312499999999716
entropy,drebin,25,0.0,0.01,69.72500000000001,82.7880859375,13.063085937499991
entropy,drebin,25,0.1,0.01,72.89999999999999,84.6435546875,11.743554687500009
entropy,drebin,25,0.2,0.01,76.02499999999999,86.4990234375,10.474023437500009
entropy,drebin,25,0.3,0.01,78.825,88.232421875,9.407421874999997
entropy,drebin,25,0.4,0.01,82.0,90.087890625,8.087890625
entropy,drebin,25,0.5,0.01,84.925,91.9677734375,7.042773437500003
entropy,drebin,25,0.6,0.01,87.875,93.5546875,5.6796875
entropy,drebin,25,0.7,0.01,90.64999999999999,94.921875,4.2718750000000085
entropy,drebin,25,0.8,0.01,93.55,96.5087890625,2.958789062500003
entropy,drebin,25,0.9,0.01,96.7,98.1201171875,1.4201171874999972
entropy,drebin,30,0.0,0.01,69.72500000000001,82.958984375,13.233984374999991
entropy,drebin,30,0.1,0.01,72.89999999999999,84.8388671875,11.938867187500009
entropy,drebin,30,0.2,0.01,76.02499999999999,86.767578125,10.742578125000009
entropy,drebin,30,0.3,0.01,78.825,88.4033203125,9.578320312499997
entropy,drebin,30,0.4,0.01,82.0,90.4296875,8.4296875
entropy,drebin,30,0.5,0.01,84.925,92.1630859375,7.238085937500003
entropy,drebin,30,0.6,0.01,87.875,93.7255859375,5.8505859375
entropy,drebin,30,0.7,0.01,90.64999999999999,94.9951171875,4.3451171875000085
entropy,drebin,30,0.8,0.01,93.55,96.58203125,3.032031250000003
entropy,drebin,30,0.9,0.01,96.7,98.1201171875,1.4201171874999972
entropy,drebin,25,0.0,0.03,69.72500000000001,83.9111328125,14.186132812499991
entropy,drebin,25,0.1,0.03,72.89999999999999,85.791015625,12.891015625000009
entropy,drebin,25,0.2,0.03,76.02499999999999,87.353515625,11.328515625000009
entropy,drebin,25,0.3,0.03,78.825,89.0869140625,10.261914062499997
entropy,drebin,25,0.4,0.03,82.0,91.1376953125,9.1376953125
entropy,drebin,25,0.5,0.03,84.925,92.67578125,7.750781250000003
entropy,drebin,25,0.6,0.03,87.875,94.23828125,6.36328125
entropy,drebin,25,0.7,0.03,90.64999999999999,95.458984375,4.8089843750000085
entropy,drebin,25,0.8,0.03,93.55,96.728515625,3.178515625000003
entropy,drebin,25,0.9,0.03,96.7,98.2177734375,1.5177734374999972
entropy,drebin,30,0.0,0.03,69.72500000000001,84.2041015625,14.479101562499991
entropy,drebin,30,0.1,0.03,72.89999999999999,86.1572265625,13.257226562500009
entropy,drebin,30,0.2,0.03,76.02499999999999,87.548828125,11.523828125000009
entropy,drebin,30,0.3,0.03,78.825,89.2578125,10.432812499999997
entropy,drebin,30,0.4,0.03,82.0,91.3818359375,9.3818359375
entropy,drebin,30,0.5,0.03,84.925,92.8955078125,7.970507812500003
entropy,drebin,30,0.6,0.03,87.875,94.482421875,6.607421875
entropy,drebin,30,0.7,0.03,90.64999999999999,95.6298828125,4.9798828125000085
entropy,drebin,30,0.8,0.03,93.55,96.9482421875,3.398242187500003
entropy,drebin,30,0.9,0.03,96.7,98.2666015625,1.5666015624999972
entropy,drebin,25,0.0,0.05,69.72500000000001,85.595703125,15.870703124999991
entropy,drebin,25,0.1,0.05,72.89999999999999,87.2802734375,14.380273437500009
entropy,drebin,25,0.2,0.05,76.02499999999999,89.2578125,13.232812500000009
entropy,drebin,25,0.3,0.05,78.825,90.625,11.799999999999997
entropy,drebin,25,0.4,0.05,82.0,92.236328125,10.236328125
entropy,drebin,25,0.5,0.05,84.925,94.3359375,9.410937500000003
entropy,drebin,25,0.6,0.05,87.875,95.0927734375,7.2177734375
entropy,drebin,25,0.7,0.05,90.64999999999999,96.142578125,5.4925781250000085
entropy,drebin,25,0.8,0.05,93.55,97.0947265625,3.544726562500003
entropy,drebin,25,0.9,0.05,96.7,98.33984375,1.6398437499999972
entropy,drebin,30,0.0,0.05,69.72500000000001,85.8154296875,16.09042968749999
entropy,drebin,30,0.1,0.05,72.89999999999999,87.3779296875,14.477929687500009
entropy,drebin,30,0.2,0.05,76.02499999999999,89.501953125,13.476953125000009
entropy,drebin,30,0.3,0.05,78.825,90.771484375,11.946484374999997
entropy,drebin,30,0.4,0.05,82.0,92.4560546875,10.4560546875
entropy,drebin,30,0.5,0.05,84.925,94.384765625,9.459765625000003
entropy,drebin,30,0.6,0.05,87.875,95.2392578125,7.3642578125
entropy,drebin,30,0.7,0.05,90.64999999999999,96.19140625,5.5414062500000085
entropy,drebin,30,0.8,0.05,93.55,97.119140625,3.569140625000003
entropy,drebin,30,0.9,0.05,96.7,98.33984375,1.6398437499999972
entropy,drebin,25,0.0,0.1,69.72500000000001,87.939453125,18.21445312499999
entropy,drebin,25,0.1,0.1,72.89999999999999,89.404296875,16.50429687500001
entropy,drebin,25,0.2,0.1,76.02499999999999,90.4296875,14.404687500000009
entropy,drebin,25,0.3,0.1,78.825,91.845703125,13.020703124999997
entropy,drebin,25,0.4,0.1,82.0,93.212890625,11.212890625
entropy,drebin,25,0.5,0.1,84.925,94.43359375,9.508593750000003
entropy,drebin,25,0.6,0.1,87.875,95.1416015625,7.2666015625
entropy,drebin,25,0.7,0.1,90.64999999999999,96.3134765625,5.6634765625000085
entropy,drebin,25,0.8,0.1,93.55,97.36328125,3.813281250000003
entropy,drebin,25,0.9,0.1,96.7,98.388671875,1.6886718749999972
entropy,drebin,30,0.0,0.1,69.72500000000001,88.134765625,18.40976562499999
entropy,drebin,30,0.1,0.1,72.89999999999999,89.5263671875,16.62636718750001
entropy,drebin,30,0.2,0.1,76.02499999999999,90.478515625,14.453515625000009
entropy,drebin,30,0.3,0.1,78.825,91.845703125,13.020703124999997
entropy,drebin,30,0.4,0.1,82.0,93.212890625,11.212890625
entropy,drebin,30,0.5,0.1,84.925,94.43359375,9.508593750000003
entropy,drebin,30,0.6,0.1,87.875,95.1416015625,7.2666015625
entropy,drebin,30,0.7,0.1,90.64999999999999,96.337890625,5.6878906250000085
entropy,drebin,30,0.8,0.1,93.55,97.3876953125,3.837695312500003
entropy,drebin,30,0.9,0.1,96.7,98.388671875,1.6886718749999972
deepgini,drebin,25,0.0,0.01,69.72500000000001,82.7880859375,13.063085937499991
deepgini,drebin,25,0.1,0.01,72.89999999999999,84.6435546875,11.743554687500009
deepgini,drebin,25,0.2,0.01,76.02499999999999,86.4990234375,10.474023437500009
deepgini,drebin,25,0.3,0.01,78.825,88.232421875,9.407421874999997
deepgini,drebin,25,0.4,0.01,82.0,90.087890625,8.087890625
deepgini,drebin,25,0.5,0.01,84.925,91.9677734375,7.042773437500003
deepgini,drebin,25,0.6,0.01,87.875,93.5546875,5.6796875
deepgini,drebin,25,0.7,0.01,90.64999999999999,94.921875,4.2718750000000085
deepgini,drebin,25,0.8,0.01,93.55,96.5087890625,2.958789062500003
deepgini,drebin,25,0.9,0.01,96.7,98.1201171875,1.4201171874999972
deepgini,drebin,30,0.0,0.01,69.72500000000001,82.958984375,13.233984374999991
deepgini,drebin,30,0.1,0.01,72.89999999999999,84.8388671875,11.938867187500009
deepgini,drebin,30,0.2,0.01,76.02499999999999,86.767578125,10.742578125000009
deepgini,drebin,30,0.3,0.01,78.825,88.4033203125,9.578320312499997
deepgini,drebin,30,0.4,0.01,82.0,90.4296875,8.4296875
deepgini,drebin,30,0.5,0.01,84.925,92.1630859375,7.238085937500003
deepgini,drebin,30,0.6,0.01,87.875,93.7255859375,5.8505859375
deepgini,drebin,30,0.7,0.01,90.64999999999999,94.9951171875,4.3451171875000085
deepgini,drebin,30,0.8,0.01,93.55,96.58203125,3.032031250000003
deepgini,drebin,30,0.9,0.01,96.7,98.1201171875,1.4201171874999972
deepgini,drebin,25,0.0,0.03,69.72500000000001,83.9111328125,14.186132812499991
deepgini,drebin,25,0.1,0.03,72.89999999999999,85.791015625,12.891015625000009
deepgini,drebin,25,0.2,0.03,76.02499999999999,87.353515625,11.328515625000009
deepgini,drebin,25,0.3,0.03,78.825,89.0869140625,10.261914062499997
deepgini,drebin,25,0.4,0.03,82.0,91.1376953125,9.1376953125
deepgini,drebin,25,0.5,0.03,84.925,92.67578125,7.750781250000003
deepgini,drebin,25,0.6,0.03,87.875,94.23828125,6.36328125
deepgini,drebin,25,0.7,0.03,90.64999999999999,95.458984375,4.8089843750000085
deepgini,drebin,25,0.8,0.03,93.55,96.728515625,3.178515625000003
deepgini,drebin,25,0.9,0.03,96.7,98.2177734375,1.5177734374999972
deepgini,drebin,30,0.0,0.03,69.72500000000001,84.2041015625,14.479101562499991
deepgini,drebin,30,0.1,0.03,72.89999999999999,86.1572265625,13.257226562500009
deepgini,drebin,30,0.2,0.03,76.02499999999999,87.548828125,11.523828125000009
deepgini,drebin,30,0.3,0.03,78.825,89.2578125,10.432812499999997
deepgini,drebin,30,0.4,0.03,82.0,91.3818359375,9.3818359375
deepgini,drebin,30,0.5,0.03,84.925,92.8955078125,7.970507812500003
deepgini,drebin,30,0.6,0.03,87.875,94.482421875,6.607421875
deepgini,drebin,30,0.7,0.03,90.64999999999999,95.6298828125,4.9798828125000085
deepgini,drebin,30,0.8,0.03,93.55,96.9482421875,3.398242187500003
deepgini,drebin,30,0.9,0.03,96.7,98.2666015625,1.5666015624999972
deepgini,drebin,25,0.0,0.05,69.72500000000001,85.595703125,15.870703124999991
deepgini,drebin,25,0.1,0.05,72.89999999999999,87.2802734375,14.380273437500009
deepgini,drebin,25,0.2,0.05,76.02499999999999,89.2578125,13.232812500000009
deepgini,drebin,25,0.3,0.05,78.825,90.625,11.799999999999997
deepgini,drebin,25,0.4,0.05,82.0,92.236328125,10.236328125
deepgini,drebin,25,0.5,0.05,84.925,94.3359375,9.410937500000003
deepgini,drebin,25,0.6,0.05,87.875,95.0927734375,7.2177734375
deepgini,drebin,25,0.7,0.05,90.64999999999999,96.142578125,5.4925781250000085
deepgini,drebin,25,0.8,0.05,93.55,97.0947265625,3.544726562500003
deepgini,drebin,25,0.9,0.05,96.7,98.33984375,1.6398437499999972
deepgini,drebin,30,0.0,0.05,69.72500000000001,85.8154296875,16.09042968749999
deepgini,drebin,30,0.1,0.05,72.89999999999999,87.3779296875,14.477929687500009
deepgini,drebin,30,0.2,0.05,76.02499999999999,89.501953125,13.476953125000009
deepgini,drebin,30,0.3,0.05,78.825,90.771484375,11.946484374999997
deepgini,drebin,30,0.4,0.05,82.0,92.4560546875,10.4560546875
deepgini,drebin,30,0.5,0.05,84.925,94.384765625,9.459765625000003
deepgini,drebin,30,0.6,0.05,87.875,95.2392578125,7.3642578125
deepgini,drebin,30,0.7,0.05,90.64999999999999,96.19140625,5.5414062500000085
deepgini,drebin,30,0.8,0.05,93.55,97.119140625,3.569140625000003
deepgini,drebin,30,0.9,0.05,96.7,98.33984375,1.6398437499999972
deepgini,drebin,25,0.0,0.1,69.72500000000001,87.939453125,18.21445312499999
deepgini,drebin,25,0.1,0.1,72.89999999999999,89.404296875,16.50429687500001
deepgini,drebin,25,0.2,0.1,76.02499999999999,90.4541015625,14.429101562500009
deepgini,drebin,25,0.3,0.1,78.825,91.845703125,13.020703124999997
deepgini,drebin,25,0.4,0.1,82.0,93.212890625,11.212890625
deepgini,drebin,25,0.5,0.1,84.925,94.43359375,9.508593750000003
deepgini,drebin,25,0.6,0.1,87.875,95.1416015625,7.2666015625
deepgini,drebin,25,0.7,0.1,90.64999999999999,96.2890625,5.6390625000000085
deepgini,drebin,25,0.8,0.1,93.55,97.36328125,3.813281250000003
deepgini,drebin,25,0.9,0.1,96.7,98.388671875,1.6886718749999972
deepgini,drebin,30,0.0,0.1,69.72500000000001,88.134765625,18.40976562499999
deepgini,drebin,30,0.1,0.1,72.89999999999999,89.5263671875,16.62636718750001
deepgini,drebin,30,0.2,0.1,76.02499999999999,90.4541015625,14.429101562500009
deepgini,drebin,30,0.3,0.1,78.825,91.845703125,13.020703124999997
deepgini,drebin,30,0.4,0.1,82.0,93.212890625,11.212890625
deepgini,drebin,30,0.5,0.1,84.925,94.43359375,9.508593750000003
deepgini,drebin,30,0.6,0.1,87.875,95.1416015625,7.2666015625
deepgini,drebin,30,0.7,0.1,90.64999999999999,96.337890625,5.6878906250000085
deepgini,drebin,30,0.8,0.1,93.55,97.3876953125,3.837695312500003
deepgini,drebin,30,0.9,0.1,96.7,98.388671875,1.6886718749999972
dat,drebin,25,0.0,0.01,69.72500000000001,81.6162109375,11.891210937499991
dat,drebin,25,0.1,0.01,72.89999999999999,88.1591796875,15.259179687500009
dat,drebin,25,0.2,0.01,76.02499999999999,85.107421875,9.082421875000009
dat,drebin,25,0.3,0.01,78.825,90.0634765625,11.238476562499997
dat,drebin,25,0.4,0.01,82.0,91.89453125,9.89453125
dat,drebin,25,0.5,0.01,84.925,92.529296875,7.604296875000003
dat,drebin,25,0.6,0.01,87.875,92.5048828125,4.6298828125
dat,drebin,25,0.7,0.01,90.64999999999999,91.5283203125,0.8783203125000085
dat,drebin,25,0.8,0.01,93.55,96.337890625,2.787890625000003
dat,drebin,25,0.9,0.01,96.7,97.7294921875,1.0294921874999972
dat,drebin,30,0.0,0.01,69.72500000000001,82.3486328125,12.623632812499991
dat,drebin,30,0.1,0.01,72.89999999999999,88.427734375,15.527734375000009
dat,drebin,30,0.2,0.01,76.02499999999999,85.107421875,9.082421875000009
dat,drebin,30,0.3,0.01,78.825,90.0634765625,11.238476562499997
dat,drebin,30,0.4,0.01,82.0,92.236328125,10.236328125
dat,drebin,30,0.5,0.01,84.925,92.8466796875,7.921679687500003
dat,drebin,30,0.6,0.01,87.875,93.115234375,5.240234375
dat,drebin,30,0.7,0.01,90.64999999999999,91.8212890625,1.1712890625000085
dat,drebin,30,0.8,0.01,93.55,96.3623046875,2.812304687500003
dat,drebin,30,0.9,0.01,96.7,97.7294921875,1.0294921874999972
dat,drebin,25,0.0,0.03,69.72500000000001,87.646484375,17.92148437499999
dat,drebin,25,0.1,0.03,72.89999999999999,86.71875,13.818750000000009
dat,drebin,25,0.2,0.03,76.02499999999999,89.55078125,13.525781250000009
dat,drebin,25,0.3,0.03,78.825,90.8447265625,12.019726562499997
dat,drebin,25,0.4,0.03,82.0,92.6025390625,10.6025390625
dat,drebin,25,0.5,0.03,84.925,93.212890625,8.287890625000003
dat,drebin,25,0.6,0.03,87.875,95.0439453125,7.1689453125
dat,drebin,25,0.7,0.03,90.64999999999999,94.8486328125,4.1986328125000085
dat,drebin,25,0.8,0.03,93.55,96.8017578125,3.251757812500003
dat,drebin,25,0.9,0.03,96.7,98.1689453125,1.4689453124999972
dat,drebin,30,0.0,0.03,69.72500000000001,88.37890625,18.65390624999999
dat,drebin,30,0.1,0.03,72.89999999999999,87.3291015625,14.429101562500009
dat,drebin,30,0.2,0.03,76.02499999999999,90.2587890625,14.233789062500009
dat,drebin,30,0.3,0.03,78.825,90.9912109375,12.166210937499997
dat,drebin,30,0.4,0.03,82.0,92.7734375,10.7734375
dat,drebin,30,0.5,0.03,84.925,93.603515625,8.678515625000003
dat,drebin,30,0.6,0.03,87.875,95.1904296875,7.3154296875
dat,drebin,30,0.7,0.03,90.64999999999999,95.0439453125,4.3939453125000085
dat,drebin,30,0.8,0.03,93.55,96.8994140625,3.349414062500003
dat,drebin,30,0.9,0.03,96.7,98.2177734375,1.5177734374999972
dat,drebin,25,0.0,0.05,69.72500000000001,90.7958984375,21.07089843749999
dat,drebin,25,0.1,0.05,72.89999999999999,89.8681640625,16.96816406250001
dat,drebin,25,0.2,0.05,76.02499999999999,91.2353515625,15.210351562500009
dat,drebin,25,0.3,0.05,78.825,92.0654296875,13.240429687499997
dat,drebin,25,0.4,0.05,82.0,93.1396484375,11.1396484375
dat,drebin,25,0.5,0.05,84.925,94.091796875,9.166796875000003
dat,drebin,25,0.6,0.05,87.875,95.068359375,7.193359375
dat,drebin,25,0.7,0.05,90.64999999999999,96.19140625,5.5414062500000085
dat,drebin,25,0.8,0.05,93.55,97.0458984375,3.495898437500003
dat,drebin,25,0.9,0.05,96.7,98.4130859375,1.7130859374999972
dat,drebin,30,0.0,0.05,69.72500000000001,91.30859375,21.58359374999999
dat,drebin,30,0.1,0.05,72.89999999999999,90.0146484375,17.11464843750001
dat,drebin,30,0.2,0.05,76.02499999999999,91.796875,15.771875000000009
dat,drebin,30,0.3,0.05,78.825,92.1142578125,13.289257812499997
dat,drebin,30,0.4,0.05,82.0,93.3349609375,11.3349609375
dat,drebin,30,0.5,0.05,84.925,94.23828125,9.313281250000003
dat,drebin,30,0.6,0.05,87.875,95.2880859375,7.4130859375
dat,drebin,30,0.7,0.05,90.64999999999999,96.4599609375,5.8099609375000085
dat,drebin,30,0.8,0.05,93.55,97.119140625,3.569140625000003
dat,drebin,30,0.9,0.05,96.7,98.4375,1.7374999999999972
dat,drebin,25,0.0,0.1,69.72500000000001,94.287109375,24.56210937499999
dat,drebin,25,0.1,0.1,72.89999999999999,93.505859375,20.60585937500001
dat,drebin,25,0.2,0.1,76.02499999999999,94.189453125,18.16445312500001
dat,drebin,25,0.3,0.1,78.825,93.7744140625,14.949414062499997
dat,drebin,25,0.4,0.1,82.0,94.8974609375,12.8974609375
dat,drebin,25,0.5,0.1,84.925,95.4833984375,10.558398437500003
dat,drebin,25,0.6,0.1,87.875,96.435546875,8.560546875
dat,drebin,25,0.7,0.1,90.64999999999999,97.65625,7.0062500000000085
dat,drebin,25,0.8,0.1,93.55,97.7294921875,4.179492187500003
dat,drebin,25,0.9,0.1,96.7,98.6083984375,1.9083984374999972
dat,drebin,30,0.0,0.1,69.72500000000001,94.7509765625,25.02597656249999
dat,drebin,30,0.1,0.1,72.89999999999999,93.701171875,20.80117187500001
dat,drebin,30,0.2,0.1,76.02499999999999,94.4091796875,18.38417968750001
dat,drebin,30,0.3,0.1,78.825,93.994140625,15.169140624999997
dat,drebin,30,0.4,0.1,82.0,95.1416015625,13.1416015625
dat,drebin,30,0.5,0.1,84.925,95.6787109375,10.753710937500003
dat,drebin,30,0.6,0.1,87.875,96.7041015625,8.8291015625
dat,drebin,30,0.7,0.1,90.64999999999999,97.8515625,7.2015625000000085
dat,drebin,30,0.8,0.1,93.55,97.75390625,4.203906250000003
dat,drebin,30,0.9,0.1,96.7,98.6083984375,1.9083984374999972
entropy,ad2019,25,0.0,0.01,94.05,95.3369140625,1.2869140625000028
entropy,ad2019,25,0.1,0.01,94.3,95.5078125,1.2078125000000028
entropy,ad2019,25,0.2,0.01,94.675,95.947265625,1.2722656250000028
entropy,ad2019,25,0.3,0.01,94.975,96.2646484375,1.2896484375000057
entropy,ad2019,25,0.4,0.01,95.35,96.630859375,1.2808593750000057
entropy,ad2019,25,0.5,0.01,95.675,96.97265625,1.2976562500000028
entropy,ad2019,25,0.6,0.01,96.39999999999999,97.509765625,1.1097656250000085
entropy,ad2019,25,0.7,0.01,97.1,97.9736328125,0.8736328125000057
entropy,ad2019,25,0.8,0.01,97.925,98.4619140625,0.5369140625000028
entropy,ad2019,25,0.9,0.01,98.7,98.73046875,0.030468749999997158
entropy,ad2019,30,0.0,0.01,94.05,95.3369140625,1.2869140625000028
entropy,ad2019,30,0.1,0.01,94.3,95.5078125,1.2078125000000028
entropy,ad2019,30,0.2,0.01,94.675,95.947265625,1.2722656250000028
entropy,ad2019,30,0.3,0.01,94.975,96.2646484375,1.2896484375000057
entropy,ad2019,30,0.4,0.01,95.35,96.630859375,1.2808593750000057
entropy,ad2019,30,0.5,0.01,95.675,96.97265625,1.2976562500000028
entropy,ad2019,30,0.6,0.01,96.39999999999999,97.509765625,1.1097656250000085
entropy,ad2019,30,0.7,0.01,97.1,97.9736328125,0.8736328125000057
entropy,ad2019,30,0.8,0.01,97.925,98.4619140625,0.5369140625000028
entropy,ad2019,30,0.9,0.01,98.7,98.73046875,0.030468749999997158
entropy,ad2019,25,0.0,0.03,94.05,95.2880859375,1.2380859375000028
entropy,ad2019,25,0.1,0.03,94.3,95.5078125,1.2078125000000028
entropy,ad2019,25,0.2,0.03,94.675,95.8984375,1.2234375000000028
entropy,ad2019,25,0.3,0.03,94.975,96.2158203125,1.2408203125000057
entropy,ad2019,25,0.4,0.03,95.35,96.5576171875,1.2076171875000057
entropy,ad2019,25,0.5,0.03,95.675,97.1435546875,1.4685546875000028
entropy,ad2019,25,0.6,0.03,96.39999999999999,97.6806640625,1.2806640625000085
entropy,ad2019,25,0.7,0.03,97.1,97.9736328125,0.8736328125000057
entropy,ad2019,25,0.8,0.03,97.925,98.4619140625,0.5369140625000028
entropy,ad2019,25,0.9,0.03,98.7,98.9013671875,0.20136718749999716
entropy,ad2019,30,0.0,0.03,94.05,95.2880859375,1.2380859375000028
entropy,ad2019,30,0.1,0.03,94.3,95.5078125,1.2078125000000028
entropy,ad2019,30,0.2,0.03,94.675,95.8984375,1.2234375000000028
entropy,ad2019,30,0.3,0.03,94.975,96.2158203125,1.2408203125000057
entropy,ad2019,30,0.4,0.03,95.35,96.6064453125,1.2564453125000057
entropy,ad2019,30,0.5,0.03,95.675,97.16796875,1.4929687500000028
entropy,ad2019,30,0.6,0.03,96.39999999999999,97.7294921875,1.3294921875000085
entropy,ad2019,30,0.7,0.03,97.1,97.9736328125,0.8736328125000057
entropy,ad2019,30,0.8,0.03,97.925,98.4619140625,0.5369140625000028
entropy,ad2019,30,0.9,0.03,98.7,98.9013671875,0.20136718749999716
entropy,ad2019,25,0.0,0.05,94.05,95.3857421875,1.3357421875000028
entropy,ad2019,25,0.1,0.05,94.3,95.5810546875,1.2810546875000028
entropy,ad2019,25,0.2,0.05,94.675,96.09375,1.4187500000000028
entropy,ad2019,25,0.3,0.05,94.975,96.4599609375,1.4849609375000057
entropy,ad2019,25,0.4,0.05,95.35,96.630859375,1.2808593750000057
entropy,ad2019,25,0.5,0.05,95.675,96.97265625,1.2976562500000028
entropy,ad2019,25,0.6,0.05,96.39999999999999,97.509765625,1.1097656250000085
entropy,ad2019,25,0.7,0.05,97.1,98.046875,0.9468750000000057
entropy,ad2019,25,0.8,0.05,97.925,98.4375,0.5125000000000028
entropy,ad2019,25,0.9,0.05,98.7,98.92578125,0.22578124999999716
entropy,ad2019,30,0.0,0.05,94.05,95.41015625,1.3601562500000028
entropy,ad2019,30,0.1,0.05,94.3,95.5810546875,1.2810546875000028
entropy,ad2019,30,0.2,0.05,94.675,96.1669921875,1.4919921875000028
entropy,ad2019,30,0.3,0.05,94.975,96.484375,1.5093750000000057
entropy,ad2019,30,0.4,0.05,95.35,96.630859375,1.2808593750000057
entropy,ad2019,30,0.5,0.05,95.675,96.9970703125,1.3220703125000028
entropy,ad2019,30,0.6,0.05,96.39999999999999,97.5341796875,1.1341796875000085
entropy,ad2019,30,0.7,0.05,97.1,98.0712890625,0.9712890625000057
entropy,ad2019,30,0.8,0.05,97.925,98.4375,0.5125000000000028
entropy,ad2019,30,0.9,0.05,98.7,98.92578125,0.22578124999999716
entropy,ad2019,25,0.0,0.1,94.05,95.703125,1.6531250000000028
entropy,ad2019,25,0.1,0.1,94.3,95.7763671875,1.4763671875000028
entropy,ad2019,25,0.2,0.1,94.675,96.337890625,1.6628906250000028
entropy,ad2019,25,0.3,0.1,94.975,96.4111328125,1.4361328125000057
entropy,ad2019,25,0.4,0.1,95.35,96.7041015625,1.3541015625000057
entropy,ad2019,25,0.5,0.1,95.675,96.923828125,1.2488281250000028
entropy,ad2019,25,0.6,0.1,96.39999999999999,97.8515625,1.4515625000000085
entropy,ad2019,25,0.7,0.1,97.1,98.14453125,1.0445312500000057
entropy,ad2019,25,0.8,0.1,97.925,98.583984375,0.6589843750000028
entropy,ad2019,25,0.9,0.1,98.7,98.974609375,0.27460937499999716
entropy,ad2019,30,0.0,0.1,94.05,95.703125,1.6531250000000028
entropy,ad2019,30,0.1,0.1,94.3,95.7763671875,1.4763671875000028
entropy,ad2019,30,0.2,0.1,94.675,96.337890625,1.6628906250000028
entropy,ad2019,30,0.3,0.1,94.975,96.4111328125,1.4361328125000057
entropy,ad2019,30,0.4,0.1,95.35,96.7041015625,1.3541015625000057
entropy,ad2019,30,0.5,0.1,95.675,96.923828125,1.2488281250000028
entropy,ad2019,30,0.6,0.1,96.39999999999999,97.8515625,1.4515625000000085
entropy,ad2019,30,0.7,0.1,97.1,98.14453125,1.0445312500000057
entropy,ad2019,30,0.8,0.1,97.925,98.583984375,0.6589843750000028
entropy,ad2019,30,0.9,0.1,98.7,98.974609375,0.27460937499999716
deepgini,ad2019,25,0.0,0.01,94.05,95.3369140625,1.2869140625000028
deepgini,ad2019,25,0.1,0.01,94.3,95.5078125,1.2078125000000028
deepgini,ad2019,25,0.2,0.01,94.675,95.947265625,1.2722656250000028
deepgini,ad2019,25,0.3,0.01,94.975,96.2646484375,1.2896484375000057
deepgini,ad2019,25,0.4,0.01,95.35,96.6064453125,1.2564453125000057
deepgini,ad2019,25,0.5,0.01,95.675,96.9482421875,1.2732421875000028
deepgini,ad2019,25,0.6,0.01,96.39999999999999,97.509765625,1.1097656250000085
deepgini,ad2019,25,0.7,0.01,97.1,98.0224609375,0.9224609375000057
deepgini,ad2019,25,0.8,0.01,97.925,98.4130859375,0.48808593750000284
deepgini,ad2019,25,0.9,0.01,98.7,98.73046875,0.030468749999997158
deepgini,ad2019,30,0.0,0.01,94.05,95.3369140625,1.2869140625000028
deepgini,ad2019,30,0.1,0.01,94.3,95.5078125,1.2078125000000028
deepgini,ad2019,30,0.2,0.01,94.675,95.9716796875,1.2966796875000028
deepgini,ad2019,30,0.3,0.01,94.975,96.2646484375,1.2896484375000057
deepgini,ad2019,30,0.4,0.01,95.35,96.630859375,1.2808593750000057
deepgini,ad2019,30,0.5,0.01,95.675,96.9482421875,1.2732421875000028
deepgini,ad2019,30,0.6,0.01,96.39999999999999,97.509765625,1.1097656250000085
deepgini,ad2019,30,0.7,0.01,97.1,98.0224609375,0.9224609375000057
deepgini,ad2019,30,0.8,0.01,97.925,98.4130859375,0.48808593750000284
deepgini,ad2019,30,0.9,0.01,98.7,98.73046875,0.030468749999997158
deepgini,ad2019,25,0.0,0.03,94.05,95.2880859375,1.2380859375000028
deepgini,ad2019,25,0.1,0.03,94.3,95.5078125,1.2078125000000028
deepgini,ad2019,25,0.2,0.03,94.675,95.8984375,1.2234375000000028
deepgini,ad2019,25,0.3,0.03,94.975,96.2158203125,1.2408203125000057
deepgini,ad2019,25,0.4,0.03,95.35,96.5576171875,1.2076171875000057
deepgini,ad2019,25,0.5,0.03,95.675,97.1435546875,1.4685546875000028
deepgini,ad2019,25,0.6,0.03,96.39999999999999,97.6806640625,1.2806640625000085
deepgini,ad2019,25,0.7,0.03,97.1,97.9736328125,0.8736328125000057
deepgini,ad2019,25,0.8,0.03,97.925,98.4619140625,0.5369140625000028
deepgini,ad2019,25,0.9,0.03,98.7,98.9013671875,0.20136718749999716
deepgini,ad2019,30,0.0,0.03,94.05,95.2880859375,1.2380859375000028
deepgini,ad2019,30,0.1,0.03,94.3,95.5078125,1.2078125000000028
deepgini,ad2019,30,0.2,0.03,94.675,95.8984375,1.2234375000000028
deepgini,ad2019,30,0.3,0.03,94.975,96.2158203125,1.2408203125000057
deepgini,ad2019,30,0.4,0.03,95.35,96.6064453125,1.2564453125000057
deepgini,ad2019,30,0.5,0.03,95.675,97.16796875,1.4929687500000028
deepgini,ad2019,30,0.6,0.03,96.39999999999999,97.7294921875,1.3294921875000085
deepgini,ad2019,30,0.7,0.03,97.1,97.9736328125,0.8736328125000057
deepgini,ad2019,30,0.8,0.03,97.925,98.4619140625,0.5369140625000028
deepgini,ad2019,30,0.9,0.03,98.7,98.9013671875,0.20136718749999716
deepgini,ad2019,25,0.0,0.05,94.05,95.3857421875,1.3357421875000028
deepgini,ad2019,25,0.1,0.05,94.3,95.5810546875,1.2810546875000028
deepgini,ad2019,25,0.2,0.05,94.675,96.09375,1.4187500000000028
deepgini,ad2019,25,0.3,0.05,94.975,96.435546875,1.4605468750000057
deepgini,ad2019,25,0.4,0.05,95.35,96.630859375,1.2808593750000057
deepgini,ad2019,25,0.5,0.05,95.675,96.97265625,1.2976562500000028
deepgini,ad2019,25,0.6,0.05,96.39999999999999,97.509765625,1.1097656250000085
deepgini,ad2019,25,0.7,0.05,97.1,98.046875,0.9468750000000057
deepgini,ad2019,25,0.8,0.05,97.925,98.4375,0.5125000000000028
deepgini,ad2019,25,0.9,0.05,98.7,98.92578125,0.22578124999999716
deepgini,ad2019,30,0.0,0.05,94.05,95.3857421875,1.3357421875000028
deepgini,ad2019,30,0.1,0.05,94.3,95.6787109375,1.3787109375000028
deepgini,ad2019,30,0.2,0.05,94.675,96.1669921875,1.4919921875000028
deepgini,ad2019,30,0.3,0.05,94.975,96.5087890625,1.5337890625000057
deepgini,ad2019,30,0.4,0.05,95.35,96.630859375,1.2808593750000057
deepgini,ad2019,30,0.5,0.05,95.675,96.9970703125,1.3220703125000028
deepgini,ad2019,30,0.6,0.05,96.39999999999999,97.5341796875,1.1341796875000085
deepgini,ad2019,30,0.7,0.05,97.1,98.0712890625,0.9712890625000057
deepgini,ad2019,30,0.8,0.05,97.925,98.4375,0.5125000000000028
deepgini,ad2019,30,0.9,0.05,98.7,98.92578125,0.22578124999999716
deepgini,ad2019,25,0.0,0.1,94.05,95.751953125,1.7019531250000028
deepgini,ad2019,25,0.1,0.1,94.3,95.751953125,1.4519531250000028
deepgini,ad2019,25,0.2,0.1,94.675,96.3134765625,1.6384765625000028
deepgini,ad2019,25,0.3,0.1,94.975,96.4111328125,1.4361328125000057
deepgini,ad2019,25,0.4,0.1,95.35,96.7041015625,1.3541015625000057
deepgini,ad2019,25,0.5,0.1,95.675,96.923828125,1.2488281250000028
deepgini,ad2019,25,0.6,0.1,96.39999999999999,97.8759765625,1.4759765625000085
deepgini,ad2019,25,0.7,0.1,97.1,98.14453125,1.0445312500000057
deepgini,ad2019,25,0.8,0.1,97.925,98.583984375,0.6589843750000028
deepgini,ad2019,25,0.9,0.1,98.7,98.974609375,0.27460937499999716
deepgini,ad2019,30,0.0,0.1,94.05,95.751953125,1.7019531250000028
deepgini,ad2019,30,0.1,0.1,94.3,95.751953125,1.4519531250000028
deepgini,ad2019,30,0.2,0.1,94.675,96.3134765625,1.6384765625000028
deepgini,ad2019,30,0.3,0.1,94.975,96.4111328125,1.4361328125000057
deepgini,ad2019,30,0.4,0.1,95.35,96.7041015625,1.3541015625000057
deepgini,ad2019,30,0.5,0.1,95.675,96.923828125,1.2488281250000028
deepgini,ad2019,30,0.6,0.1,96.39999999999999,97.8759765625,1.4759765625000085
deepgini,ad2019,30,0.7,0.1,97.1,98.1689453125,1.0689453125000057
deepgini,ad2019,30,0.8,0.1,97.925,98.583984375,0.6589843750000028
deepgini,ad2019,30,0.9,0.1,98.7,98.974609375,0.27460937499999716
dat,ad2019,25,0.0,0.01,94.05,95.556640625,1.5066406250000028
dat,ad2019,25,0.1,0.01,94.3,96.142578125,1.8425781250000028
dat,ad2019,25,0.2,0.01,94.675,94.7021484375,0.027148437500002842
dat,ad2019,25,0.3,0.01,94.975,97.119140625,2.1441406250000057
dat,ad2019,25,0.4,0.01,95.35,97.0947265625,1.7447265625000057
dat,ad2019,25,0.5,0.01,95.675,96.0693359375,0.39433593750000284
dat,ad2019,25,0.6,0.01,96.39999999999999,97.4365234375,1.0365234375000085
dat,ad2019,25,0.7,0.01,97.1,98.291015625,1.1910156250000057
dat,ad2019,25,0.8,0.01,97.925,98.9501953125,1.0251953125000028
dat,ad2019,25,0.9,0.01,98.7,99.2431640625,0.5431640624999972
dat,ad2019,30,0.0,0.01,94.05,95.556640625,1.5066406250000028
dat,ad2019,30,0.1,0.01,94.3,96.19140625,1.8914062500000028
dat,ad2019,30,0.2,0.01,94.675,94.7021484375,0.027148437500002842
dat,ad2019,30,0.3,0.01,94.975,97.119140625,2.1441406250000057
dat,ad2019,30,0.4,0.01,95.35,97.2900390625,1.9400390625000057
dat,ad2019,30,0.5,0.01,95.675,96.0693359375,0.39433593750000284
dat,ad2019,30,0.6,0.01,96.39999999999999,97.5341796875,1.1341796875000085
dat,ad2019,30,0.7,0.01,97.1,98.33984375,1.2398437500000057
dat,ad2019,30,0.8,0.01,97.925,98.9501953125,1.0251953125000028
dat,ad2019,30,0.9,0.01,98.7,99.2431640625,0.5431640624999972
dat,ad2019,25,0.0,0.03,94.05,95.751953125,1.7019531250000028
dat,ad2019,25,0.1,0.03,94.3,94.7509765625,0.45097656250000284
dat,ad2019,25,0.2,0.03,94.675,94.9462890625,0.27128906250000284
dat,ad2019,25,0.3,0.03,94.975,97.1435546875,2.1685546875000057
dat,ad2019,25,0.4,0.03,95.35,97.8515625,2.5015625000000057
dat,ad2019,25,0.5,0.03,95.675,97.94921875,2.274218750000003
dat,ad2019,25,0.6,0.03,96.39999999999999,97.6318359375,1.2318359375000085
dat,ad2019,25,0.7,0.03,97.1,97.94921875,0.8492187500000057
dat,ad2019,25,0.8,0.03,97.925,98.92578125,1.0007812500000028
dat,ad2019,25,0.9,0.03,98.7,99.1455078125,0.44550781249999716
dat,ad2019,30,0.0,0.03,94.05,95.751953125,1.7019531250000028
dat,ad2019,30,0.1,0.03,94.3,94.7509765625,0.45097656250000284
dat,ad2019,30,0.2,0.03,94.675,95.1904296875,0.5154296875000028
dat,ad2019,30,0.3,0.03,94.975,97.1923828125,2.2173828125000057
dat,ad2019,30,0.4,0.03,95.35,97.8515625,2.5015625000000057
dat,ad2019,30,0.5,0.03,95.675,98.0224609375,2.347460937500003
dat,ad2019,30,0.6,0.03,96.39999999999999,97.7783203125,1.3783203125000085
dat,ad2019,30,0.7,0.03,97.1,97.94921875,0.8492187500000057
dat,ad2019,30,0.8,0.03,97.925,98.92578125,1.0007812500000028
dat,ad2019,30,0.9,0.03,98.7,99.1455078125,0.44550781249999716
dat,ad2019,25,0.0,0.05,94.05,95.6298828125,1.5798828125000028
dat,ad2019,25,0.1,0.05,94.3,95.703125,1.4031250000000028
dat,ad2019,25,0.2,0.05,94.675,95.4345703125,0.7595703125000028
dat,ad2019,25,0.3,0.05,94.975,96.7529296875,1.7779296875000057
dat,ad2019,25,0.4,0.05,95.35,97.8759765625,2.5259765625000057
dat,ad2019,25,0.5,0.05,95.675,98.2421875,2.567187500000003
dat,ad2019,25,0.6,0.05,96.39999999999999,97.36328125,0.9632812500000085
dat,ad2019,25,0.7,0.05,97.1,98.291015625,1.1910156250000057
dat,ad2019,25,0.8,0.05,97.925,98.681640625,0.7566406250000028
dat,ad2019,25,0.9,0.05,98.7,99.0234375,0.32343749999999716
dat,ad2019,30,0.0,0.05,94.05,95.6298828125,1.5798828125000028
dat,ad2019,30,0.1,0.05,94.3,95.703125,1.4031250000000028
dat,ad2019,30,0.2,0.05,94.675,95.4345703125,0.7595703125000028
dat,ad2019,30,0.3,0.05,94.975,96.7529296875,1.7779296875000057
dat,ad2019,30,0.4,0.05,95.35,97.8759765625,2.5259765625000057
dat,ad2019,30,0.5,0.05,95.675,98.2421875,2.567187500000003
dat,ad2019,30,0.6,0.05,96.39999999999999,97.36328125,0.9632812500000085
dat,ad2019,30,0.7,0.05,97.1,98.291015625,1.1910156250000057
dat,ad2019,30,0.8,0.05,97.925,98.681640625,0.7566406250000028
dat,ad2019,30,0.9,0.05,98.7,99.0234375,0.32343749999999716
dat,ad2019,25,0.0,0.1,94.05,95.703125,1.6531250000000028
dat,ad2019,25,0.1,0.1,94.3,95.9716796875,1.6716796875000028
dat,ad2019,25,0.2,0.1,94.675,96.2158203125,1.5408203125000028
dat,ad2019,25,0.3,0.1,94.975,96.8505859375,1.8755859375000057
dat,ad2019,25,0.4,0.1,95.35,97.1923828125,1.8423828125000057
dat,ad2019,25,0.5,0.1,95.675,97.5830078125,1.9080078125000028
dat,ad2019,25,0.6,0.1,96.39999999999999,97.8271484375,1.4271484375000085
dat,ad2019,25,0.7,0.1,97.1,98.388671875,1.2886718750000057
dat,ad2019,25,0.8,0.1,97.925,98.7060546875,0.7810546875000028
dat,ad2019,25,0.9,0.1,98.7,99.072265625,0.37226562499999716
dat,ad2019,30,0.0,0.1,94.05,95.703125,1.6531250000000028
dat,ad2019,30,0.1,0.1,94.3,95.9716796875,1.6716796875000028
dat,ad2019,30,0.2,0.1,94.675,96.2158203125,1.5408203125000028
dat,ad2019,30,0.3,0.1,94.975,96.8505859375,1.8755859375000057
dat,ad2019,30,0.4,0.1,95.35,97.1923828125,1.8423828125000057
dat,ad2019,30,0.5,0.1,95.675,97.5830078125,1.9080078125000028
dat,ad2019,30,0.6,0.1,96.39999999999999,97.8271484375,1.4271484375000085
dat,ad2019,30,0.7,0.1,97.1,98.388671875,1.2886718750000057
dat,ad2019,30,0.8,0.1,97.925,98.7060546875,0.7810546875000028
dat,ad2019,30,0.9,0.1,98.7,99.072265625,0.37226562499999716
entropy,ad2018,25,1.0,0.01,99.45,99.462890625,0.012890624999997158
entropy,ad2018,30,1.0,0.01,99.45,99.462890625,0.012890624999997158
entropy,ad2018,25,1.0,0.03,99.45,99.462890625,0.012890624999997158
entropy,ad2018,30,1.0,0.03,99.45,99.462890625,0.012890624999997158
entropy,ad2018,25,1.0,0.05,99.45,99.462890625,0.012890624999997158
entropy,ad2018,30,1.0,0.05,99.45,99.462890625,0.012890624999997158
entropy,ad2018,25,1.0,0.1,99.45,99.462890625,0.012890624999997158
entropy,ad2018,30,1.0,0.1,99.45,99.462890625,0.012890624999997158
deepgini,ad2018,25,1.0,0.01,99.45,99.462890625,0.012890624999997158
deepgini,ad2018,30,1.0,0.01,99.45,99.462890625,0.012890624999997158
deepgini,ad2018,25,1.0,0.03,99.45,99.462890625,0.012890624999997158
deepgini,ad2018,30,1.0,0.03,99.45,99.462890625,0.012890624999997158
deepgini,ad2018,25,1.0,0.05,99.45,99.462890625,0.012890624999997158
deepgini,ad2018,30,1.0,0.05,99.45,99.462890625,0.012890624999997158
deepgini,ad2018,25,1.0,0.1,99.45,99.462890625,0.012890624999997158
deepgini,ad2018,30,1.0,0.1,99.45,99.462890625,0.012890624999997158
entropy,drebin,25,1.0,0.01,99.45,99.462890625,0.012890624999997158
entropy,drebin,30,1.0,0.01,99.45,99.462890625,0.012890624999997158
entropy,drebin,25,1.0,0.03,99.45,99.462890625,0.012890624999997158
entropy,drebin,30,1.0,0.03,99.45,99.462890625,0.012890624999997158
entropy,drebin,25,1.0,0.05,99.45,99.462890625,0.012890624999997158
entropy,drebin,30,1.0,0.05,99.45,99.462890625,0.012890624999997158
entropy,drebin,25,1.0,0.1,99.45,99.462890625,0.012890624999997158
entropy,drebin,30,1.0,0.1,99.45,99.462890625,0.012890624999997158
deepgini,drebin,25,1.0,0.01,99.45,99.462890625,0.012890624999997158
deepgini,drebin,30,1.0,0.01,99.45,99.462890625,0.012890624999997158
deepgini,drebin,25,1.0,0.03,99.45,99.462890625,0.012890624999997158
deepgini,drebin,30,1.0,0.03,99.45,99.462890625,0.012890624999997158
deepgini,drebin,25,1.0,0.05,99.45,99.462890625,0.012890624999997158
deepgini,drebin,30,1.0,0.05,99.45,99.462890625,0.012890624999997158
deepgini,drebin,25,1.0,0.1,99.45,99.462890625,0.012890624999997158
deepgini,drebin,30,1.0,0.1,99.45,99.462890625,0.012890624999997158
entropy,ad2019,25,1.0,0.01,99.45,99.462890625,0.012890624999997158
entropy,ad2019,30,1.0,0.01,99.45,99.462890625,0.012890624999997158
entropy,ad2019,25,1.0,0.03,99.45,99.462890625,0.012890624999997158
entropy,ad2019,30,1.0,0.03,99.45,99.462890625,0.012890624999997158
entropy,ad2019,25,1.0,0.05,99.45,99.462890625,0.012890624999997158
entropy,ad2019,30,1.0,0.05,99.45,99.462890625,0.012890624999997158
entropy,ad2019,25,1.0,0.1,99.45,99.462890625,0.012890624999997158
entropy,ad2019,30,1.0,0.1,99.45,99.462890625,0.012890624999997158
deepgini,ad2019,25,1.0,0.01,99.45,99.462890625,0.012890624999997158
deepgini,ad2019,30,1.0,0.01,99.45,99.462890625,0.012890624999997158
deepgini,ad2019,25,1.0,0.03,99.45,99.462890625,0.012890624999997158
deepgini,ad2019,30,1.0,0.03,99.45,99.462890625,0.012890624999997158
deepgini,ad2019,25,1.0,0.05,99.45,99.462890625,0.012890624999997158
deepgini,ad2019,30,1.0,0.05,99.45,99.462890625,0.012890624999997158
deepgini,ad2019,25,1.0,0.1,99.45,99.462890625,0.012890624999997158
deepgini,ad2019,30,1.0,0.1,99.45,99.462890625,0.012890624999997158
none,ad2018,25,0.0,1.0,92.85,96.484375,3.6343750000000057
none,ad2018,25,0.1,1.0,93.10000000000001,96.8994140625,3.7994140624999915
none,ad2018,25,0.2,1.0,93.375,96.8505859375,3.4755859375
none,ad2018,25,0.3,1.0,93.55,96.923828125,3.373828125000003
none,ad2018,25,0.4,1.0,93.77499999999999,97.1435546875,3.3685546875000085
none,ad2018,25,0.5,1.0,94.425,97.119140625,2.694140625000003
none,ad2018,25,0.6,1.0,95.25,97.4365234375,2.1865234375
none,ad2018,25,0.7,1.0,96.65,97.5830078125,0.9330078124999943
none,ad2018,25,0.8,1.0,97.65,98.3642578125,0.7142578124999943
none,ad2018,25,0.9,1.0,98.575,98.779296875,0.20429687499999716
none,ad2018,25,1.0,1.0,99.45,99.462890625,0.012890624999997158
none,ad2018,30,0.0,1.0,92.85,96.484375,3.6343750000000057
none,ad2018,30,0.1,1.0,93.10000000000001,96.8994140625,3.7994140624999915
none,ad2018,30,0.2,1.0,93.375,96.8994140625,3.5244140625
none,ad2018,30,0.3,1.0,93.55,96.923828125,3.373828125000003
none,ad2018,30,0.4,1.0,93.77499999999999,97.1435546875,3.3685546875000085
none,ad2018,30,0.5,1.0,94.425,97.119140625,2.694140625000003
none,ad2018,30,0.6,1.0,95.25,97.4365234375,2.1865234375
none,ad2018,30,0.7,1.0,96.65,97.5830078125,0.9330078124999943
none,ad2018,30,0.8,1.0,97.65,98.3642578125,0.7142578124999943
none,ad2018,30,0.9,1.0,98.575,98.779296875,0.20429687499999716
none,ad2018,30,1.0,1.0,99.45,99.462890625,0.012890624999997158
none,drebin,25,0.0,1.0,69.72500000000001,98.3154296875,28.59042968749999
none,drebin,25,0.1,1.0,72.89999999999999,98.3642578125,25.46425781250001
none,drebin,25,0.2,1.0,76.02499999999999,98.388671875,22.36367187500001
none,drebin,25,0.3,1.0,78.825,98.6572265625,19.832226562499997
none,drebin,25,0.4,1.0,82.0,98.53515625,16.53515625
none,drebin,25,0.5,1.0,84.925,98.583984375,13.658984375000003
none,drebin,25,0.6,1.0,87.875,98.681640625,10.806640625
none,drebin,25,0.7,1.0,90.64999999999999,98.8525390625,8.202539062500009
none,drebin,25,0.8,1.0,93.55,98.4375,4.887500000000003
none,drebin,25,0.9,1.0,96.7,98.681640625,1.9816406249999972
none,drebin,25,1.0,1.0,99.45,99.462890625,0.012890624999997158
none,drebin,30,0.0,1.0,69.72500000000001,98.33984375,28.61484374999999
none,drebin,30,0.1,1.0,72.89999999999999,98.3642578125,25.46425781250001
none,drebin,30,0.2,1.0,76.02499999999999,98.388671875,22.36367187500001
none,drebin,30,0.3,1.0,78.825,98.6572265625,19.832226562499997
none,drebin,30,0.4,1.0,82.0,98.53515625,16.53515625
none,drebin,30,0.5,1.0,84.925,98.583984375,13.658984375000003
none,drebin,30,0.6,1.0,87.875,98.681640625,10.806640625
none,drebin,30,0.7,1.0,90.64999999999999,98.8525390625,8.202539062500009
none,drebin,30,0.8,1.0,93.55,98.4375,4.887500000000003
none,drebin,30,0.9,1.0,96.7,98.681640625,1.9816406249999972
none,drebin,30,1.0,1.0,99.45,99.462890625,0.012890624999997158
none,ad2019,25,0.0,1.0,94.05,97.2900390625,3.240039062500003
none,ad2019,25,0.1,1.0,94.3,96.9482421875,2.648242187500003
none,ad2019,25,0.2,1.0,94.675,97.4365234375,2.761523437500003
none,ad2019,25,0.3,1.0,94.975,97.65625,2.6812500000000057
none,ad2019,25,0.4,1.0,95.35,97.705078125,2.3550781250000057
none,ad2019,25,0.5,1.0,95.675,98.0224609375,2.347460937500003
none,ad2019,25,0.6,1.0,96.39999999999999,98.2421875,1.8421875000000085
none,ad2019,25,0.7,1.0,97.1,98.5595703125,1.4595703125000057
none,ad2019,25,0.8,1.0,97.925,98.876953125,0.9519531250000028
none,ad2019,25,0.9,1.0,98.7,99.0966796875,0.39667968749999716
none,ad2019,25,1.0,1.0,99.45,99.462890625,0.012890624999997158
none,ad2019,30,0.0,1.0,94.05,97.412109375,3.362109375000003
none,ad2019,30,0.1,1.0,94.3,96.9482421875,2.648242187500003
none,ad2019,30,0.2,1.0,94.675,97.4365234375,2.761523437500003
none,ad2019,30,0.3,1.0,94.975,97.65625,2.6812500000000057
none,ad2019,30,0.4,1.0,95.35,97.705078125,2.3550781250000057
none,ad2019,30,0.5,1.0,95.675,98.0224609375,2.347460937500003
none,ad2019,30,0.6,1.0,96.39999999999999,98.2421875,1.8421875000000085
none,ad2019,30,0.7,1.0,97.1,98.5595703125,1.4595703125000057
none,ad2019,30,0.8,1.0,97.925,98.876953125,0.9519531250000028
none,ad2019,30,0.9,1.0,98.7,99.0966796875,0.39667968749999716
none,ad2019,30,1.0,1.0,99.45,99.462890625,0.012890624999997158
random,ad2018,30,0.0,0.01,93.025,94.52499747276306,1.4999974727630558
random,ad2018,30,0.1,0.01,93.325,94.59999799728394,1.2749979972839327
random,ad2018,30,0.2,0.01,93.575,94.0999984741211,0.5249984741210909
random,ad2018,30,0.3,0.01,93.675,93.94999742507935,0.27499742507934855
random,ad2018,30,0.4,0.01,93.95,93.94999742507935,-2.574920657139046e-06
random,ad2018,30,0.5,0.01,94.39999999999999,94.40000057220459,5.722045983702628e-07
random,ad2018,30,0.6,0.01,95.575,95.57499885559082,-1.144409182529671e-06
random,ad2018,30,0.7,0.01,96.675,97.52500057220459,0.8500005722045927
random,ad2018,30,0.8,0.01,97.6,97.79999852180481,0.19999852180481525
random,ad2018,30,0.9,0.01,98.52499999999999,98.57500195503235,0.05000195503235716
random,ad2018,30,1.0,0.01,99.425,99.42499995231628,-4.768371297814156e-08
random,ad2018,30,0.0,0.03,93.025,94.27499771118164,1.249997711181635
random,ad2018,30,0.1,0.03,93.325,94.65000033378601,1.325000333786008
random,ad2018,30,0.2,0.03,93.575,95.42499780654907,1.8499978065490694
random,ad2018,30,0.3,0.03,93.675,95.74999809265137,2.07499809265137
random,ad2018,30,0.4,0.03,93.95,95.97499966621399,2.0249996662139864
random,ad2018,30,0.5,0.03,94.39999999999999,95.92499732971191,1.5249973297119226
random,ad2018,30,0.6,0.03,95.575,97.02500104904175,1.4500010490417452
random,ad2018,30,0.7,0.03,96.675,97.39999771118164,0.7249977111816435
random,ad2018,30,0.8,0.03,97.6,98.00000190734863,0.4000019073486385
random,ad2018,30,0.9,0.03,98.52499999999999,98.52499961853027,-3.8146971803598717e-07
random,ad2018,30,1.0,0.03,99.425,99.42499995231628,-4.768371297814156e-08
random,ad2018,30,0.0,0.05,93.025,94.34999823570251,1.324998235702509
random,ad2018,30,0.1,0.05,93.325,94.74999904632568,1.4249990463256808
random,ad2018,30,0.2,0.05,93.575,94.24999952316284,0.674999523162839
random,ad2018,30,0.3,0.05,93.675,95.49999833106995,1.8249983310699491
random,ad2018,30,0.4,0.05,93.95,96.22499942779541,2.2749994277954073
random,ad2018,30,0.5,0.05,94.39999999999999,96.5250015258789,2.1250015258789148
random,ad2018,30,0.6,0.05,95.575,96.82499766349792,1.249997663497922
random,ad2018,30,0.7,0.05,96.675,96.79999947547913,0.12499947547912882
random,ad2018,30,0.8,0.05,97.6,98.15000295639038,0.5500029563903865
random,ad2018,30,0.9,0.05,98.52499999999999,98.62499833106995,0.09999833106995482
random,ad2018,30,1.0,0.05,99.425,99.47500228881836,0.05000228881836222
random,ad2018,30,0.0,0.1,93.025,93.65000128746033,0.6250012874603215
random,ad2018,30,0.1,0.1,93.325,95.24999856948853,1.9249985694885225
random,ad2018,30,0.2,0.1,93.575,94.62500214576721,1.050002145767209
random,ad2018,30,0.3,0.1,93.675,95.87500095367432,2.2000009536743192
random,ad2018,30,0.4,0.1,93.95,95.99999785423279,2.0499978542327852
random,ad2018,30,0.5,0.1,94.39999999999999,96.39999866485596,1.9999986648559656
random,ad2018,30,0.6,0.1,95.575,96.62500023841858,1.0500002384185763
random,ad2018,30,0.7,0.1,96.675,97.29999899864197,0.6249989986419706
random,ad2018,30,0.8,0.1,97.6,98.1000006198883,0.5000006198883113
random,ad2018,30,0.9,0.1,98.52499999999999,98.52499961853027,-3.8146971803598717e-07
random,ad2018,30,1.0,0.1,99.425,99.42499995231628,-4.768371297814156e-08
gd,ad2018,30,0.0,0.01,93.025,94.24999952316284,1.2249995231628361
gd,ad2018,30,0.1,0.01,93.325,95.3499972820282,2.0249972820281954
gd,ad2018,30,0.2,0.01,93.575,95.05000114440918,1.4750011444091768
gd,ad2018,30,0.3,0.01,93.675,93.87500286102295,0.20000286102295206
gd,ad2018,30,0.4,0.01,93.95,94.42499876022339,0.47499876022338583
gd,ad2018,30,0.5,0.01,94.39999999999999,95.09999752044678,0.6999975204467859
gd,ad2018,30,0.6,0.01,95.575,96.39999866485596,0.8249986648559542
gd,ad2018,30,0.7,0.01,96.675,97.04999923706055,0.3749992370605497
gd,ad2018,30,0.8,0.01,97.6,97.82500267028809,0.22500267028809162
gd,ad2018,30,0.9,0.01,98.52499999999999,98.52499961853027,-3.8146971803598717e-07
gd,ad2018,30,1.0,0.01,99.425,99.44999814033508,0.02499814033508585
gd,ad2018,30,0.0,0.03,93.025,93.7250018119812,0.7000018119811955
gd,ad2018,30,0.1,0.03,93.325,95.39999961853027,2.0749996185302706
gd,ad2018,30,0.2,0.03,93.575,95.57499885559082,1.9999988555908175
gd,ad2018,30,0.3,0.03,93.675,94.9750006198883,1.3000006198883085
gd,ad2018,30,0.4,0.03,93.95,94.87500190734863,0.92500190734863
gd,ad2018,30,0.5,0.03,94.39999999999999,94.40000057220459,5.722045983702628e-07
gd,ad2018,30,0.6,0.03,95.575,95.97499966621399,0.3999996662139864
gd,ad2018,30,0.7,0.03,96.675,97.42500185966492,0.7500018596649198
gd,ad2018,30,0.8,0.03,97.6,98.04999828338623,0.44999828338623615
gd,ad2018,30,0.9,0.03,98.52499999999999,98.54999780654907,0.024997806549080792
gd,ad2018,30,1.0,0.03,99.425,99.42499995231628,-4.768371297814156e-08
gd,ad2018,30,0.0,0.05,93.025,94.90000009536743,1.875000095367426
gd,ad2018,30,0.1,0.05,93.325,95.07499933242798,1.7499993324279757
gd,ad2018,30,0.2,0.05,93.575,94.49999928474426,0.9249992847442599
gd,ad2018,30,0.3,0.05,93.675,94.42499876022339,0.7499987602233915
gd,ad2018,30,0.4,0.05,93.95,96.07499837875366,2.1249983787536593
gd,ad2018,30,0.5,0.05,94.39999999999999,94.92499828338623,0.524998283386239
gd,ad2018,30,0.6,0.05,95.575,95.6250011920929,0.050001192092892666
gd,ad2018,30,0.7,0.05,96.675,97.47499823570251,0.7999982357025175
gd,ad2018,30,0.8,0.05,97.6,98.04999828338623,0.44999828338623615
gd,ad2018,30,0.9,0.05,98.52499999999999,98.62499833106995,0.09999833106995482
gd,ad2018,30,1.0,0.05,99.425,99.42499995231628,-4.768371297814156e-08
gd,ad2018,30,0.0,0.1,93.025,94.82499957084656,1.799999570846552
gd,ad2018,30,0.1,0.1,93.325,94.47500109672546,1.150001096725461
gd,ad2018,30,0.2,0.1,93.575,95.39999961853027,1.8249996185302706
gd,ad2018,30,0.3,0.1,93.675,95.3499972820282,1.674997282028201
gd,ad2018,30,0.4,0.1,93.95,95.97499966621399,2.0249996662139864
gd,ad2018,30,0.5,0.1,94.39999999999999,95.87500095367432,1.475000953674325
gd,ad2018,30,0.6,0.1,95.575,96.62500023841858,1.0500002384185763
gd,ad2018,30,0.7,0.1,96.675,97.47499823570251,0.7999982357025175
gd,ad2018,30,0.8,0.1,97.6,98.17500114440918,0.5750011444091854
gd,ad2018,30,0.9,0.1,98.52499999999999,98.52499961853027,-3.8146971803598717e-07
gd,ad2018,30,1.0,0.1,99.425,99.47500228881836,0.05000228881836222
random,drebin,30,0.0,0.01,69.825,84.7000002861023,14.875000286102292
random,drebin,30,0.1,0.01,73.125,85.39999723434448,12.274997234344482
random,drebin,30,0.2,0.01,76.47500000000001,89.24999833106995,12.774998331069938
random,drebin,30,0.3,0.01,79.375,90.75000286102295,11.37500286102295
random,drebin,30,0.4,0.01,82.3,92.12499856948853,9.824998569488528
random,drebin,30,0.5,0.01,85.32499999999999,92.2249972820282,6.89999728202821
random,drebin,30,0.6,0.01,88.2,94.32500004768372,6.125000047683713
random,drebin,30,0.7,0.01,90.675,94.9500024318695,4.27500243186951
random,drebin,30,0.8,0.01,93.575,96.07499837875366,2.4999983787536593
random,drebin,30,0.9,0.01,96.2,97.67500162124634,1.475001621246335
random,drebin,30,1.0,0.01,99.425,99.42499995231628,-4.768371297814156e-08
random,drebin,30,0.0,0.03,69.825,88.40000033378601,18.575000333786008
random,drebin,30,0.1,0.03,73.125,89.0500009059906,15.9250009059906
random,drebin,30,0.2,0.03,76.47500000000001,91.67500138282776,15.20000138282775
random,drebin,30,0.3,0.03,79.375,91.10000133514404,11.725001335144043
random,drebin,30,0.4,0.03,82.3,92.65000224113464,10.350002241134646
random,drebin,30,0.5,0.03,85.32499999999999,93.65000128746033,8.325001287460339
random,drebin,30,0.6,0.03,88.2,94.84999775886536,6.649997758865354
random,drebin,30,0.7,0.03,90.675,95.39999961853027,4.724999618530276
random,drebin,30,0.8,0.03,93.575,96.79999947547913,3.224999475479123
random,drebin,30,0.9,0.03,96.2,97.97499775886536,1.7749977588653536
random,drebin,30,1.0,0.03,99.425,99.44999814033508,0.02499814033508585
random,drebin,30,0.0,0.05,69.825,88.95000219345093,19.125002193450925
random,drebin,30,0.1,0.05,73.125,90.9500002861023,17.825000286102295
random,drebin,30,0.2,0.05,76.47500000000001,89.70000147819519,13.225001478195182
random,drebin,30,0.3,0.05,79.375,92.44999885559082,13.07499885559082
random,drebin,30,0.4,0.05,82.3,93.67499947547913,11.374999475479129
random,drebin,30,0.5,0.05,85.32499999999999,94.0500020980835,8.725002098083507
random,drebin,30,0.6,0.05,88.2,94.55000162124634,6.350001621246335
random,drebin,30,0.7,0.05,90.675,95.17499804496765,4.499998044967654
random,drebin,30,0.8,0.05,93.575,96.67500257492065,3.1000025749206515
random,drebin,30,0.9,0.05,96.2,97.29999899864197,1.099998998641965
random,drebin,30,1.0,0.05,99.425,99.42499995231628,-4.768371297814156e-08
random,drebin,30,0.0,0.1,69.825,90.89999794960022,21.074997949600217
random,drebin,30,0.1,0.1,73.125,91.25000238418579,18.12500238418579
random,drebin,30,0.2,0.1,76.47500000000001,92.2249972820282,15.74999728202819
random,drebin,30,0.3,0.1,79.375,93.19999814033508,13.824998140335083
random,drebin,30,0.4,0.1,82.3,94.22500133514404,11.925001335144046
random,drebin,30,0.5,0.1,85.32499999999999,94.52499747276306,9.199997472763073
random,drebin,30,0.6,0.1,88.2,96.05000019073486,7.85000019073486
random,drebin,30,0.7,0.1,90.675,95.82499861717224,5.149998617172244
random,drebin,30,0.8,0.1,93.575,97.25000262260437,3.6750026226043673
random,drebin,30,0.9,0.1,96.2,97.97499775886536,1.7749977588653536
random,drebin,30,1.0,0.1,99.425,99.44999814033508,0.02499814033508585
gd,drebin,30,0.0,0.01,69.825,86.77499890327454,16.949998903274533
gd,drebin,30,0.1,0.01,73.125,88.57499957084656,15.449999570846558
gd,drebin,30,0.2,0.01,76.47500000000001,90.54999947547913,14.074999475479117
gd,drebin,30,0.3,0.01,79.375,89.30000066757202,9.925000667572021
gd,drebin,30,0.4,0.01,82.3,89.85000252723694,7.550002527236941
gd,drebin,30,0.5,0.01,85.32499999999999,91.35000109672546,6.025001096725475
gd,drebin,30,0.6,0.01,88.2,94.19999718666077,5.999997186660764
gd,drebin,30,0.7,0.01,90.675,95.07499933242798,4.399999332427981
gd,drebin,30,0.8,0.01,93.575,95.95000147819519,2.3750014781951876
gd,drebin,30,0.9,0.01,96.2,96.20000123977661,1.239776608485954e-06
gd,drebin,30,1.0,0.01,99.425,99.42499995231628,-4.768371297814156e-08
gd,drebin,30,0.0,0.03,69.825,88.24999928474426,18.42499928474426
gd,drebin,30,0.1,0.03,73.125,89.99999761581421,16.87499761581421
gd,drebin,30,0.2,0.03,76.47500000000001,90.77500104904175,14.30000104904174
gd,drebin,30,0.3,0.03,79.375,91.20000004768372,11.825000047683716
gd,drebin,30,0.4,0.03,82.3,92.40000247955322,10.100002479553225
gd,drebin,30,0.5,0.03,85.32499999999999,94.0999984741211,8.774998474121105
gd,drebin,30,0.6,0.03,88.2,95.20000219345093,7.000002193450925
gd,drebin,30,0.7,0.03,90.675,95.52500247955322,4.8500024795532255
gd,drebin,30,0.8,0.03,93.575,97.07499742507935,3.499997425079343
gd,drebin,30,0.9,0.03,96.2,97.57500290870667,1.3750029087066622
gd,drebin,30,1.0,0.03,99.425,99.47500228881836,0.05000228881836222
gd,drebin,30,0.0,0.05,69.825,88.99999856948853,19.174998569488523
gd,drebin,30,0.1,0.05,73.125,89.92499709129333,16.799997091293335
gd,drebin,30,0.2,0.05,76.47500000000001,91.12499952316284,14.649999523162833
gd,drebin,30,0.3,0.05,79.375,92.69999861717224,13.324998617172241
gd,drebin,30,0.4,0.05,82.3,93.12499761581421,10.824997615814212
gd,drebin,30,0.5,0.05,85.32499999999999,94.45000290870667,9.125002908706676
gd,drebin,30,0.6,0.05,88.2,95.42499780654907,7.224997806549069
gd,drebin,30,0.7,0.05,90.675,95.89999914169312,5.224999141693118
gd,drebin,30,0.8,0.05,93.575,97.12499976158142,3.549999761581418
gd,drebin,30,0.9,0.05,96.2,97.52500057220459,1.325000572204587
gd,drebin,30,1.0,0.05,99.425,99.47500228881836,0.05000228881836222
gd,drebin,30,0.0,0.1,69.825,90.85000157356262,21.02500157356262
gd,drebin,30,0.1,0.1,73.125,91.8500006198883,18.725000619888306
gd,drebin,30,0.2,0.1,76.47500000000001,93.09999942779541,16.6249994277954
gd,drebin,30,0.3,0.1,79.375,93.55000257492065,14.175002574920654
gd,drebin,30,0.4,0.1,82.3,94.0999984741211,11.799998474121097
gd,drebin,30,0.5,0.1,85.32499999999999,95.22500038146973,9.900000381469738
gd,drebin,30,0.6,0.1,88.2,95.42499780654907,7.224997806549069
gd,drebin,30,0.7,0.1,90.675,96.35000228881836,5.675002288818362
gd,drebin,30,0.8,0.1,93.575,97.00000286102295,3.4250028610229464
gd,drebin,30,0.9,0.1,96.2,98.1000006198883,1.9000006198883028
gd,drebin,30,1.0,0.1,99.425,99.42499995231628,-4.768371297814156e-08
random,ad2019,30,0.0,0.01,93.675,93.90000104904175,0.2250010490417509
random,ad2019,30,0.1,0.01,94.0,95.45000195503235,1.4500019550323486
random,ad2019,30,0.2,0.01,94.525,96.32499814033508,1.7999981403350773
random,ad2019,30,0.3,0.01,94.75,94.84999775886536,0.09999775886535645
random,ad2019,30,0.4,0.01,95.025,96.74999713897705,1.724997138977045
random,ad2019,30,0.5,0.01,95.55,97.72499799728394,2.1749979972839384
random,ad2019,30,0.6,0.01,96.375,97.72499799728394,1.3499979972839355
random,ad2019,30,0.7,0.01,97.175,97.85000085830688,0.6750008583068876
random,ad2019,30,0.8,0.01,97.85000000000001,97.85000085830688,8.583068762391122e-07
random,ad2019,30,0.9,0.01,98.65,98.67500066757202,0.0250006675720158
random,ad2019,30,1.0,0.01,99.425,99.42499995231628,-4.768371297814156e-08
random,ad2019,30,0.0,0.03,93.675,95.59999704360962,1.924997043609622
random,ad2019,30,0.1,0.03,94.0,94.70000267028809,0.7000026702880859
random,ad2019,30,0.2,0.03,94.525,94.52499747276306,-2.5272369441609044e-06
random,ad2019,30,0.3,0.03,94.75,94.84999775886536,0.09999775886535645
random,ad2019,30,0.4,0.03,95.025,95.02500295639038,2.956390375175033e-06
random,ad2019,30,0.5,0.03,95.55,95.55000066757202,6.675720243265459e-07
random,ad2019,30,0.6,0.03,96.375,97.69999980926514,1.3249998092651367
random,ad2019,30,0.7,0.03,97.175,98.4250009059906,1.2500009059906034
random,ad2019,30,0.8,0.03,97.85000000000001,98.4749972820282,0.6249972820281897
random,ad2019,30,0.9,0.03,98.65,98.7999975681305,0.14999756813048748
random,ad2019,30,1.0,0.03,99.425,99.42499995231628,-4.768371297814156e-08
random,ad2019,30,0.0,0.05,93.675,94.84999775886536,1.1749977588653593
random,ad2019,30,0.1,0.05,94.0,95.74999809265137,1.7499980926513672
random,ad2019,30,0.2,0.05,94.525,96.45000100135803,1.9250010013580265
random,ad2019,30,0.3,0.05,94.75,95.77500224113464,1.0250022411346436
random,ad2019,30,0.4,0.05,95.025,96.92500233650208,1.9000023365020695
random,ad2019,30,0.5,0.05,95.55,97.77500033378601,2.2250003337860136
random,ad2019,30,0.6,0.05,96.375,96.37500047683716,4.76837158203125e-07
random,ad2019,30,0.7,0.05,97.175,98.29999804496765,1.1249980449676542
random,ad2019,30,0.8,0.05,97.85000000000001,97.85000085830688,8.583068762391122e-07
random,ad2019,30,0.9,0.05,98.65,98.65000247955322,2.479553216971908e-06
random,ad2019,30,1.0,0.05,99.425,99.42499995231628,-4.768371297814156e-08
random,ad2019,30,0.0,0.1,93.675,95.42499780654907,1.749997806549075
random,ad2019,30,0.1,0.1,94.0,96.07499837875366,2.074998378753662
random,ad2019,30,0.2,0.1,94.525,94.59999799728394,0.07499799728392986
random,ad2019,30,0.3,0.1,94.75,94.74999904632568,-9.5367431640625e-07
random,ad2019,30,0.4,0.1,95.025,97.32499718666077,2.299997186660761
random,ad2019,30,0.5,0.1,95.55,97.29999899864197,1.7499989986419706
random,ad2019,30,0.6,0.1,96.375,97.35000133514404,0.975001335144043
random,ad2019,30,0.7,0.1,97.175,97.67500162124634,0.5000016212463407
random,ad2019,30,0.8,0.1,97.85000000000001,98.57500195503235,0.7250019550323401
random,ad2019,30,0.9,0.1,98.65,98.7999975681305,0.14999756813048748
random,ad2019,30,1.0,0.1,99.425,99.47500228881836,0.05000228881836222
gd,ad2019,30,0.0,0.01,93.675,95.14999985694885,1.4749998569488554
gd,ad2019,30,0.1,0.01,94.0,93.99999976158142,-2.384185791015625e-07
gd,ad2019,30,0.2,0.01,94.525,96.22499942779541,1.6999994277954045
gd,ad2019,30,0.3,0.01,94.75,96.14999890327454,1.3999989032745361
gd,ad2019,30,0.4,0.01,95.025,95.09999752044678,0.07499752044677166
gd,ad2019,30,0.5,0.01,95.55,96.92500233650208,1.375002336502078
gd,ad2019,30,0.6,0.01,96.375,97.79999852180481,1.4249985218048096
gd,ad2019,30,0.7,0.01,97.175,97.1750020980835,2.098083498935921e-06
gd,ad2019,30,0.8,0.01,97.85000000000001,98.17500114440918,0.32500114440917116
gd,ad2019,30,0.9,0.01,98.65,98.82500171661377,0.17500171661376385
gd,ad2019,30,1.0,0.01,99.425,99.42499995231628,-4.768371297814156e-08
gd,ad2019,30,0.0,0.03,93.675,93.69999766349792,0.024997663497927647
gd,ad2019,30,0.1,0.03,94.0,95.2750027179718,1.2750027179718018
gd,ad2019,30,0.2,0.03,94.525,96.27500176429749,1.7500017642974797
gd,ad2019,30,0.3,0.03,94.75,97.2000002861023,2.450000286102295
gd,ad2019,30,0.4,0.03,95.025,96.5250015258789,1.5000015258789006
gd,ad2019,30,0.5,0.03,95.55,97.72499799728394,2.1749979972839384
gd,ad2019,30,0.6,0.03,96.375,97.87499904632568,1.4999990463256836
gd,ad2019,30,0.7,0.03,97.175,97.97499775886536,0.7999977588653593
gd,ad2019,30,0.8,0.03,97.85000000000001,98.22499752044678,0.3749975204467688
gd,ad2019,30,0.9,0.03,98.65,98.82500171661377,0.17500171661376385
gd,ad2019,30,1.0,0.03,99.425,99.42499995231628,-4.768371297814156e-08
gd,ad2019,30,0.0,0.05,93.675,94.82499957084656,1.1499995708465605
gd,ad2019,30,0.1,0.05,94.0,95.87500095367432,1.8750009536743164
gd,ad2019,30,0.2,0.05,94.525,96.5749979019165,2.049997901916498
gd,ad2019,30,0.3,0.05,94.75,95.22500038146973,0.47500038146972656
gd,ad2019,30,0.4,0.05,95.025,96.8500018119812,1.8250018119811955
gd,ad2019,30,0.5,0.05,95.55,96.64999842643738,1.0999984264373808
gd,ad2019,30,0.6,0.05,96.375,96.37500047683716,4.76837158203125e-07
gd,ad2019,30,0.7,0.05,97.175,97.79999852180481,0.6249985218048124
gd,ad2019,30,0.8,0.05,97.85000000000001,98.29999804496765,0.44999804496764284
gd,ad2019,30,0.9,0.05,98.65,98.65000247955322,2.479553216971908e-06
gd,ad2019,30,1.0,0.05,99.425,99.42499995231628,-4.768371297814156e-08
gd,ad2019,30,0.0,0.1,93.675,94.52499747276306,0.8499974727630644
gd,ad2019,30,0.1,0.1,94.0,95.82499861717224,1.8249986171722412
gd,ad2019,30,0.2,0.1,94.525,95.87500095367432,1.3500009536743107
gd,ad2019,30,0.3,0.1,94.75,95.99999785423279,1.249997854232788
gd,ad2019,30,0.4,0.1,95.025,96.32499814033508,1.2999981403350773
gd,ad2019,30,0.5,0.1,95.55,98.1249988079071,2.5749988079071073
gd,ad2019,30,0.6,0.1,96.375,96.875,0.5
gd,ad2019,30,0.7,0.1,97.175,98.50000143051147,1.3250014305114775
gd,ad2019,30,0.8,0.1,97.85000000000001,98.60000014305115,0.7500001430511389
gd,ad2019,30,0.9,0.1,98.65,98.67500066757202,0.0250006675720158
gd,ad2019,30,1.0,0.1,99.425,99.42499995231628,-4.768371297814156e-08
