model,retrain_type,test_set,selection_metric,ood,epochs,id_ratio,budget,original_acc,retrain_acc,acc_improvement
basic_dnn,type1,original,random,ad2018,30,0.0,0.01,99.17979002624672,99.1860032081604,0.0062131819136794775
basic_dnn,type1,original,random,ad2018,30,0.1,0.01,99.17979002624672,99.18132424354553,0.0015342172988113134
basic_dnn,type1,original,random,ad2018,30,0.2,0.01,99.17979002624672,99.19536113739014,0.015571111143415806
basic_dnn,type1,original,random,ad2018,30,0.3,0.01,99.17979002624672,99.18132424354553,0.0015342172988113134
basic_dnn,type1,original,random,ad2018,30,0.4,0.01,99.17979002624672,99.18132424354553,0.0015342172988113134
basic_dnn,type1,original,random,ad2018,30,0.5,0.01,99.17979002624672,99.19536113739014,0.015571111143415806
basic_dnn,type1,original,random,ad2018,30,0.6,0.01,99.17979002624672,99.18132424354553,0.0015342172988113134
basic_dnn,type1,original,random,ad2018,30,0.7,0.01,99.17979002624672,99.19536113739014,0.015571111143415806
basic_dnn,type1,original,random,ad2018,30,0.8,0.01,99.17979002624672,99.1860032081604,0.0062131819136794775
basic_dnn,type1,original,random,ad2018,30,0.9,0.01,99.17979002624672,99.19068217277527,0.010892146528547642
basic_dnn,type1,original,random,ad2018,30,0.0,0.03,99.17979002624672,99.19536113739014,0.015571111143415806
basic_dnn,type1,original,random,ad2018,30,0.1,0.03,99.17979002624672,99.18132424354553,0.0015342172988113134
basic_dnn,type1,original,random,ad2018,30,0.2,0.03,99.17979002624672,99.1860032081604,0.0062131819136794775
basic_dnn,type1,original,random,ad2018,30,0.3,0.03,99.17979002624672,99.1860032081604,0.0062131819136794775
basic_dnn,type1,original,random,ad2018,30,0.4,0.03,99.17979002624672,99.2047131061554,0.024923079908674595
basic_dnn,type1,original,random,ad2018,30,0.5,0.03,99.17979002624672,99.18132424354553,0.0015342172988113134
basic_dnn,type1,original,random,ad2018,30,0.6,0.03,99.17979002624672,99.18132424354553,0.0015342172988113134
basic_dnn,type1,original,random,ad2018,30,0.7,0.03,99.17979002624672,99.18132424354553,0.0015342172988113134
basic_dnn,type1,original,random,ad2018,30,0.8,0.03,99.17979002624672,99.18132424354553,0.0015342172988113134
basic_dnn,type1,original,random,ad2018,30,0.9,0.03,99.17979002624672,99.19068217277527,0.010892146528547642
basic_dnn,type1,original,random,ad2018,30,0.0,0.05,99.17979002624672,99.19068217277527,0.010892146528547642
basic_dnn,type1,original,random,ad2018,30,0.1,0.05,99.17979002624672,99.18132424354553,0.0015342172988113134
basic_dnn,type1,original,random,ad2018,30,0.2,0.05,99.17979002624672,99.19068217277527,0.010892146528547642
basic_dnn,type1,original,random,ad2018,30,0.3,0.05,99.17979002624672,99.1860032081604,0.0062131819136794775
basic_dnn,type1,original,random,ad2018,30,0.4,0.05,99.17979002624672,99.1860032081604,0.0062131819136794775
basic_dnn,type1,original,random,ad2018,30,0.5,0.05,99.17979002624672,99.18132424354553,0.0015342172988113134
basic_dnn,type1,original,random,ad2018,30,0.6,0.05,99.17979002624672,99.18132424354553,0.0015342172988113134
basic_dnn,type1,original,random,ad2018,30,0.7,0.05,99.17979002624672,99.18132424354553,0.0015342172988113134
basic_dnn,type1,original,random,ad2018,30,0.8,0.05,99.17979002624672,99.18132424354553,0.0015342172988113134
basic_dnn,type1,original,random,ad2018,30,0.9,0.05,99.17979002624672,99.19068217277527,0.010892146528547642
basic_dnn,type1,original,random,ad2018,30,0.0,0.1,99.17979002624672,99.19068217277527,0.010892146528547642
basic_dnn,type1,original,random,ad2018,30,0.1,0.1,99.17979002624672,99.18132424354553,0.0015342172988113134
basic_dnn,type1,original,random,ad2018,30,0.2,0.1,99.17979002624672,99.19068217277527,0.010892146528547642
basic_dnn,type1,original,random,ad2018,30,0.3,0.1,99.17979002624672,99.1860032081604,0.0062131819136794775
basic_dnn,type1,original,random,ad2018,30,0.4,0.1,99.17979002624672,99.1860032081604,0.0062131819136794775
basic_dnn,type1,original,random,ad2018,30,0.5,0.1,99.17979002624672,99.18132424354553,0.0015342172988113134
basic_dnn,type1,original,random,ad2018,30,0.6,0.1,99.17979002624672,99.18132424354553,0.0015342172988113134
basic_dnn,type1,original,random,ad2018,30,0.7,0.1,99.17979002624672,99.18132424354553,0.0015342172988113134
basic_dnn,type1,original,random,ad2018,30,0.8,0.1,99.17979002624672,99.18132424354553,0.0015342172988113134
basic_dnn,type1,original,random,ad2018,30,0.9,0.1,99.17979002624672,99.19068217277527,0.010892146528547642
basic_dnn,type1,original,gd,ad2018,30,0.0,0.01,99.17979002624672,99.19068217277527,0.010892146528547642
basic_dnn,type1,original,gd,ad2018,30,0.1,0.01,99.17979002624672,99.18132424354553,0.0015342172988113134
basic_dnn,type1,original,gd,ad2018,30,0.2,0.01,99.17979002624672,99.19536113739014,0.015571111143415806
basic_dnn,type1,original,gd,ad2018,30,0.3,0.01,99.17979002624672,99.18132424354553,0.0015342172988113134
basic_dnn,type1,original,gd,ad2018,30,0.4,0.01,99.17979002624672,99.18132424354553,0.0015342172988113134
basic_dnn,type1,original,gd,ad2018,30,0.5,0.01,99.17979002624672,99.19536113739014,0.015571111143415806
basic_dnn,type1,original,gd,ad2018,30,0.6,0.01,99.17979002624672,99.18132424354553,0.0015342172988113134
basic_dnn,type1,original,gd,ad2018,30,0.7,0.01,99.17979002624672,99.18132424354553,0.0015342172988113134
basic_dnn,type1,original,gd,ad2018,30,0.8,0.01,99.17979002624672,99.18132424354553,0.0015342172988113134
basic_dnn,type1,original,gd,ad2018,30,0.9,0.01,99.17979002624672,99.19068217277527,0.010892146528547642
basic_dnn,type1,original,gd,ad2018,30,0.0,0.03,99.17979002624672,99.19068217277527,0.010892146528547642
basic_dnn,type1,original,gd,ad2018,30,0.1,0.03,99.17979002624672,99.19068217277527,0.010892146528547642
basic_dnn,type1,original,gd,ad2018,30,0.2,0.03,99.17979002624672,99.19068217277527,0.010892146528547642
basic_dnn,type1,original,gd,ad2018,30,0.3,0.03,99.17979002624672,99.18132424354553,0.0015342172988113134
basic_dnn,type1,original,gd,ad2018,30,0.4,0.03,99.17979002624672,99.1860032081604,0.0062131819136794775
basic_dnn,type1,original,gd,ad2018,30,0.5,0.03,99.17979002624672,99.18132424354553,0.0015342172988113134
basic_dnn,type1,original,gd,ad2018,30,0.6,0.03,99.17979002624672,99.1860032081604,0.0062131819136794775
basic_dnn,type1,original,gd,ad2018,30,0.7,0.03,99.17979002624672,99.19536113739014,0.015571111143415806
basic_dnn,type1,original,gd,ad2018,30,0.8,0.03,99.17979002624672,99.19068217277527,0.010892146528547642
basic_dnn,type1,original,gd,ad2018,30,0.9,0.03,99.17979002624672,99.18132424354553,0.0015342172988113134
basic_dnn,type1,original,gd,ad2018,30,0.0,0.05,99.17979002624672,99.19068217277527,0.010892146528547642
basic_dnn,type1,original,gd,ad2018,30,0.1,0.05,99.17979002624672,99.18132424354553,0.0015342172988113134
basic_dnn,type1,original,gd,ad2018,30,0.2,0.05,99.17979002624672,99.19068217277527,0.010892146528547642
basic_dnn,type1,original,gd,ad2018,30,0.3,0.05,99.17979002624672,99.1860032081604,0.0062131819136794775
basic_dnn,type1,original,gd,ad2018,30,0.4,0.05,99.17979002624672,99.1860032081604,0.0062131819136794775
basic_dnn,type1,original,gd,ad2018,30,0.5,0.05,99.17979002624672,99.18132424354553,0.0015342172988113134
basic_dnn,type1,original,gd,ad2018,30,0.6,0.05,99.17979002624672,99.18132424354553,0.0015342172988113134
basic_dnn,type1,original,gd,ad2018,30,0.7,0.05,99.17979002624672,99.18132424354553,0.0015342172988113134
basic_dnn,type1,original,gd,ad2018,30,0.8,0.05,99.17979002624672,99.18132424354553,0.0015342172988113134
basic_dnn,type1,original,gd,ad2018,30,0.9,0.05,99.17979002624672,99.19068217277527,0.010892146528547642
basic_dnn,type1,original,gd,ad2018,30,0.0,0.1,99.17979002624672,99.19068217277527,0.010892146528547642
basic_dnn,type1,original,gd,ad2018,30,0.1,0.1,99.17979002624672,99.18132424354553,0.0015342172988113134
basic_dnn,type1,original,gd,ad2018,30,0.2,0.1,99.17979002624672,99.19068217277527,0.010892146528547642
basic_dnn,type1,original,gd,ad2018,30,0.3,0.1,99.17979002624672,99.1860032081604,0.0062131819136794775
basic_dnn,type1,original,gd,ad2018,30,0.4,0.1,99.17979002624672,99.1860032081604,0.0062131819136794775
basic_dnn,type1,original,gd,ad2018,30,0.5,0.1,99.17979002624672,99.18132424354553,0.0015342172988113134
basic_dnn,type1,original,gd,ad2018,30,0.6,0.1,99.17979002624672,99.18132424354553,0.0015342172988113134
basic_dnn,type1,original,gd,ad2018,30,0.7,0.1,99.17979002624672,99.18132424354553,0.0015342172988113134
basic_dnn,type1,original,gd,ad2018,30,0.8,0.1,99.17979002624672,99.18132424354553,0.0015342172988113134
basic_dnn,type1,original,gd,ad2018,30,0.9,0.1,99.17979002624672,99.19068217277527,0.010892146528547642
basic_dnn,type1,original,entropy,ad2018,30,0.0,0.01,99.17979002624672,99.1860032081604,0.0062131819136794775
basic_dnn,type1,original,entropy,ad2018,30,0.1,0.01,99.17979002624672,99.1860032081604,0.0062131819136794775
basic_dnn,type1,original,entropy,ad2018,30,0.2,0.01,99.17979002624672,99.1860032081604,0.0062131819136794775
basic_dnn,type1,original,entropy,ad2018,30,0.3,0.01,99.17979002624672,99.19068217277527,0.010892146528547642
basic_dnn,type1,original,entropy,ad2018,30,0.4,0.01,99.17979002624672,99.19068217277527,0.010892146528547642
basic_dnn,type1,original,entropy,ad2018,30,0.5,0.01,99.17979002624672,99.19536113739014,0.015571111143415806
basic_dnn,type1,original,entropy,ad2018,30,0.6,0.01,99.17979002624672,99.21407103538513,0.03428100913841092
basic_dnn,type1,original,entropy,ad2018,30,0.7,0.01,99.17979002624672,99.20939207077026,0.02960204452354276
basic_dnn,type1,original,entropy,ad2018,30,0.8,0.01,99.17979002624672,99.20939207077026,0.02960204452354276
basic_dnn,type1,original,entropy,ad2018,30,0.9,0.01,99.17979002624672,99.22342896461487,0.04363893836814725
basic_dnn,type1,original,entropy,ad2018,30,0.0,0.03,99.17979002624672,99.19068217277527,0.010892146528547642
basic_dnn,type1,original,entropy,ad2018,30,0.1,0.03,99.17979002624672,99.19068217277527,0.010892146528547642
basic_dnn,type1,original,entropy,ad2018,30,0.2,0.03,99.17979002624672,99.1860032081604,0.0062131819136794775
basic_dnn,type1,original,entropy,ad2018,30,0.3,0.03,99.17979002624672,99.19068217277527,0.010892146528547642
basic_dnn,type1,original,entropy,ad2018,30,0.4,0.03,99.17979002624672,99.19068217277527,0.010892146528547642
basic_dnn,type1,original,entropy,ad2018,30,0.5,0.03,99.17979002624672,99.1860032081604,0.0062131819136794775
basic_dnn,type1,original,entropy,ad2018,30,0.6,0.03,99.17979002624672,99.19536113739014,0.015571111143415806
basic_dnn,type1,original,entropy,ad2018,30,0.7,0.03,99.17979002624672,99.19536113739014,0.015571111143415806
basic_dnn,type1,original,entropy,ad2018,30,0.8,0.03,99.17979002624672,99.20939207077026,0.02960204452354276
basic_dnn,type1,original,entropy,ad2018,30,0.9,0.03,99.17979002624672,99.22342896461487,0.04363893836814725
basic_dnn,type1,original,entropy,ad2018,30,0.0,0.05,99.17979002624672,99.19068217277527,0.010892146528547642
basic_dnn,type1,original,entropy,ad2018,30,0.1,0.05,99.17979002624672,99.19068217277527,0.010892146528547642
basic_dnn,type1,original,entropy,ad2018,30,0.2,0.05,99.17979002624672,99.1860032081604,0.0062131819136794775
basic_dnn,type1,original,entropy,ad2018,30,0.3,0.05,99.17979002624672,99.19068217277527,0.010892146528547642
basic_dnn,type1,original,entropy,ad2018,30,0.4,0.05,99.17979002624672,99.1860032081604,0.0062131819136794775
basic_dnn,type1,original,entropy,ad2018,30,0.5,0.05,99.17979002624672,99.1860032081604,0.0062131819136794775
basic_dnn,type1,original,entropy,ad2018,30,0.6,0.05,99.17979002624672,99.19068217277527,0.010892146528547642
basic_dnn,type1,original,entropy,ad2018,30,0.7,0.05,99.17979002624672,99.19068217277527,0.010892146528547642
basic_dnn,type1,original,entropy,ad2018,30,0.8,0.05,99.17979002624672,99.21875,0.03895997375327909
basic_dnn,type1,original,entropy,ad2018,30,0.9,0.05,99.17979002624672,99.22342896461487,0.04363893836814725
basic_dnn,type1,original,entropy,ad2018,30,0.0,0.1,99.17979002624672,99.19068217277527,0.010892146528547642
basic_dnn,type1,original,entropy,ad2018,30,0.1,0.1,99.17979002624672,99.19068217277527,0.010892146528547642
basic_dnn,type1,original,entropy,ad2018,30,0.2,0.1,99.17979002624672,99.1860032081604,0.0062131819136794775
basic_dnn,type1,original,entropy,ad2018,30,0.3,0.1,99.17979002624672,99.1860032081604,0.0062131819136794775
basic_dnn,type1,original,entropy,ad2018,30,0.4,0.1,99.17979002624672,99.1860032081604,0.0062131819136794775
basic_dnn,type1,original,entropy,ad2018,30,0.5,0.1,99.17979002624672,99.1860032081604,0.0062131819136794775
basic_dnn,type1,original,entropy,ad2018,30,0.6,0.1,99.17979002624672,99.19068217277527,0.010892146528547642
basic_dnn,type1,original,entropy,ad2018,30,0.7,0.1,99.17979002624672,99.1860032081604,0.0062131819136794775
basic_dnn,type1,original,entropy,ad2018,30,0.8,0.1,99.17979002624672,99.21875,0.03895997375327909
basic_dnn,type1,original,entropy,ad2018,30,0.9,0.1,99.17979002624672,99.22342896461487,0.04363893836814725
basic_dnn,type1,original,deepgini,ad2018,30,0.0,0.01,99.17979002624672,99.1860032081604,0.0062131819136794775
basic_dnn,type1,original,deepgini,ad2018,30,0.1,0.01,99.17979002624672,99.1860032081604,0.0062131819136794775
basic_dnn,type1,original,deepgini,ad2018,30,0.2,0.01,99.17979002624672,99.1860032081604,0.0062131819136794775
basic_dnn,type1,original,deepgini,ad2018,30,0.3,0.01,99.17979002624672,99.19068217277527,0.010892146528547642
basic_dnn,type1,original,deepgini,ad2018,30,0.4,0.01,99.17979002624672,99.19068217277527,0.010892146528547642
basic_dnn,type1,original,deepgini,ad2018,30,0.5,0.01,99.17979002624672,99.19536113739014,0.015571111143415806
basic_dnn,type1,original,deepgini,ad2018,30,0.6,0.01,99.17979002624672,99.21407103538513,0.03428100913841092
basic_dnn,type1,original,deepgini,ad2018,30,0.7,0.01,99.17979002624672,99.20939207077026,0.02960204452354276
basic_dnn,type1,original,deepgini,ad2018,30,0.8,0.01,99.17979002624672,99.20939207077026,0.02960204452354276
basic_dnn,type1,original,deepgini,ad2018,30,0.9,0.01,99.17979002624672,99.22342896461487,0.04363893836814725
basic_dnn,type1,original,deepgini,ad2018,30,0.0,0.03,99.17979002624672,99.19068217277527,0.010892146528547642
basic_dnn,type1,original,deepgini,ad2018,30,0.1,0.03,99.17979002624672,99.19068217277527,0.010892146528547642
basic_dnn,type1,original,deepgini,ad2018,30,0.2,0.03,99.17979002624672,99.1860032081604,0.0062131819136794775
basic_dnn,type1,original,deepgini,ad2018,30,0.3,0.03,99.17979002624672,99.19068217277527,0.010892146528547642
basic_dnn,type1,original,deepgini,ad2018,30,0.4,0.03,99.17979002624672,99.19068217277527,0.010892146528547642
basic_dnn,type1,original,deepgini,ad2018,30,0.5,0.03,99.17979002624672,99.1860032081604,0.0062131819136794775
basic_dnn,type1,original,deepgini,ad2018,30,0.6,0.03,99.17979002624672,99.19536113739014,0.015571111143415806
basic_dnn,type1,original,deepgini,ad2018,30,0.7,0.03,99.17979002624672,99.200040102005,0.02025007575828397
basic_dnn,type1,original,deepgini,ad2018,30,0.8,0.03,99.17979002624672,99.20939207077026,0.02960204452354276
basic_dnn,type1,original,deepgini,ad2018,30,0.9,0.03,99.17979002624672,99.22810792922974,0.048317902983015415
basic_dnn,type1,original,deepgini,ad2018,30,0.0,0.05,99.17979002624672,99.19068217277527,0.010892146528547642
basic_dnn,type1,original,deepgini,ad2018,30,0.1,0.05,99.17979002624672,99.19068217277527,0.010892146528547642
basic_dnn,type1,original,deepgini,ad2018,30,0.2,0.05,99.17979002624672,99.1860032081604,0.0062131819136794775
basic_dnn,type1,original,deepgini,ad2018,30,0.3,0.05,99.17979002624672,99.19068217277527,0.010892146528547642
basic_dnn,type1,original,deepgini,ad2018,30,0.4,0.05,99.17979002624672,99.1860032081604,0.0062131819136794775
basic_dnn,type1,original,deepgini,ad2018,30,0.5,0.05,99.17979002624672,99.1860032081604,0.0062131819136794775
basic_dnn,type1,original,deepgini,ad2018,30,0.6,0.05,99.17979002624672,99.19068217277527,0.010892146528547642
basic_dnn,type1,original,deepgini,ad2018,30,0.7,0.05,99.17979002624672,99.19068217277527,0.010892146528547642
basic_dnn,type1,original,deepgini,ad2018,30,0.8,0.05,99.17979002624672,99.21875,0.03895997375327909
basic_dnn,type1,original,deepgini,ad2018,30,0.9,0.05,99.17979002624672,99.22342896461487,0.04363893836814725
basic_dnn,type1,original,deepgini,ad2018,30,0.0,0.1,99.17979002624672,99.19068217277527,0.010892146528547642
basic_dnn,type1,original,deepgini,ad2018,30,0.1,0.1,99.17979002624672,99.19068217277527,0.010892146528547642
basic_dnn,type1,original,deepgini,ad2018,30,0.2,0.1,99.17979002624672,99.1860032081604,0.0062131819136794775
basic_dnn,type1,original,deepgini,ad2018,30,0.3,0.1,99.17979002624672,99.1860032081604,0.0062131819136794775
basic_dnn,type1,original,deepgini,ad2018,30,0.4,0.1,99.17979002624672,99.1860032081604,0.0062131819136794775
basic_dnn,type1,original,deepgini,ad2018,30,0.5,0.1,99.17979002624672,99.1860032081604,0.0062131819136794775
basic_dnn,type1,original,deepgini,ad2018,30,0.6,0.1,99.17979002624672,99.19068217277527,0.010892146528547642
basic_dnn,type1,original,deepgini,ad2018,30,0.7,0.1,99.17979002624672,99.1860032081604,0.0062131819136794775
basic_dnn,type1,original,deepgini,ad2018,30,0.8,0.1,99.17979002624672,99.21875,0.03895997375327909
basic_dnn,type1,original,deepgini,ad2018,30,0.9,0.1,99.17979002624672,99.22342896461487,0.04363893836814725
basic_dnn,type1,original,dat,ad2018,30,0.0,0.01,99.17979002624672,99.1860032081604,0.0062131819136794775
basic_dnn,type1,original,dat,ad2018,30,0.1,0.01,99.17979002624672,99.2047131061554,0.024923079908674595
basic_dnn,type1,original,dat,ad2018,30,0.2,0.01,99.17979002624672,99.200040102005,0.02025007575828397
basic_dnn,type1,original,dat,ad2018,30,0.3,0.01,99.17979002624672,99.19536113739014,0.015571111143415806
basic_dnn,type1,original,dat,ad2018,30,0.4,0.01,99.17979002624672,99.18132424354553,0.0015342172988113134
basic_dnn,type1,original,dat,ad2018,30,0.5,0.01,99.17979002624672,99.20939207077026,0.02960204452354276
basic_dnn,type1,original,dat,ad2018,30,0.6,0.01,99.17979002624672,99.200040102005,0.02025007575828397
basic_dnn,type1,original,dat,ad2018,30,0.7,0.01,99.17979002624672,99.2047131061554,0.024923079908674595
basic_dnn,type1,original,dat,ad2018,30,0.8,0.01,99.17979002624672,99.2047131061554,0.024923079908674595
basic_dnn,type1,original,dat,ad2018,30,0.9,0.01,99.17979002624672,99.19536113739014,0.015571111143415806
basic_dnn,type1,original,dat,ad2018,30,0.0,0.03,99.17979002624672,99.18132424354553,0.0015342172988113134
basic_dnn,type1,original,dat,ad2018,30,0.1,0.03,99.17979002624672,99.18132424354553,0.0015342172988113134
basic_dnn,type1,original,dat,ad2018,30,0.2,0.03,99.17979002624672,99.1860032081604,0.0062131819136794775
basic_dnn,type1,original,dat,ad2018,30,0.3,0.03,99.17979002624672,99.1860032081604,0.0062131819136794775
basic_dnn,type1,original,dat,ad2018,30,0.4,0.03,99.17979002624672,99.20939207077026,0.02960204452354276
basic_dnn,type1,original,dat,ad2018,30,0.5,0.03,99.17979002624672,99.1860032081604,0.0062131819136794775
basic_dnn,type1,original,dat,ad2018,30,0.6,0.03,99.17979002624672,99.200040102005,0.02025007575828397
basic_dnn,type1,original,dat,ad2018,30,0.7,0.03,99.17979002624672,99.21407103538513,0.03428100913841092
basic_dnn,type1,original,dat,ad2018,30,0.8,0.03,99.17979002624672,99.21875,0.03895997375327909
basic_dnn,type1,original,dat,ad2018,30,0.9,0.03,99.17979002624672,99.2047131061554,0.024923079908674595
basic_dnn,type1,original,dat,ad2018,30,0.0,0.05,99.17979002624672,99.19068217277527,0.010892146528547642
basic_dnn,type1,original,dat,ad2018,30,0.1,0.05,99.17979002624672,99.1860032081604,0.0062131819136794775
basic_dnn,type1,original,dat,ad2018,30,0.2,0.05,99.17979002624672,99.19536113739014,0.015571111143415806
basic_dnn,type1,original,dat,ad2018,30,0.3,0.05,99.17979002624672,99.1860032081604,0.0062131819136794775
basic_dnn,type1,original,dat,ad2018,30,0.4,0.05,99.17979002624672,99.200040102005,0.02025007575828397
basic_dnn,type1,original,dat,ad2018,30,0.5,0.05,99.17979002624672,99.1860032081604,0.0062131819136794775
basic_dnn,type1,original,dat,ad2018,30,0.6,0.05,99.17979002624672,99.200040102005,0.02025007575828397
basic_dnn,type1,original,dat,ad2018,30,0.7,0.05,99.17979002624672,99.19536113739014,0.015571111143415806
basic_dnn,type1,original,dat,ad2018,30,0.8,0.05,99.17979002624672,99.2047131061554,0.024923079908674595
basic_dnn,type1,original,dat,ad2018,30,0.9,0.05,99.17979002624672,99.2047131061554,0.024923079908674595
basic_dnn,type1,original,dat,ad2018,30,0.0,0.1,99.17979002624672,99.19068217277527,0.010892146528547642
basic_dnn,type1,original,dat,ad2018,30,0.1,0.1,99.17979002624672,99.18132424354553,0.0015342172988113134
basic_dnn,type1,original,dat,ad2018,30,0.2,0.1,99.17979002624672,99.19536113739014,0.015571111143415806
basic_dnn,type1,original,dat,ad2018,30,0.3,0.1,99.17979002624672,99.200040102005,0.02025007575828397
basic_dnn,type1,original,dat,ad2018,30,0.4,0.1,99.17979002624672,99.18132424354553,0.0015342172988113134
basic_dnn,type1,original,dat,ad2018,30,0.5,0.1,99.17979002624672,99.1860032081604,0.0062131819136794775
basic_dnn,type1,original,dat,ad2018,30,0.6,0.1,99.17979002624672,99.200040102005,0.02025007575828397
basic_dnn,type1,original,dat,ad2018,30,0.7,0.1,99.17979002624672,99.2047131061554,0.024923079908674595
basic_dnn,type1,original,dat,ad2018,30,0.8,0.1,99.17979002624672,99.2047131061554,0.024923079908674595
basic_dnn,type1,original,dat,ad2018,30,0.9,0.1,99.17979002624672,99.2047131061554,0.024923079908674595
basic_dnn,type1,original,random,drebin,30,0.0,0.01,99.17979002624672,99.18132424354553,0.0015342172988113134
basic_dnn,type1,original,random,drebin,30,0.1,0.01,99.17979002624672,99.19536113739014,0.015571111143415806
basic_dnn,type1,original,random,drebin,30,0.2,0.01,99.17979002624672,99.19068217277527,0.010892146528547642
basic_dnn,type1,original,random,drebin,30,0.3,0.01,99.17979002624672,99.19068217277527,0.010892146528547642
basic_dnn,type1,original,random,drebin,30,0.4,0.01,99.17979002624672,99.19068217277527,0.010892146528547642
basic_dnn,type1,original,random,drebin,30,0.5,0.01,99.17979002624672,99.18132424354553,0.0015342172988113134
basic_dnn,type1,original,random,drebin,30,0.6,0.01,99.17979002624672,99.1860032081604,0.0062131819136794775
basic_dnn,type1,original,random,drebin,30,0.7,0.01,99.17979002624672,99.18132424354553,0.0015342172988113134
basic_dnn,type1,original,random,drebin,30,0.8,0.01,99.17979002624672,99.18132424354553,0.0015342172988113134
basic_dnn,type1,original,random,drebin,30,0.9,0.01,99.17979002624672,99.18132424354553,0.0015342172988113134
basic_dnn,type1,original,random,drebin,30,0.0,0.03,99.17979002624672,99.18132424354553,0.0015342172988113134
basic_dnn,type1,original,random,drebin,30,0.1,0.03,99.17979002624672,99.18132424354553,0.0015342172988113134
basic_dnn,type1,original,random,drebin,30,0.2,0.03,99.17979002624672,99.18132424354553,0.0015342172988113134
basic_dnn,type1,original,random,drebin,30,0.3,0.03,99.17979002624672,99.18132424354553,0.0015342172988113134
basic_dnn,type1,original,random,drebin,30,0.4,0.03,99.17979002624672,99.21875,0.03895997375327909
basic_dnn,type1,original,random,drebin,30,0.5,0.03,99.17979002624672,99.18132424354553,0.0015342172988113134
basic_dnn,type1,original,random,drebin,30,0.6,0.03,99.17979002624672,99.21407103538513,0.03428100913841092
basic_dnn,type1,original,random,drebin,30,0.7,0.03,99.17979002624672,99.1860032081604,0.0062131819136794775
basic_dnn,type1,original,random,drebin,30,0.8,0.03,99.17979002624672,99.19536113739014,0.015571111143415806
basic_dnn,type1,original,random,drebin,30,0.9,0.03,99.17979002624672,99.19068217277527,0.010892146528547642
basic_dnn,type1,original,random,drebin,30,0.0,0.05,99.17979002624672,99.21407103538513,0.03428100913841092
basic_dnn,type1,original,random,drebin,30,0.1,0.05,99.17979002624672,99.18132424354553,0.0015342172988113134
basic_dnn,type1,original,random,drebin,30,0.2,0.05,99.17979002624672,99.19068217277527,0.010892146528547642
basic_dnn,type1,original,random,drebin,30,0.3,0.05,99.17979002624672,99.18132424354553,0.0015342172988113134
basic_dnn,type1,original,random,drebin,30,0.4,0.05,99.17979002624672,99.21875,0.03895997375327909
basic_dnn,type1,original,random,drebin,30,0.5,0.05,99.17979002624672,99.19068217277527,0.010892146528547642
basic_dnn,type1,original,random,drebin,30,0.6,0.05,99.17979002624672,99.19536113739014,0.015571111143415806
basic_dnn,type1,original,random,drebin,30,0.7,0.05,99.17979002624672,99.1860032081604,0.0062131819136794775
basic_dnn,type1,original,random,drebin,30,0.8,0.05,99.17979002624672,99.19068217277527,0.010892146528547642
basic_dnn,type1,original,random,drebin,30,0.9,0.05,99.17979002624672,99.19536113739014,0.015571111143415806
basic_dnn,type1,original,random,drebin,30,0.0,0.1,99.17979002624672,99.21407103538513,0.03428100913841092
basic_dnn,type1,original,random,drebin,30,0.1,0.1,99.17979002624672,99.18132424354553,0.0015342172988113134
basic_dnn,type1,original,random,drebin,30,0.2,0.1,99.17979002624672,99.19536113739014,0.015571111143415806
basic_dnn,type1,original,random,drebin,30,0.3,0.1,99.17979002624672,99.18132424354553,0.0015342172988113134
basic_dnn,type1,original,random,drebin,30,0.4,0.1,99.17979002624672,99.200040102005,0.02025007575828397
basic_dnn,type1,original,random,drebin,30,0.5,0.1,99.17979002624672,99.1860032081604,0.0062131819136794775
basic_dnn,type1,original,random,drebin,30,0.6,0.1,99.17979002624672,99.200040102005,0.02025007575828397
basic_dnn,type1,original,random,drebin,30,0.7,0.1,99.17979002624672,99.18132424354553,0.0015342172988113134
basic_dnn,type1,original,random,drebin,30,0.8,0.1,99.17979002624672,99.18132424354553,0.0015342172988113134
basic_dnn,type1,original,random,drebin,30,0.9,0.1,99.17979002624672,99.19536113739014,0.015571111143415806
basic_dnn,type1,original,gd,drebin,30,0.0,0.01,99.17979002624672,99.1860032081604,0.0062131819136794775
basic_dnn,type1,original,gd,drebin,30,0.1,0.01,99.17979002624672,99.19536113739014,0.015571111143415806
basic_dnn,type1,original,gd,drebin,30,0.2,0.01,99.17979002624672,99.19536113739014,0.015571111143415806
basic_dnn,type1,original,gd,drebin,30,0.3,0.01,99.17979002624672,99.18132424354553,0.0015342172988113134
basic_dnn,type1,original,gd,drebin,30,0.4,0.01,99.17979002624672,99.18132424354553,0.0015342172988113134
basic_dnn,type1,original,gd,drebin,30,0.5,0.01,99.17979002624672,99.1860032081604,0.0062131819136794775
basic_dnn,type1,original,gd,drebin,30,0.6,0.01,99.17979002624672,99.18132424354553,0.0015342172988113134
basic_dnn,type1,original,gd,drebin,30,0.7,0.01,99.17979002624672,99.200040102005,0.02025007575828397
basic_dnn,type1,original,gd,drebin,30,0.8,0.01,99.17979002624672,99.1860032081604,0.0062131819136794775
basic_dnn,type1,original,gd,drebin,30,0.9,0.01,99.17979002624672,99.22810792922974,0.048317902983015415
basic_dnn,type1,original,gd,drebin,30,0.0,0.03,99.17979002624672,99.1860032081604,0.0062131819136794775
basic_dnn,type1,original,gd,drebin,30,0.1,0.03,99.17979002624672,99.19068217277527,0.010892146528547642
basic_dnn,type1,original,gd,drebin,30,0.2,0.03,99.17979002624672,99.18132424354553,0.0015342172988113134
basic_dnn,type1,original,gd,drebin,30,0.3,0.03,99.17979002624672,99.2047131061554,0.024923079908674595
basic_dnn,type1,original,gd,drebin,30,0.4,0.03,99.17979002624672,99.18132424354553,0.0015342172988113134
basic_dnn,type1,original,gd,drebin,30,0.5,0.03,99.17979002624672,99.18132424354553,0.0015342172988113134
basic_dnn,type1,original,gd,drebin,30,0.6,0.03,99.17979002624672,99.19068217277527,0.010892146528547642
basic_dnn,type1,original,gd,drebin,30,0.7,0.03,99.17979002624672,99.18132424354553,0.0015342172988113134
basic_dnn,type1,original,gd,drebin,30,0.8,0.03,99.17979002624672,99.18132424354553,0.0015342172988113134
basic_dnn,type1,original,gd,drebin,30,0.9,0.03,99.17979002624672,99.18132424354553,0.0015342172988113134
basic_dnn,type1,original,gd,drebin,30,0.0,0.05,99.17979002624672,99.21407103538513,0.03428100913841092
basic_dnn,type1,original,gd,drebin,30,0.1,0.05,99.17979002624672,99.18132424354553,0.0015342172988113134
basic_dnn,type1,original,gd,drebin,30,0.2,0.05,99.17979002624672,99.19068217277527,0.010892146528547642
basic_dnn,type1,original,gd,drebin,30,0.3,0.05,99.17979002624672,99.18132424354553,0.0015342172988113134
basic_dnn,type1,original,gd,drebin,30,0.4,0.05,99.17979002624672,99.21875,0.03895997375327909
basic_dnn,type1,original,gd,drebin,30,0.5,0.05,99.17979002624672,99.19068217277527,0.010892146528547642
basic_dnn,type1,original,gd,drebin,30,0.6,0.05,99.17979002624672,99.19536113739014,0.015571111143415806
basic_dnn,type1,original,gd,drebin,30,0.7,0.05,99.17979002624672,99.1860032081604,0.0062131819136794775
basic_dnn,type1,original,gd,drebin,30,0.8,0.05,99.17979002624672,99.19068217277527,0.010892146528547642
basic_dnn,type1,original,gd,drebin,30,0.9,0.05,99.17979002624672,99.19536113739014,0.015571111143415806
basic_dnn,type1,original,gd,drebin,30,0.0,0.1,99.17979002624672,99.21407103538513,0.03428100913841092
basic_dnn,type1,original,gd,drebin,30,0.1,0.1,99.17979002624672,99.18132424354553,0.0015342172988113134
basic_dnn,type1,original,gd,drebin,30,0.2,0.1,99.17979002624672,99.19536113739014,0.015571111143415806
basic_dnn,type1,original,gd,drebin,30,0.3,0.1,99.17979002624672,99.18132424354553,0.0015342172988113134
basic_dnn,type1,original,gd,drebin,30,0.4,0.1,99.17979002624672,99.200040102005,0.02025007575828397
basic_dnn,type1,original,gd,drebin,30,0.5,0.1,99.17979002624672,99.1860032081604,0.0062131819136794775
basic_dnn,type1,original,gd,drebin,30,0.6,0.1,99.17979002624672,99.200040102005,0.02025007575828397
basic_dnn,type1,original,gd,drebin,30,0.7,0.1,99.17979002624672,99.18132424354553,0.0015342172988113134
basic_dnn,type1,original,gd,drebin,30,0.8,0.1,99.17979002624672,99.18132424354553,0.0015342172988113134
basic_dnn,type1,original,gd,drebin,30,0.9,0.1,99.17979002624672,99.19536113739014,0.015571111143415806
basic_dnn,type1,original,entropy,drebin,30,0.0,0.01,99.17979002624672,99.18132424354553,0.0015342172988113134
basic_dnn,type1,original,entropy,drebin,30,0.1,0.01,99.17979002624672,99.18132424354553,0.0015342172988113134
basic_dnn,type1,original,entropy,drebin,30,0.2,0.01,99.17979002624672,99.18132424354553,0.0015342172988113134
basic_dnn,type1,original,entropy,drebin,30,0.3,0.01,99.17979002624672,99.18132424354553,0.0015342172988113134
basic_dnn,type1,original,entropy,drebin,30,0.4,0.01,99.17979002624672,99.18132424354553,0.0015342172988113134
basic_dnn,type1,original,entropy,drebin,30,0.5,0.01,99.17979002624672,99.18132424354553,0.0015342172988113134
basic_dnn,type1,original,entropy,drebin,30,0.6,0.01,99.17979002624672,99.18132424354553,0.0015342172988113134
basic_dnn,type1,original,entropy,drebin,30,0.7,0.01,99.17979002624672,99.18132424354553,0.0015342172988113134
basic_dnn,type1,original,entropy,drebin,30,0.8,0.01,99.17979002624672,99.18132424354553,0.0015342172988113134
basic_dnn,type1,original,entropy,drebin,30,0.9,0.01,99.17979002624672,99.19068217277527,0.010892146528547642
basic_dnn,type1,original,entropy,drebin,30,0.0,0.03,99.17979002624672,99.18132424354553,0.0015342172988113134
basic_dnn,type1,original,entropy,drebin,30,0.1,0.03,99.17979002624672,99.18132424354553,0.0015342172988113134
basic_dnn,type1,original,entropy,drebin,30,0.2,0.03,99.17979002624672,99.18132424354553,0.0015342172988113134
basic_dnn,type1,original,entropy,drebin,30,0.3,0.03,99.17979002624672,99.18132424354553,0.0015342172988113134
basic_dnn,type1,original,entropy,drebin,30,0.4,0.03,99.17979002624672,99.18132424354553,0.0015342172988113134
basic_dnn,type1,original,entropy,drebin,30,0.5,0.03,99.17979002624672,99.18132424354553,0.0015342172988113134
basic_dnn,type1,original,entropy,drebin,30,0.6,0.03,99.17979002624672,99.18132424354553,0.0015342172988113134
basic_dnn,type1,original,entropy,drebin,30,0.7,0.03,99.17979002624672,99.18132424354553,0.0015342172988113134
basic_dnn,type1,original,entropy,drebin,30,0.8,0.03,99.17979002624672,99.19068217277527,0.010892146528547642
basic_dnn,type1,original,entropy,drebin,30,0.9,0.03,99.17979002624672,99.1860032081604,0.0062131819136794775
