model,retrain_type,test_set,method,selection_metric,epochs,id_ratio,budget,original_acc,retrain_acc,acc_improvement
basic_dnn,type2,hybrid,fgsm,random,10,0.0,0.05,38.75,97.8515625,59.1015625
basic_dnn,type2,hybrid,fgsm,random,10,0.1,0.05,43.25,97.65625,54.40625
basic_dnn,type2,hybrid,fgsm,random,10,0.2,0.05,48.0,97.4609375,49.4609375
basic_dnn,type2,hybrid,fgsm,random,10,0.3,0.05,54.25,97.8515625,43.6015625
basic_dnn,type2,hybrid,fgsm,random,10,0.4,0.05,61.25000000000001,98.046875,36.79687499999999
basic_dnn,type2,hybrid,fgsm,random,10,0.5,0.05,66.75,97.8515625,31.1015625
basic_dnn,type2,hybrid,fgsm,random,10,0.6,0.05,72.75,98.046875,25.296875
basic_dnn,type2,hybrid,fgsm,random,10,0.7,0.05,78.25,97.8515625,19.6015625
basic_dnn,type2,hybrid,fgsm,random,10,0.8,0.05,85.0,96.09375,11.09375
basic_dnn,type2,hybrid,fgsm,random,10,0.9,0.05,90.75,98.4375,7.6875
basic_dnn,type2,hybrid,fgsm,gd,10,0.0,0.05,38.75,97.8515625,59.1015625
basic_dnn,type2,hybrid,fgsm,gd,10,0.1,0.05,43.25,97.65625,54.40625
basic_dnn,type2,hybrid,fgsm,gd,10,0.2,0.05,48.0,97.65625,49.65625
basic_dnn,type2,hybrid,fgsm,gd,10,0.3,0.05,54.25,98.046875,43.796875
basic_dnn,type2,hybrid,fgsm,gd,10,0.4,0.05,61.25000000000001,97.4609375,36.21093749999999
basic_dnn,type2,hybrid,fgsm,gd,10,0.5,0.05,66.75,76.171875,9.421875
basic_dnn,type2,hybrid,fgsm,gd,10,0.6,0.05,72.75,97.8515625,25.1015625
basic_dnn,type2,hybrid,fgsm,gd,10,0.7,0.05,78.25,89.453125,11.203125
basic_dnn,type2,hybrid,fgsm,gd,10,0.8,0.05,85.0,97.265625,12.265625
basic_dnn,type2,hybrid,fgsm,gd,10,0.9,0.05,90.75,97.265625,6.515625
basic_dnn,type2,hybrid,fgsm,entropy,10,0.0,0.05,38.75,44.140625,5.390625
basic_dnn,type2,hybrid,fgsm,entropy,10,0.1,0.05,43.25,45.703125,2.453125
basic_dnn,type2,hybrid,fgsm,entropy,10,0.2,0.05,48.0,51.5625,3.5625
basic_dnn,type2,hybrid,fgsm,entropy,10,0.3,0.05,54.25,57.8125,3.5625
basic_dnn,type2,hybrid,fgsm,entropy,10,0.4,0.05,61.25000000000001,62.6953125,1.445312499999993
basic_dnn,type2,hybrid,fgsm,entropy,10,0.5,0.05,66.75,67.7734375,1.0234375
basic_dnn,type2,hybrid,fgsm,entropy,10,0.6,0.05,72.75,73.2421875,0.4921875
basic_dnn,type2,hybrid,fgsm,entropy,10,0.7,0.05,78.25,79.4921875,1.2421875
basic_dnn,type2,hybrid,fgsm,entropy,10,0.8,0.05,85.0,86.1328125,1.1328125
basic_dnn,type2,hybrid,fgsm,entropy,10,0.9,0.05,90.75,91.9921875,1.2421875
basic_dnn,type2,hybrid,fgsm,deepgini,10,0.0,0.05,38.75,44.140625,5.390625
basic_dnn,type2,hybrid,fgsm,deepgini,10,0.1,0.05,43.25,45.703125,2.453125
basic_dnn,type2,hybrid,fgsm,deepgini,10,0.2,0.05,48.0,51.5625,3.5625
basic_dnn,type2,hybrid,fgsm,deepgini,10,0.3,0.05,54.25,57.8125,3.5625
basic_dnn,type2,hybrid,fgsm,deepgini,10,0.4,0.05,61.25000000000001,62.6953125,1.445312499999993
basic_dnn,type2,hybrid,fgsm,deepgini,10,0.5,0.05,66.75,67.7734375,1.0234375
basic_dnn,type2,hybrid,fgsm,deepgini,10,0.6,0.05,72.75,73.2421875,0.4921875
basic_dnn,type2,hybrid,fgsm,deepgini,10,0.7,0.05,78.25,79.4921875,1.2421875
basic_dnn,type2,hybrid,fgsm,deepgini,10,0.8,0.05,85.0,86.1328125,1.1328125
basic_dnn,type2,hybrid,fgsm,deepgini,10,0.9,0.05,90.75,91.9921875,1.2421875
basic_dnn,type2,hybrid,fgsm,dat,10,0.0,0.05,38.75,98.046875,59.296875
basic_dnn,type2,hybrid,fgsm,dat,10,0.1,0.05,43.25,98.2421875,54.9921875
basic_dnn,type2,hybrid,fgsm,dat,10,0.2,0.05,48.0,97.4609375,49.4609375
basic_dnn,type2,hybrid,fgsm,dat,10,0.3,0.05,54.25,97.8515625,43.6015625
basic_dnn,type2,hybrid,fgsm,dat,10,0.4,0.05,61.25000000000001,94.3359375,33.08593749999999
basic_dnn,type2,hybrid,fgsm,dat,10,0.5,0.05,66.75,98.046875,31.296875
basic_dnn,type2,hybrid,fgsm,dat,10,0.6,0.05,72.75,96.2890625,23.5390625
basic_dnn,type2,hybrid,fgsm,dat,10,0.7,0.05,78.25,98.046875,19.796875
basic_dnn,type2,hybrid,fgsm,dat,10,0.8,0.05,85.0,97.8515625,12.8515625
basic_dnn,type2,hybrid,fgsm,dat,10,0.9,0.05,90.75,98.6328125,7.8828125
basic_dnn,type2,hybrid,fgsm,random,10,0.0,0.1,38.75,99.0234375,60.2734375
basic_dnn,type2,hybrid,fgsm,random,10,0.1,0.1,43.25,98.6328125,55.3828125
basic_dnn,type2,hybrid,fgsm,random,10,0.2,0.1,48.0,97.65625,49.65625
basic_dnn,type2,hybrid,fgsm,random,10,0.3,0.1,54.25,97.8515625,43.6015625
basic_dnn,type2,hybrid,fgsm,random,10,0.4,0.1,61.25000000000001,97.8515625,36.60156249999999
basic_dnn,type2,hybrid,fgsm,random,10,0.5,0.1,66.75,98.046875,31.296875
basic_dnn,type2,hybrid,fgsm,random,10,0.6,0.1,72.75,97.65625,24.90625
basic_dnn,type2,hybrid,fgsm,random,10,0.7,0.1,78.25,97.8515625,19.6015625
basic_dnn,type2,hybrid,fgsm,random,10,0.8,0.1,85.0,98.046875,13.046875
basic_dnn,type2,hybrid,fgsm,random,10,0.9,0.1,90.75,98.6328125,7.8828125
basic_dnn,type2,hybrid,fgsm,gd,10,0.0,0.1,38.75,98.046875,59.296875
basic_dnn,type2,hybrid,fgsm,gd,10,0.1,0.1,43.25,97.65625,54.40625
basic_dnn,type2,hybrid,fgsm,gd,10,0.2,0.1,48.0,97.65625,49.65625
basic_dnn,type2,hybrid,fgsm,gd,10,0.3,0.1,54.25,97.8515625,43.6015625
basic_dnn,type2,hybrid,fgsm,gd,10,0.4,0.1,61.25000000000001,97.8515625,36.60156249999999
basic_dnn,type2,hybrid,fgsm,gd,10,0.5,0.1,66.75,97.65625,30.90625
basic_dnn,type2,hybrid,fgsm,gd,10,0.6,0.1,72.75,98.046875,25.296875
basic_dnn,type2,hybrid,fgsm,gd,10,0.7,0.1,78.25,98.2421875,19.9921875
basic_dnn,type2,hybrid,fgsm,gd,10,0.8,0.1,85.0,98.2421875,13.2421875
basic_dnn,type2,hybrid,fgsm,gd,10,0.9,0.1,90.75,96.875,6.125
basic_dnn,type2,hybrid,fgsm,entropy,10,0.0,0.1,38.75,39.453125,0.703125
basic_dnn,type2,hybrid,fgsm,entropy,10,0.1,0.1,43.25,44.53125,1.28125
basic_dnn,type2,hybrid,fgsm,entropy,10,0.2,0.1,48.0,51.5625,3.5625
basic_dnn,type2,hybrid,fgsm,entropy,10,0.3,0.1,54.25,54.6875,0.4375
basic_dnn,type2,hybrid,fgsm,entropy,10,0.4,0.1,61.25000000000001,62.5,1.249999999999993
basic_dnn,type2,hybrid,fgsm,entropy,10,0.5,0.1,66.75,67.578125,0.828125
basic_dnn,type2,hybrid,fgsm,entropy,10,0.6,0.1,72.75,73.046875,0.296875
basic_dnn,type2,hybrid,fgsm,entropy,10,0.7,0.1,78.25,79.4921875,1.2421875
basic_dnn,type2,hybrid,fgsm,entropy,10,0.8,0.1,85.0,85.7421875,0.7421875
basic_dnn,type2,hybrid,fgsm,entropy,10,0.9,0.1,90.75,91.9921875,1.2421875
basic_dnn,type2,hybrid,fgsm,deepgini,10,0.0,0.1,38.75,39.453125,0.703125
basic_dnn,type2,hybrid,fgsm,deepgini,10,0.1,0.1,43.25,44.53125,1.28125
basic_dnn,type2,hybrid,fgsm,deepgini,10,0.2,0.1,48.0,51.5625,3.5625
basic_dnn,type2,hybrid,fgsm,deepgini,10,0.3,0.1,54.25,54.6875,0.4375
basic_dnn,type2,hybrid,fgsm,deepgini,10,0.4,0.1,61.25000000000001,62.5,1.249999999999993
basic_dnn,type2,hybrid,fgsm,deepgini,10,0.5,0.1,66.75,67.578125,0.828125
basic_dnn,type2,hybrid,fgsm,deepgini,10,0.6,0.1,72.75,73.046875,0.296875
basic_dnn,type2,hybrid,fgsm,deepgini,10,0.7,0.1,78.25,79.4921875,1.2421875
basic_dnn,type2,hybrid,fgsm,deepgini,10,0.8,0.1,85.0,85.7421875,0.7421875
basic_dnn,type2,hybrid,fgsm,deepgini,10,0.9,0.1,90.75,91.9921875,1.2421875
basic_dnn,type2,hybrid,fgsm,dat,10,0.0,0.1,38.75,97.50000238418579,58.75000238418579
basic_dnn,type2,hybrid,fgsm,dat,10,0.1,0.1,43.25,97.25000262260437,54.00000262260437
basic_dnn,type2,hybrid,fgsm,dat,10,0.2,0.1,48.0,97.00000286102295,49.00000286102295
basic_dnn,type2,hybrid,fgsm,dat,10,0.3,0.1,54.25,95.99999785423279,41.74999785423279
basic_dnn,type2,hybrid,fgsm,dat,10,0.4,0.1,61.25000000000001,97.00000286102295,35.75000286102294
basic_dnn,type2,hybrid,fgsm,dat,10,0.5,0.1,66.75,94.74999904632568,27.999999046325684
basic_dnn,type2,hybrid,fgsm,dat,10,0.6,0.1,72.75,97.25000262260437,24.50000262260437
basic_dnn,type2,hybrid,fgsm,dat,10,0.7,0.1,78.25,96.49999737739563,18.24999737739563
basic_dnn,type2,hybrid,fgsm,dat,10,0.8,0.1,85.0,96.74999713897705,11.74999713897705
basic_dnn,type2,hybrid,fgsm,dat,10,0.9,0.1,90.75,98.25000166893005,7.500001668930054
basic_dnn,type2,hybrid,fgsm,random,10,1.0,0.2,98.0,98.25000166893005,0.2500016689300537
basic_dnn,type2,hybrid,fgsm,gd,10,1.0,0.2,98.0,98.25000166893005,0.2500016689300537
basic_dnn,type2,hybrid,fgsm,entropy,10,1.0,0.2,98.0,98.50000143051147,0.5000014305114746
basic_dnn,type2,hybrid,fgsm,deepgini,10,1.0,0.2,98.0,98.50000143051147,0.5000014305114746
basic_dnn,type2,hybrid,fgsm,random,10,0.0,0.05,38.75,97.25000262260437,58.50000262260437
basic_dnn,type2,hybrid,fgsm,random,10,0.1,0.05,43.25,97.00000286102295,53.75000286102295
basic_dnn,type2,hybrid,fgsm,random,10,0.2,0.05,48.0,97.00000286102295,49.00000286102295
basic_dnn,type2,hybrid,fgsm,random,10,0.3,0.05,54.25,95.99999785423279,41.74999785423279
basic_dnn,type2,hybrid,fgsm,random,10,0.4,0.05,61.25000000000001,97.25000262260437,36.00000262260436
basic_dnn,type2,hybrid,fgsm,random,10,0.5,0.05,66.75,89.24999833106995,22.499998331069946
basic_dnn,type2,hybrid,fgsm,random,10,0.6,0.05,72.75,78.75000238418579,6.000002384185791
basic_dnn,type2,hybrid,fgsm,random,10,0.7,0.05,78.25,92.5000011920929,14.250001192092896
basic_dnn,type2,hybrid,fgsm,random,10,0.8,0.05,85.0,85.25000214576721,0.2500021457672119
basic_dnn,type2,hybrid,fgsm,random,10,0.9,0.05,90.75,93.99999976158142,3.249999761581421
basic_dnn,type2,hybrid,fgsm,gd,10,0.0,0.05,38.75,97.00000286102295,58.25000286102295
basic_dnn,type2,hybrid,fgsm,gd,10,0.1,0.05,43.25,95.24999856948853,51.999998569488525
basic_dnn,type2,hybrid,fgsm,gd,10,0.2,0.05,48.0,96.74999713897705,48.74999713897705
basic_dnn,type2,hybrid,fgsm,gd,10,0.3,0.05,54.25,93.50000023841858,39.25000023841858
basic_dnn,type2,hybrid,fgsm,gd,10,0.4,0.05,61.25000000000001,97.25000262260437,36.00000262260436
basic_dnn,type2,hybrid,fgsm,gd,10,0.5,0.05,66.75,77.24999785423279,10.499997854232788
basic_dnn,type2,hybrid,fgsm,gd,10,0.6,0.05,72.75,96.49999737739563,23.74999737739563
basic_dnn,type2,hybrid,fgsm,gd,10,0.7,0.05,78.25,86.75000071525574,8.500000715255737
basic_dnn,type2,hybrid,fgsm,gd,10,0.8,0.05,85.0,97.00000286102295,12.00000286102295
basic_dnn,type2,hybrid,fgsm,gd,10,0.9,0.05,90.75,91.00000262260437,0.2500026226043701
basic_dnn,type2,hybrid,fgsm,entropy,10,0.0,0.05,38.75,39.250001311302185,0.5000013113021851
basic_dnn,type2,hybrid,fgsm,entropy,10,0.1,0.05,43.25,43.75,0.5
basic_dnn,type2,hybrid,fgsm,entropy,10,0.2,0.05,48.0,48.500001430511475,0.5000014305114746
basic_dnn,type2,hybrid,fgsm,entropy,10,0.3,0.05,54.25,54.25000190734863,1.9073486328125e-06
basic_dnn,type2,hybrid,fgsm,entropy,10,0.4,0.05,61.25000000000001,61.500000953674316,0.2500009536743093
basic_dnn,type2,hybrid,fgsm,entropy,10,0.5,0.05,66.75,67.00000166893005,0.2500016689300537
basic_dnn,type2,hybrid,fgsm,entropy,10,0.6,0.05,72.75,73.25000166893005,0.5000016689300537
basic_dnn,type2,hybrid,fgsm,entropy,10,0.7,0.05,78.25,78.75000238418579,0.500002384185791
basic_dnn,type2,hybrid,fgsm,entropy,10,0.8,0.05,85.0,85.50000190734863,0.5000019073486328
basic_dnn,type2,hybrid,fgsm,entropy,10,0.9,0.05,90.75,91.25000238418579,0.500002384185791
basic_dnn,type2,hybrid,fgsm,deepgini,10,0.0,0.05,38.75,39.250001311302185,0.5000013113021851
basic_dnn,type2,hybrid,fgsm,deepgini,10,0.1,0.05,43.25,43.75,0.5
basic_dnn,type2,hybrid,fgsm,deepgini,10,0.2,0.05,48.0,48.500001430511475,0.5000014305114746
basic_dnn,type2,hybrid,fgsm,deepgini,10,0.3,0.05,54.25,54.25000190734863,1.9073486328125e-06
basic_dnn,type2,hybrid,fgsm,deepgini,10,0.4,0.05,61.25000000000001,61.500000953674316,0.2500009536743093
basic_dnn,type2,hybrid,fgsm,deepgini,10,0.5,0.05,66.75,67.00000166893005,0.2500016689300537
basic_dnn,type2,hybrid,fgsm,deepgini,10,0.6,0.05,72.75,73.25000166893005,0.5000016689300537
basic_dnn,type2,hybrid,fgsm,deepgini,10,0.7,0.05,78.25,78.75000238418579,0.500002384185791
basic_dnn,type2,hybrid,fgsm,deepgini,10,0.8,0.05,85.0,85.50000190734863,0.5000019073486328
basic_dnn,type2,hybrid,fgsm,deepgini,10,0.9,0.05,90.75,91.25000238418579,0.500002384185791
basic_dnn,type2,hybrid,fgsm,dat,10,0.0,0.05,38.75,97.00000286102295,58.25000286102295
basic_dnn,type2,hybrid,fgsm,dat,10,0.1,0.05,43.25,97.00000286102295,53.75000286102295
basic_dnn,type2,hybrid,fgsm,dat,10,0.2,0.05,48.0,96.74999713897705,48.74999713897705
basic_dnn,type2,hybrid,fgsm,dat,10,0.3,0.05,54.25,95.49999833106995,41.249998331069946
basic_dnn,type2,hybrid,fgsm,dat,10,0.4,0.05,61.25000000000001,97.00000286102295,35.75000286102294
basic_dnn,type2,hybrid,fgsm,dat,10,0.5,0.05,66.75,97.00000286102295,30.25000286102295
basic_dnn,type2,hybrid,fgsm,dat,10,0.6,0.05,72.75,93.50000023841858,20.75000023841858
basic_dnn,type2,hybrid,fgsm,dat,10,0.7,0.05,78.25,92.25000143051147,14.000001430511475
basic_dnn,type2,hybrid,fgsm,dat,10,0.8,0.05,85.0,94.49999928474426,9.499999284744263
basic_dnn,type2,hybrid,fgsm,dat,10,0.9,0.05,90.75,98.00000190734863,7.250001907348633
basic_dnn,type2,hybrid,fgsm,random,10,0.0,0.1,38.75,97.25000262260437,58.50000262260437
basic_dnn,type2,hybrid,fgsm,random,10,0.1,0.1,43.25,96.74999713897705,53.49999713897705
basic_dnn,type2,hybrid,fgsm,random,10,0.2,0.1,48.0,96.49999737739563,48.49999737739563
basic_dnn,type2,hybrid,fgsm,random,10,0.3,0.1,54.25,97.50000238418579,43.25000238418579
basic_dnn,type2,hybrid,fgsm,random,10,0.4,0.1,61.25000000000001,97.25000262260437,36.00000262260436
basic_dnn,type2,hybrid,fgsm,random,10,0.5,0.1,66.75,95.74999809265137,28.999998092651367
basic_dnn,type2,hybrid,fgsm,random,10,0.6,0.1,72.75,93.50000023841858,20.75000023841858
basic_dnn,type2,hybrid,fgsm,random,10,0.7,0.1,78.25,97.50000238418579,19.25000238418579
basic_dnn,type2,hybrid,fgsm,random,10,0.8,0.1,85.0,94.74999904632568,9.749999046325684
basic_dnn,type2,hybrid,fgsm,random,10,0.9,0.1,90.75,95.99999785423279,5.249997854232788
basic_dnn,type2,hybrid,fgsm,gd,10,0.0,0.1,38.75,97.75000214576721,59.00000214576721
basic_dnn,type2,hybrid,fgsm,gd,10,0.1,0.1,43.25,97.00000286102295,53.75000286102295
basic_dnn,type2,hybrid,fgsm,gd,10,0.2,0.1,48.0,96.49999737739563,48.49999737739563
basic_dnn,type2,hybrid,fgsm,gd,10,0.3,0.1,54.25,97.25000262260437,43.00000262260437
basic_dnn,type2,hybrid,fgsm,gd,10,0.4,0.1,61.25000000000001,97.50000238418579,36.250002384185784
basic_dnn,type2,hybrid,fgsm,gd,10,0.5,0.1,66.75,97.00000286102295,30.25000286102295
basic_dnn,type2,hybrid,fgsm,gd,10,0.6,0.1,72.75,97.50000238418579,24.75000238418579
basic_dnn,type2,hybrid,fgsm,gd,10,0.7,0.1,78.25,95.49999833106995,17.249998331069946
basic_dnn,type2,hybrid,fgsm,gd,10,0.8,0.1,85.0,97.25000262260437,12.25000262260437
basic_dnn,type2,hybrid,fgsm,gd,10,0.9,0.1,90.75,93.25000047683716,2.500000476837158
basic_dnn,type2,hybrid,fgsm,entropy,10,0.0,0.1,38.75,39.250001311302185,0.5000013113021851
basic_dnn,type2,hybrid,fgsm,entropy,10,0.1,0.1,43.25,43.75,0.5
basic_dnn,type2,hybrid,fgsm,entropy,10,0.2,0.1,48.0,48.500001430511475,0.5000014305114746
basic_dnn,type2,hybrid,fgsm,entropy,10,0.3,0.1,54.25,54.25000190734863,1.9073486328125e-06
basic_dnn,type2,hybrid,fgsm,entropy,10,0.4,0.1,61.25000000000001,61.500000953674316,0.2500009536743093
basic_dnn,type2,hybrid,fgsm,entropy,10,0.5,0.1,66.75,67.00000166893005,0.2500016689300537
basic_dnn,type2,hybrid,fgsm,entropy,10,0.6,0.1,72.75,73.25000166893005,0.5000016689300537
basic_dnn,type2,hybrid,fgsm,entropy,10,0.7,0.1,78.25,78.75000238418579,0.500002384185791
basic_dnn,type2,hybrid,fgsm,entropy,10,0.8,0.1,85.0,85.50000190734863,0.5000019073486328
basic_dnn,type2,hybrid,fgsm,entropy,10,0.9,0.1,90.75,91.25000238418579,0.500002384185791
basic_dnn,type2,hybrid,fgsm,deepgini,10,0.0,0.1,38.75,39.250001311302185,0.5000013113021851
basic_dnn,type2,hybrid,fgsm,deepgini,10,0.1,0.1,43.25,43.75,0.5
basic_dnn,type2,hybrid,fgsm,deepgini,10,0.2,0.1,48.0,48.500001430511475,0.5000014305114746
basic_dnn,type2,hybrid,fgsm,deepgini,10,0.3,0.1,54.25,54.25000190734863,1.9073486328125e-06
basic_dnn,type2,hybrid,fgsm,deepgini,10,0.4,0.1,61.25000000000001,61.500000953674316,0.2500009536743093
basic_dnn,type2,hybrid,fgsm,deepgini,10,0.5,0.1,66.75,67.00000166893005,0.2500016689300537
basic_dnn,type2,hybrid,fgsm,deepgini,10,0.6,0.1,72.75,73.25000166893005,0.5000016689300537
basic_dnn,type2,hybrid,fgsm,deepgini,10,0.7,0.1,78.25,78.75000238418579,0.500002384185791
basic_dnn,type2,hybrid,fgsm,deepgini,10,0.8,0.1,85.0,85.50000190734863,0.5000019073486328
basic_dnn,type2,hybrid,fgsm,deepgini,10,0.9,0.1,90.75,91.25000238418579,0.500002384185791
basic_dnn,type2,hybrid,fgsm,dat,10,0.0,0.1,38.75,97.50000238418579,58.75000238418579
basic_dnn,type2,hybrid,fgsm,dat,10,0.1,0.1,43.25,97.25000262260437,54.00000262260437
basic_dnn,type2,hybrid,fgsm,dat,10,0.2,0.1,48.0,97.00000286102295,49.00000286102295
basic_dnn,type2,hybrid,fgsm,dat,10,0.3,0.1,54.25,95.99999785423279,41.74999785423279
basic_dnn,type2,hybrid,fgsm,dat,10,0.4,0.1,61.25000000000001,97.00000286102295,35.75000286102294
basic_dnn,type2,hybrid,fgsm,dat,10,0.5,0.1,66.75,94.74999904632568,27.999999046325684
basic_dnn,type2,hybrid,fgsm,dat,10,0.6,0.1,72.75,97.25000262260437,24.50000262260437
basic_dnn,type2,hybrid,fgsm,dat,10,0.7,0.1,78.25,96.49999737739563,18.24999737739563
basic_dnn,type2,hybrid,fgsm,dat,10,0.8,0.1,85.0,96.74999713897705,11.74999713897705
basic_dnn,type2,hybrid,fgsm,dat,10,0.9,0.1,90.75,98.25000166893005,7.500001668930054
basic_dnn,type2,hybrid,fgsm,random,10,0.0,0.2,38.75,97.50000238418579,58.75000238418579
basic_dnn,type2,hybrid,fgsm,random,10,0.1,0.2,43.25,97.00000286102295,53.75000286102295
basic_dnn,type2,hybrid,fgsm,random,10,0.2,0.2,48.0,96.49999737739563,48.49999737739563
basic_dnn,type2,hybrid,fgsm,random,10,0.3,0.2,54.25,97.25000262260437,43.00000262260437
basic_dnn,type2,hybrid,fgsm,random,10,0.4,0.2,61.25000000000001,97.25000262260437,36.00000262260436
basic_dnn,type2,hybrid,fgsm,random,10,0.5,0.2,66.75,97.00000286102295,30.25000286102295
basic_dnn,type2,hybrid,fgsm,random,10,0.6,0.2,72.75,97.50000238418579,24.75000238418579
basic_dnn,type2,hybrid,fgsm,random,10,0.7,0.2,78.25,97.25000262260437,19.00000262260437
basic_dnn,type2,hybrid,fgsm,random,10,0.8,0.2,85.0,96.74999713897705,11.74999713897705
basic_dnn,type2,hybrid,fgsm,random,10,0.9,0.2,90.75,96.49999737739563,5.74999737739563
basic_dnn,type2,hybrid,fgsm,gd,10,0.0,0.2,38.75,97.50000238418579,58.75000238418579
basic_dnn,type2,hybrid,fgsm,gd,10,0.1,0.2,43.25,97.00000286102295,53.75000286102295
basic_dnn,type2,hybrid,fgsm,gd,10,0.2,0.2,48.0,96.49999737739563,48.49999737739563
basic_dnn,type2,hybrid,fgsm,gd,10,0.3,0.2,54.25,97.25000262260437,43.00000262260437
basic_dnn,type2,hybrid,fgsm,gd,10,0.4,0.2,61.25000000000001,97.25000262260437,36.00000262260436
basic_dnn,type2,hybrid,fgsm,gd,10,0.5,0.2,66.75,97.00000286102295,30.25000286102295
basic_dnn,type2,hybrid,fgsm,gd,10,0.6,0.2,72.75,97.50000238418579,24.75000238418579
basic_dnn,type2,hybrid,fgsm,gd,10,0.7,0.2,78.25,97.25000262260437,19.00000262260437
basic_dnn,type2,hybrid,fgsm,gd,10,0.8,0.2,85.0,96.74999713897705,11.74999713897705
basic_dnn,type2,hybrid,fgsm,gd,10,0.9,0.2,90.75,96.49999737739563,5.74999737739563
basic_dnn,type2,hybrid,fgsm,entropy,10,0.0,0.2,38.75,97.50000238418579,58.75000238418579
basic_dnn,type2,hybrid,fgsm,entropy,10,0.1,0.2,43.25,43.75,0.5
basic_dnn,type2,hybrid,fgsm,entropy,10,0.2,0.2,48.0,48.500001430511475,0.5000014305114746
basic_dnn,type2,hybrid,fgsm,entropy,10,0.3,0.2,54.25,54.25000190734863,1.9073486328125e-06
basic_dnn,type2,hybrid,fgsm,entropy,10,0.4,0.2,61.25000000000001,61.500000953674316,0.2500009536743093
basic_dnn,type2,hybrid,fgsm,entropy,10,0.5,0.2,66.75,67.00000166893005,0.2500016689300537
basic_dnn,type2,hybrid,fgsm,entropy,10,0.6,0.2,72.75,73.25000166893005,0.5000016689300537
basic_dnn,type2,hybrid,fgsm,entropy,10,0.7,0.2,78.25,78.75000238418579,0.500002384185791
basic_dnn,type2,hybrid,fgsm,entropy,10,0.8,0.2,85.0,85.50000190734863,0.5000019073486328
basic_dnn,type2,hybrid,fgsm,entropy,10,0.9,0.2,90.75,91.25000238418579,0.500002384185791
basic_dnn,type2,hybrid,fgsm,deepgini,10,0.0,0.2,38.75,97.25000262260437,58.50000262260437
basic_dnn,type2,hybrid,fgsm,deepgini,10,0.1,0.2,43.25,96.74999713897705,53.49999713897705
basic_dnn,type2,hybrid,fgsm,deepgini,10,0.2,0.2,48.0,48.500001430511475,0.5000014305114746
basic_dnn,type2,hybrid,fgsm,deepgini,10,0.3,0.2,54.25,54.25000190734863,1.9073486328125e-06
basic_dnn,type2,hybrid,fgsm,deepgini,10,0.4,0.2,61.25000000000001,61.500000953674316,0.2500009536743093
basic_dnn,type2,hybrid,fgsm,deepgini,10,0.5,0.2,66.75,67.00000166893005,0.2500016689300537
basic_dnn,type2,hybrid,fgsm,deepgini,10,0.6,0.2,72.75,73.25000166893005,0.5000016689300537
basic_dnn,type2,hybrid,fgsm,deepgini,10,0.7,0.2,78.25,78.75000238418579,0.500002384185791
basic_dnn,type2,hybrid,fgsm,deepgini,10,0.8,0.2,85.0,85.50000190734863,0.5000019073486328
basic_dnn,type2,hybrid,fgsm,deepgini,10,0.9,0.2,90.75,91.25000238418579,0.500002384185791
basic_dnn,type2,hybrid,fgsm,dat,10,0.0,0.2,38.75,97.25000262260437,58.50000262260437
basic_dnn,type2,hybrid,fgsm,dat,10,0.1,0.2,43.25,97.00000286102295,53.75000286102295
basic_dnn,type2,hybrid,fgsm,dat,10,0.2,0.2,48.0,97.00000286102295,49.00000286102295
basic_dnn,type2,hybrid,fgsm,dat,10,0.3,0.2,54.25,97.50000238418579,43.25000238418579
basic_dnn,type2,hybrid,fgsm,dat,10,0.4,0.2,61.25000000000001,97.00000286102295,35.75000286102294
basic_dnn,type2,hybrid,fgsm,dat,10,0.5,0.2,66.75,97.00000286102295,30.25000286102295
basic_dnn,type2,hybrid,fgsm,dat,10,0.6,0.2,72.75,97.50000238418579,24.75000238418579
basic_dnn,type2,hybrid,fgsm,dat,10,0.7,0.2,78.25,97.50000238418579,19.25000238418579
basic_dnn,type2,hybrid,fgsm,dat,10,0.8,0.2,85.0,97.75000214576721,12.750002145767212
basic_dnn,type2,hybrid,fgsm,dat,10,0.9,0.2,90.75,98.00000190734863,7.250001907348633
basic_dnn,type2,hybrid,fgsm,random,10,0.0,0.3,38.75,97.50000238418579,58.75000238418579
basic_dnn,type2,hybrid,fgsm,random,10,0.1,0.3,43.25,97.00000286102295,53.75000286102295
basic_dnn,type2,hybrid,fgsm,random,10,0.2,0.3,48.0,96.74999713897705,48.74999713897705
basic_dnn,type2,hybrid,fgsm,random,10,0.3,0.3,54.25,97.25000262260437,43.00000262260437
basic_dnn,type2,hybrid,fgsm,random,10,0.4,0.3,61.25000000000001,97.25000262260437,36.00000262260436
basic_dnn,type2,hybrid,fgsm,random,10,0.5,0.3,66.75,97.00000286102295,30.25000286102295
basic_dnn,type2,hybrid,fgsm,random,10,0.6,0.3,72.75,97.50000238418579,24.75000238418579
basic_dnn,type2,hybrid,fgsm,random,10,0.7,0.3,78.25,97.50000238418579,19.25000238418579
basic_dnn,type2,hybrid,fgsm,random,10,0.8,0.3,85.0,97.50000238418579,12.500002384185791
basic_dnn,type2,hybrid,fgsm,random,10,0.9,0.3,90.75,98.00000190734863,7.250001907348633
basic_dnn,type2,hybrid,fgsm,gd,10,0.0,0.3,38.75,97.50000238418579,58.75000238418579
basic_dnn,type2,hybrid,fgsm,gd,10,0.1,0.3,43.25,97.00000286102295,53.75000286102295
basic_dnn,type2,hybrid,fgsm,gd,10,0.2,0.3,48.0,96.74999713897705,48.74999713897705
basic_dnn,type2,hybrid,fgsm,gd,10,0.3,0.3,54.25,97.25000262260437,43.00000262260437
basic_dnn,type2,hybrid,fgsm,gd,10,0.4,0.3,61.25000000000001,97.25000262260437,36.00000262260436
basic_dnn,type2,hybrid,fgsm,gd,10,0.5,0.3,66.75,97.00000286102295,30.25000286102295
basic_dnn,type2,hybrid,fgsm,gd,10,0.6,0.3,72.75,97.50000238418579,24.75000238418579
basic_dnn,type2,hybrid,fgsm,gd,10,0.7,0.3,78.25,97.50000238418579,19.25000238418579
basic_dnn,type2,hybrid,fgsm,gd,10,0.8,0.3,85.0,97.50000238418579,12.500002384185791
basic_dnn,type2,hybrid,fgsm,gd,10,0.9,0.3,90.75,98.00000190734863,7.250001907348633
basic_dnn,type2,hybrid,fgsm,entropy,10,0.0,0.3,38.75,97.25000262260437,58.50000262260437
basic_dnn,type2,hybrid,fgsm,entropy,10,0.1,0.3,43.25,97.00000286102295,53.75000286102295
basic_dnn,type2,hybrid,fgsm,entropy,10,0.2,0.3,48.0,48.500001430511475,0.5000014305114746
basic_dnn,type2,hybrid,fgsm,entropy,10,0.3,0.3,54.25,54.25000190734863,1.9073486328125e-06
basic_dnn,type2,hybrid,fgsm,entropy,10,0.4,0.3,61.25000000000001,61.500000953674316,0.2500009536743093
basic_dnn,type2,hybrid,fgsm,entropy,10,0.5,0.3,66.75,67.00000166893005,0.2500016689300537
basic_dnn,type2,hybrid,fgsm,entropy,10,0.6,0.3,72.75,73.25000166893005,0.5000016689300537
basic_dnn,type2,hybrid,fgsm,entropy,10,0.7,0.3,78.25,78.75000238418579,0.500002384185791
basic_dnn,type2,hybrid,fgsm,entropy,10,0.8,0.3,85.0,85.50000190734863,0.5000019073486328
basic_dnn,type2,hybrid,fgsm,entropy,10,0.9,0.3,90.75,91.25000238418579,0.500002384185791
basic_dnn,type2,hybrid,fgsm,deepgini,10,0.0,0.3,38.75,97.50000238418579,58.75000238418579
basic_dnn,type2,hybrid,fgsm,deepgini,10,0.1,0.3,43.25,97.00000286102295,53.75000286102295
basic_dnn,type2,hybrid,fgsm,deepgini,10,0.2,0.3,48.0,97.00000286102295,49.00000286102295
basic_dnn,type2,hybrid,fgsm,deepgini,10,0.3,0.3,54.25,87.99999952316284,33.74999952316284
basic_dnn,type2,hybrid,fgsm,deepgini,10,0.4,0.3,61.25000000000001,61.500000953674316,0.2500009536743093
basic_dnn,type2,hybrid,fgsm,deepgini,10,0.5,0.3,66.75,67.00000166893005,0.2500016689300537
basic_dnn,type2,hybrid,fgsm,deepgini,10,0.6,0.3,72.75,73.25000166893005,0.5000016689300537
basic_dnn,type2,hybrid,fgsm,deepgini,10,0.7,0.3,78.25,78.75000238418579,0.500002384185791
basic_dnn,type2,hybrid,fgsm,deepgini,10,0.8,0.3,85.0,85.50000190734863,0.5000019073486328
basic_dnn,type2,hybrid,fgsm,deepgini,10,0.9,0.3,90.75,91.25000238418579,0.500002384185791
basic_dnn,type2,hybrid,fgsm,dat,10,0.0,0.3,38.75,97.25000262260437,58.50000262260437
basic_dnn,type2,hybrid,fgsm,dat,10,0.1,0.3,43.25,97.00000286102295,53.75000286102295
basic_dnn,type2,hybrid,fgsm,dat,10,0.2,0.3,48.0,97.00000286102295,49.00000286102295
basic_dnn,type2,hybrid,fgsm,dat,10,0.3,0.3,54.25,97.50000238418579,43.25000238418579
basic_dnn,type2,hybrid,fgsm,dat,10,0.4,0.3,61.25000000000001,97.00000286102295,35.75000286102294
basic_dnn,type2,hybrid,fgsm,dat,10,0.5,0.3,66.75,97.00000286102295,30.25000286102295
basic_dnn,type2,hybrid,fgsm,dat,10,0.6,0.3,72.75,97.50000238418579,24.75000238418579
basic_dnn,type2,hybrid,fgsm,dat,10,0.7,0.3,78.25,97.50000238418579,19.25000238418579
basic_dnn,type2,hybrid,fgsm,dat,10,0.8,0.3,85.0,97.75000214576721,12.750002145767212
basic_dnn,type2,hybrid,fgsm,dat,10,0.9,0.3,90.75,98.00000190734863,7.250001907348633
basic_dnn,type2,hybrid,GDKDE,random,10,0.0,0.05,1.0,25.24999976158142,24.24999976158142
basic_dnn,type2,hybrid,GDKDE,random,10,0.1,0.05,10.75,26.499998569488525,15.749998569488525
basic_dnn,type2,hybrid,GDKDE,random,10,0.2,0.05,19.5,36.000001430511475,16.500001430511475
basic_dnn,type2,hybrid,GDKDE,random,10,0.3,0.05,29.75,40.00000059604645,10.250000596046448
basic_dnn,type2,hybrid,GDKDE,random,10,0.4,0.05,39.5,48.249998688697815,8.749998688697815
basic_dnn,type2,hybrid,GDKDE,random,10,0.5,0.05,49.25,52.99999713897705,3.749997138977051
basic_dnn,type2,hybrid,GDKDE,random,10,0.6,0.05,58.75,61.500000953674316,2.7500009536743164
basic_dnn,type2,hybrid,GDKDE,random,10,0.7,0.05,68.75,70.99999785423279,2.249997854232788
basic_dnn,type2,hybrid,GDKDE,random,10,0.8,0.05,78.5,79.00000214576721,0.5000021457672119
basic_dnn,type2,hybrid,GDKDE,random,10,0.9,0.05,88.0,88.24999928474426,0.2499992847442627
basic_dnn,type2,hybrid,GDKDE,gd,10,0.0,0.05,1.0,21.75000011920929,20.75000011920929
basic_dnn,type2,hybrid,GDKDE,gd,10,0.1,0.05,10.75,33.75000059604645,23.000000596046448
basic_dnn,type2,hybrid,GDKDE,gd,10,0.2,0.05,19.5,43.75,24.25
basic_dnn,type2,hybrid,GDKDE,gd,10,0.3,0.05,29.75,46.99999988079071,17.24999988079071
basic_dnn,type2,hybrid,GDKDE,gd,10,0.4,0.05,39.5,51.99999809265137,12.499998092651367
basic_dnn,type2,hybrid,GDKDE,gd,10,0.5,0.05,49.25,52.74999737739563,3.49999737739563
basic_dnn,type2,hybrid,GDKDE,gd,10,0.6,0.05,58.75,66.25000238418579,7.500002384185791
basic_dnn,type2,hybrid,GDKDE,gd,10,0.7,0.05,68.75,69.74999904632568,0.9999990463256836
basic_dnn,type2,hybrid,GDKDE,gd,10,0.8,0.05,78.5,80.50000071525574,2.0000007152557373
basic_dnn,type2,hybrid,GDKDE,gd,10,0.9,0.05,88.0,88.24999928474426,0.2499992847442627
basic_dnn,type2,hybrid,GDKDE,entropy,10,0.0,0.05,1.0,18.99999976158142,17.99999976158142
basic_dnn,type2,hybrid,GDKDE,entropy,10,0.1,0.05,10.75,11.500000208616257,0.7500002086162567
basic_dnn,type2,hybrid,GDKDE,entropy,10,0.2,0.05,19.5,20.250000059604645,0.7500000596046448
basic_dnn,type2,hybrid,GDKDE,entropy,10,0.3,0.05,29.75,30.000001192092896,0.2500011920928955
basic_dnn,type2,hybrid,GDKDE,entropy,10,0.4,0.05,39.5,39.75000083446503,0.25000083446502686
basic_dnn,type2,hybrid,GDKDE,entropy,10,0.5,0.05,49.25,49.50000047683716,0.2500004768371582
basic_dnn,type2,hybrid,GDKDE,entropy,10,0.6,0.05,58.75,59.24999713897705,0.4999971389770508
basic_dnn,type2,hybrid,GDKDE,entropy,10,0.7,0.05,68.75,69.24999952316284,0.4999995231628418
basic_dnn,type2,hybrid,GDKDE,entropy,10,0.8,0.05,78.5,79.00000214576721,0.5000021457672119
basic_dnn,type2,hybrid,GDKDE,entropy,10,0.9,0.05,88.0,88.49999904632568,0.4999990463256836
basic_dnn,type2,hybrid,GDKDE,deepgini,10,0.0,0.05,1.0,18.99999976158142,17.99999976158142
basic_dnn,type2,hybrid,GDKDE,deepgini,10,0.1,0.05,10.75,11.500000208616257,0.7500002086162567
basic_dnn,type2,hybrid,GDKDE,deepgini,10,0.2,0.05,19.5,20.250000059604645,0.7500000596046448
basic_dnn,type2,hybrid,GDKDE,deepgini,10,0.3,0.05,29.75,30.000001192092896,0.2500011920928955
basic_dnn,type2,hybrid,GDKDE,deepgini,10,0.4,0.05,39.5,39.75000083446503,0.25000083446502686
basic_dnn,type2,hybrid,GDKDE,deepgini,10,0.5,0.05,49.25,49.50000047683716,0.2500004768371582
basic_dnn,type2,hybrid,GDKDE,deepgini,10,0.6,0.05,58.75,59.24999713897705,0.4999971389770508
basic_dnn,type2,hybrid,GDKDE,deepgini,10,0.7,0.05,68.75,69.24999952316284,0.4999995231628418
basic_dnn,type2,hybrid,GDKDE,deepgini,10,0.8,0.05,78.5,79.00000214576721,0.5000021457672119
basic_dnn,type2,hybrid,GDKDE,deepgini,10,0.9,0.05,88.0,88.49999904632568,0.4999990463256836
basic_dnn,type2,hybrid,GDKDE,dat,10,0.0,0.05,1.0,28.49999964237213,27.49999964237213
basic_dnn,type2,hybrid,GDKDE,dat,10,0.1,0.05,10.75,18.50000023841858,7.750000238418579
basic_dnn,type2,hybrid,GDKDE,dat,10,0.2,0.05,19.5,38.499999046325684,18.999999046325684
basic_dnn,type2,hybrid,GDKDE,dat,10,0.3,0.05,29.75,50.24999976158142,20.49999976158142
basic_dnn,type2,hybrid,GDKDE,dat,10,0.4,0.05,39.5,46.75000011920929,7.2500001192092896
basic_dnn,type2,hybrid,GDKDE,dat,10,0.5,0.05,49.25,52.49999761581421,3.249997615814209
basic_dnn,type2,hybrid,GDKDE,dat,10,0.6,0.05,58.75,63.749998807907104,4.9999988079071045
basic_dnn,type2,hybrid,GDKDE,dat,10,0.7,0.05,68.75,69.49999928474426,0.7499992847442627
basic_dnn,type2,hybrid,GDKDE,dat,10,0.8,0.05,78.5,82.4999988079071,3.9999988079071045
basic_dnn,type2,hybrid,GDKDE,dat,10,0.9,0.05,88.0,88.49999904632568,0.4999990463256836
basic_dnn,type2,hybrid,GDKDE,random,10,0.0,0.1,1.0,31.999999284744263,30.999999284744263
basic_dnn,type2,hybrid,GDKDE,random,10,0.1,0.1,10.75,37.00000047683716,26.250000476837158
basic_dnn,type2,hybrid,GDKDE,random,10,0.2,0.1,19.5,41.749998927116394,22.249998927116394
basic_dnn,type2,hybrid,GDKDE,random,10,0.3,0.1,29.75,53.50000262260437,23.75000262260437
basic_dnn,type2,hybrid,GDKDE,random,10,0.4,0.1,39.5,53.50000262260437,14.00000262260437
basic_dnn,type2,hybrid,GDKDE,random,10,0.5,0.1,49.25,57.749998569488525,8.499998569488525
basic_dnn,type2,hybrid,GDKDE,random,10,0.6,0.1,58.75,61.500000953674316,2.7500009536743164
basic_dnn,type2,hybrid,GDKDE,random,10,0.7,0.1,68.75,70.49999833106995,1.7499983310699463
basic_dnn,type2,hybrid,GDKDE,random,10,0.8,0.1,78.5,81.74999952316284,3.249999523162842
basic_dnn,type2,hybrid,GDKDE,random,10,0.9,0.1,88.0,88.49999904632568,0.4999990463256836
basic_dnn,type2,hybrid,GDKDE,gd,10,0.0,0.1,1.0,37.99999952316284,36.99999952316284
basic_dnn,type2,hybrid,GDKDE,gd,10,0.1,0.1,10.75,43.00000071525574,32.25000071525574
basic_dnn,type2,hybrid,GDKDE,gd,10,0.2,0.1,19.5,47.49999940395355,27.999999403953552
basic_dnn,type2,hybrid,GDKDE,gd,10,0.3,0.1,29.75,47.24999964237213,17.49999964237213
basic_dnn,type2,hybrid,GDKDE,gd,10,0.4,0.1,39.5,57.749998569488525,18.249998569488525
basic_dnn,type2,hybrid,GDKDE,gd,10,0.5,0.1,49.25,58.49999785423279,9.249997854232788
basic_dnn,type2,hybrid,GDKDE,gd,10,0.6,0.1,58.75,70.49999833106995,11.749998331069946
basic_dnn,type2,hybrid,GDKDE,gd,10,0.7,0.1,68.75,70.49999833106995,1.7499983310699463
basic_dnn,type2,hybrid,GDKDE,gd,10,0.8,0.1,78.5,80.25000095367432,1.7500009536743164
basic_dnn,type2,hybrid,GDKDE,gd,10,0.9,0.1,88.0,88.49999904632568,0.4999990463256836
basic_dnn,type2,hybrid,GDKDE,entropy,10,0.0,0.1,1.0,23.999999463558197,22.999999463558197
basic_dnn,type2,hybrid,GDKDE,entropy,10,0.1,0.1,10.75,28.00000011920929,17.25000011920929
basic_dnn,type2,hybrid,GDKDE,entropy,10,0.2,0.1,19.5,28.749999403953552,9.249999403953552
basic_dnn,type2,hybrid,GDKDE,entropy,10,0.3,0.1,29.75,30.500000715255737,0.7500007152557373
basic_dnn,type2,hybrid,GDKDE,entropy,10,0.4,0.1,39.5,39.75000083446503,0.25000083446502686
basic_dnn,type2,hybrid,GDKDE,entropy,10,0.5,0.1,49.25,49.50000047683716,0.2500004768371582
basic_dnn,type2,hybrid,GDKDE,entropy,10,0.6,0.1,58.75,59.24999713897705,0.4999971389770508
basic_dnn,type2,hybrid,GDKDE,entropy,10,0.7,0.1,68.75,69.24999952316284,0.4999995231628418
basic_dnn,type2,hybrid,GDKDE,entropy,10,0.8,0.1,78.5,79.25000190734863,0.7500019073486328
basic_dnn,type2,hybrid,GDKDE,entropy,10,0.9,0.1,88.0,88.49999904632568,0.4999990463256836
basic_dnn,type2,hybrid,GDKDE,deepgini,10,0.0,0.1,1.0,23.999999463558197,22.999999463558197
basic_dnn,type2,hybrid,GDKDE,deepgini,10,0.1,0.1,10.75,28.00000011920929,17.25000011920929
basic_dnn,type2,hybrid,GDKDE,deepgini,10,0.2,0.1,19.5,28.749999403953552,9.249999403953552
basic_dnn,type2,hybrid,GDKDE,deepgini,10,0.3,0.1,29.75,30.500000715255737,0.7500007152557373
basic_dnn,type2,hybrid,GDKDE,deepgini,10,0.4,0.1,39.5,39.75000083446503,0.25000083446502686
basic_dnn,type2,hybrid,GDKDE,deepgini,10,0.5,0.1,49.25,49.50000047683716,0.2500004768371582
basic_dnn,type2,hybrid,GDKDE,deepgini,10,0.6,0.1,58.75,59.24999713897705,0.4999971389770508
basic_dnn,type2,hybrid,GDKDE,deepgini,10,0.7,0.1,68.75,69.24999952316284,0.4999995231628418
basic_dnn,type2,hybrid,GDKDE,deepgini,10,0.8,0.1,78.5,79.25000190734863,0.7500019073486328
basic_dnn,type2,hybrid,GDKDE,deepgini,10,0.9,0.1,88.0,88.49999904632568,0.4999990463256836
basic_dnn,type2,hybrid,GDKDE,dat,10,0.0,0.1,1.0,33.50000083446503,32.50000083446503
basic_dnn,type2,hybrid,GDKDE,dat,10,0.1,0.1,10.75,44.49999928474426,33.74999928474426
basic_dnn,type2,hybrid,GDKDE,dat,10,0.2,0.1,19.5,46.25000059604645,26.750000596046448
basic_dnn,type2,hybrid,GDKDE,dat,10,0.3,0.1,29.75,49.50000047683716,19.750000476837158
basic_dnn,type2,hybrid,GDKDE,dat,10,0.4,0.1,39.5,54.500001668930054,15.000001668930054
basic_dnn,type2,hybrid,GDKDE,dat,10,0.5,0.1,49.25,61.000001430511475,11.750001430511475
basic_dnn,type2,hybrid,GDKDE,dat,10,0.6,0.1,58.75,69.24999952316284,10.499999523162842
basic_dnn,type2,hybrid,GDKDE,dat,10,0.7,0.1,68.75,73.25000166893005,4.500001668930054
basic_dnn,type2,hybrid,GDKDE,dat,10,0.8,0.1,78.5,85.00000238418579,6.500002384185791
basic_dnn,type2,hybrid,GDKDE,dat,10,0.9,0.1,88.0,91.25000238418579,3.250002384185791
basic_dnn,type2,hybrid,GDKDE,random,10,0.0,0.2,1.0,40.50000011920929,39.50000011920929
basic_dnn,type2,hybrid,GDKDE,random,10,0.1,0.2,10.75,49.25000071525574,38.50000071525574
basic_dnn,type2,hybrid,GDKDE,random,10,0.2,0.2,19.5,51.499998569488525,31.999998569488525
basic_dnn,type2,hybrid,GDKDE,random,10,0.3,0.2,29.75,55.250000953674316,25.500000953674316
basic_dnn,type2,hybrid,GDKDE,random,10,0.4,0.2,39.5,57.499998807907104,17.999998807907104
basic_dnn,type2,hybrid,GDKDE,random,10,0.5,0.2,49.25,65.49999713897705,16.24999713897705
basic_dnn,type2,hybrid,GDKDE,random,10,0.6,0.2,58.75,68.75,10.0
basic_dnn,type2,hybrid,GDKDE,random,10,0.7,0.2,68.75,75.49999952316284,6.749999523162842
basic_dnn,type2,hybrid,GDKDE,random,10,0.8,0.2,78.5,80.50000071525574,2.0000007152557373
basic_dnn,type2,hybrid,GDKDE,random,10,0.9,0.2,88.0,88.99999856948853,0.9999985694885254
basic_dnn,type2,hybrid,GDKDE,gd,10,0.0,0.2,1.0,42.750000953674316,41.750000953674316
basic_dnn,type2,hybrid,GDKDE,gd,10,0.1,0.2,10.75,49.25000071525574,38.50000071525574
basic_dnn,type2,hybrid,GDKDE,gd,10,0.2,0.2,19.5,51.499998569488525,31.999998569488525
basic_dnn,type2,hybrid,GDKDE,gd,10,0.3,0.2,29.75,55.250000953674316,25.500000953674316
basic_dnn,type2,hybrid,GDKDE,gd,10,0.4,0.2,39.5,57.499998807907104,17.999998807907104
basic_dnn,type2,hybrid,GDKDE,gd,10,0.5,0.2,49.25,65.49999713897705,16.24999713897705
basic_dnn,type2,hybrid,GDKDE,gd,10,0.6,0.2,58.75,68.75,10.0
basic_dnn,type2,hybrid,GDKDE,gd,10,0.7,0.2,68.75,75.49999952316284,6.749999523162842
basic_dnn,type2,hybrid,GDKDE,gd,10,0.8,0.2,78.5,80.50000071525574,2.0000007152557373
basic_dnn,type2,hybrid,GDKDE,gd,10,0.9,0.2,88.0,88.99999856948853,0.9999985694885254
basic_dnn,type2,hybrid,GDKDE,entropy,10,0.0,0.2,1.0,40.99999964237213,39.99999964237213
basic_dnn,type2,hybrid,GDKDE,entropy,10,0.1,0.2,10.75,45.500001311302185,34.750001311302185
basic_dnn,type2,hybrid,GDKDE,entropy,10,0.2,0.2,19.5,48.249998688697815,28.749998688697815
basic_dnn,type2,hybrid,GDKDE,entropy,10,0.3,0.2,29.75,44.999998807907104,15.249998807907104
basic_dnn,type2,hybrid,GDKDE,entropy,10,0.4,0.2,39.5,51.249998807907104,11.749998807907104
basic_dnn,type2,hybrid,GDKDE,entropy,10,0.5,0.2,49.25,52.74999737739563,3.49999737739563
basic_dnn,type2,hybrid,GDKDE,entropy,10,0.6,0.2,58.75,59.75000262260437,1.0000026226043701
basic_dnn,type2,hybrid,GDKDE,entropy,10,0.7,0.2,68.75,69.24999952316284,0.4999995231628418
basic_dnn,type2,hybrid,GDKDE,entropy,10,0.8,0.2,78.5,79.25000190734863,0.7500019073486328
basic_dnn,type2,hybrid,GDKDE,entropy,10,0.9,0.2,88.0,88.49999904632568,0.4999990463256836
basic_dnn,type2,hybrid,GDKDE,deepgini,10,0.0,0.2,1.0,40.99999964237213,39.99999964237213
basic_dnn,type2,hybrid,GDKDE,deepgini,10,0.1,0.2,10.75,45.500001311302185,34.750001311302185
basic_dnn,type2,hybrid,GDKDE,deepgini,10,0.2,0.2,19.5,48.249998688697815,28.749998688697815
basic_dnn,type2,hybrid,GDKDE,deepgini,10,0.3,0.2,29.75,44.999998807907104,15.249998807907104
basic_dnn,type2,hybrid,GDKDE,deepgini,10,0.4,0.2,39.5,51.249998807907104,11.749998807907104
basic_dnn,type2,hybrid,GDKDE,deepgini,10,0.5,0.2,49.25,52.74999737739563,3.49999737739563
basic_dnn,type2,hybrid,GDKDE,deepgini,10,0.6,0.2,58.75,59.75000262260437,1.0000026226043701
basic_dnn,type2,hybrid,GDKDE,deepgini,10,0.7,0.2,68.75,69.24999952316284,0.4999995231628418
basic_dnn,type2,hybrid,GDKDE,deepgini,10,0.8,0.2,78.5,79.25000190734863,0.7500019073486328
basic_dnn,type2,hybrid,GDKDE,deepgini,10,0.9,0.2,88.0,88.49999904632568,0.4999990463256836
basic_dnn,type2,hybrid,GDKDE,dat,10,0.0,0.2,1.0,44.749999046325684,43.749999046325684
basic_dnn,type2,hybrid,GDKDE,dat,10,0.1,0.2,10.75,51.99999809265137,41.24999809265137
basic_dnn,type2,hybrid,GDKDE,dat,10,0.2,0.2,19.5,52.24999785423279,32.74999785423279
basic_dnn,type2,hybrid,GDKDE,dat,10,0.3,0.2,29.75,54.25000190734863,24.500001907348633
basic_dnn,type2,hybrid,GDKDE,dat,10,0.4,0.2,39.5,57.499998807907104,17.999998807907104
basic_dnn,type2,hybrid,GDKDE,dat,10,0.5,0.2,49.25,66.00000262260437,16.75000262260437
basic_dnn,type2,hybrid,GDKDE,dat,10,0.6,0.2,58.75,71.74999713897705,12.99999713897705
basic_dnn,type2,hybrid,GDKDE,dat,10,0.7,0.2,68.75,77.24999785423279,8.499997854232788
basic_dnn,type2,hybrid,GDKDE,dat,10,0.8,0.2,78.5,85.75000166893005,7.250001668930054
basic_dnn,type2,hybrid,GDKDE,dat,10,0.9,0.2,88.0,91.50000214576721,3.500002145767212
basic_dnn,type2,hybrid,GDKDE,random,10,0.0,0.3,1.0,44.49999928474426,43.49999928474426
basic_dnn,type2,hybrid,GDKDE,random,10,0.1,0.3,10.75,51.99999809265137,41.24999809265137
basic_dnn,type2,hybrid,GDKDE,random,10,0.2,0.3,19.5,54.25000190734863,34.75000190734863
basic_dnn,type2,hybrid,GDKDE,random,10,0.3,0.3,29.75,55.000001192092896,25.250001192092896
basic_dnn,type2,hybrid,GDKDE,random,10,0.4,0.3,39.5,58.24999809265137,18.749998092651367
basic_dnn,type2,hybrid,GDKDE,random,10,0.5,0.3,49.25,66.00000262260437,16.75000262260437
basic_dnn,type2,hybrid,GDKDE,random,10,0.6,0.3,58.75,69.9999988079071,11.249998807907104
basic_dnn,type2,hybrid,GDKDE,random,10,0.7,0.3,68.75,76.74999833106995,7.999998331069946
basic_dnn,type2,hybrid,GDKDE,random,10,0.8,0.3,78.5,81.74999952316284,3.249999523162842
basic_dnn,type2,hybrid,GDKDE,random,10,0.9,0.3,88.0,89.74999785423279,1.749997854232788
basic_dnn,type2,hybrid,GDKDE,gd,10,0.0,0.3,1.0,47.24999964237213,46.24999964237213
basic_dnn,type2,hybrid,GDKDE,gd,10,0.1,0.3,10.75,51.99999809265137,41.24999809265137
basic_dnn,type2,hybrid,GDKDE,gd,10,0.2,0.3,19.5,54.25000190734863,34.75000190734863
basic_dnn,type2,hybrid,GDKDE,gd,10,0.3,0.3,29.75,55.000001192092896,25.250001192092896
basic_dnn,type2,hybrid,GDKDE,gd,10,0.4,0.3,39.5,58.24999809265137,18.749998092651367
basic_dnn,type2,hybrid,GDKDE,gd,10,0.5,0.3,49.25,66.00000262260437,16.75000262260437
basic_dnn,type2,hybrid,GDKDE,gd,10,0.6,0.3,58.75,69.9999988079071,11.249998807907104
basic_dnn,type2,hybrid,GDKDE,gd,10,0.7,0.3,68.75,76.74999833106995,7.999998331069946
basic_dnn,type2,hybrid,GDKDE,gd,10,0.8,0.3,78.5,81.74999952316284,3.249999523162842
basic_dnn,type2,hybrid,GDKDE,gd,10,0.9,0.3,88.0,89.74999785423279,1.749997854232788
basic_dnn,type2,hybrid,GDKDE,entropy,10,0.0,0.3,1.0,41.24999940395355,40.24999940395355
basic_dnn,type2,hybrid,GDKDE,entropy,10,0.1,0.3,10.75,47.24999964237213,36.49999964237213
basic_dnn,type2,hybrid,GDKDE,entropy,10,0.2,0.3,19.5,51.249998807907104,31.749998807907104
basic_dnn,type2,hybrid,GDKDE,entropy,10,0.3,0.3,29.75,51.749998331069946,21.999998331069946
basic_dnn,type2,hybrid,GDKDE,entropy,10,0.4,0.3,39.5,57.249999046325684,17.749999046325684
basic_dnn,type2,hybrid,GDKDE,entropy,10,0.5,0.3,49.25,61.500000953674316,12.250000953674316
basic_dnn,type2,hybrid,GDKDE,entropy,10,0.6,0.3,58.75,68.25000047683716,9.500000476837158
basic_dnn,type2,hybrid,GDKDE,entropy,10,0.7,0.3,68.75,75.74999928474426,6.999999284744263
basic_dnn,type2,hybrid,GDKDE,entropy,10,0.8,0.3,78.5,82.24999904632568,3.7499990463256836
basic_dnn,type2,hybrid,GDKDE,entropy,10,0.9,0.3,88.0,88.49999904632568,0.4999990463256836
basic_dnn,type2,hybrid,GDKDE,deepgini,10,0.0,0.3,1.0,41.24999940395355,40.24999940395355
basic_dnn,type2,hybrid,GDKDE,deepgini,10,0.1,0.3,10.75,47.24999964237213,36.49999964237213
basic_dnn,type2,hybrid,GDKDE,deepgini,10,0.2,0.3,19.5,51.249998807907104,31.749998807907104
basic_dnn,type2,hybrid,GDKDE,deepgini,10,0.3,0.3,29.75,51.749998331069946,21.999998331069946
basic_dnn,type2,hybrid,GDKDE,deepgini,10,0.4,0.3,39.5,57.249999046325684,17.749999046325684
basic_dnn,type2,hybrid,GDKDE,deepgini,10,0.5,0.3,49.25,61.500000953674316,12.250000953674316
basic_dnn,type2,hybrid,GDKDE,deepgini,10,0.6,0.3,58.75,68.25000047683716,9.500000476837158
basic_dnn,type2,hybrid,GDKDE,deepgini,10,0.7,0.3,68.75,75.74999928474426,6.999999284744263
basic_dnn,type2,hybrid,GDKDE,deepgini,10,0.8,0.3,78.5,82.24999904632568,3.7499990463256836
basic_dnn,type2,hybrid,GDKDE,deepgini,10,0.9,0.3,88.0,88.49999904632568,0.4999990463256836
basic_dnn,type2,hybrid,GDKDE,dat,10,0.0,0.3,1.0,46.75000011920929,45.75000011920929
basic_dnn,type2,hybrid,GDKDE,dat,10,0.1,0.3,10.75,51.249998807907104,40.499998807907104
basic_dnn,type2,hybrid,GDKDE,dat,10,0.2,0.3,19.5,53.75000238418579,34.25000238418579
basic_dnn,type2,hybrid,GDKDE,dat,10,0.3,0.3,29.75,56.00000023841858,26.25000023841858
basic_dnn,type2,hybrid,GDKDE,dat,10,0.4,0.3,39.5,60.750001668930054,21.250001668930054
basic_dnn,type2,hybrid,GDKDE,dat,10,0.5,0.3,49.25,67.25000143051147,18.000001430511475
basic_dnn,type2,hybrid,GDKDE,dat,10,0.6,0.3,58.75,73.50000143051147,14.750001430511475
basic_dnn,type2,hybrid,GDKDE,dat,10,0.7,0.3,68.75,79.75000143051147,11.000001430511475
basic_dnn,type2,hybrid,GDKDE,dat,10,0.8,0.3,78.5,86.75000071525574,8.250000715255737
basic_dnn,type2,hybrid,GDKDE,dat,10,0.9,0.3,88.0,91.50000214576721,3.500002145767212
basic_dnn,type2,hybrid,MIMICRY,random,10,0.0,0.05,0.25,25.749999284744263,25.499999284744263
basic_dnn,type2,hybrid,MIMICRY,random,10,0.1,0.05,10.0,22.499999403953552,12.499999403953552
basic_dnn,type2,hybrid,MIMICRY,random,10,0.2,0.05,19.25,34.00000035762787,14.750000357627869
basic_dnn,type2,hybrid,MIMICRY,random,10,0.3,0.05,29.75,40.50000011920929,10.75000011920929
basic_dnn,type2,hybrid,MIMICRY,random,10,0.4,0.05,39.5,45.249998569488525,5.749998569488525
basic_dnn,type2,hybrid,MIMICRY,random,10,0.5,0.05,49.25,52.99999713897705,3.749997138977051
basic_dnn,type2,hybrid,MIMICRY,random,10,0.6,0.05,59.0,61.250001192092896,2.2500011920928955
basic_dnn,type2,hybrid,MIMICRY,random,10,0.7,0.05,69.0,71.24999761581421,2.249997615814209
basic_dnn,type2,hybrid,MIMICRY,random,10,0.8,0.05,78.75,79.25000190734863,0.5000019073486328
basic_dnn,type2,hybrid,MIMICRY,random,10,0.9,0.05,88.0,88.24999928474426,0.2499992847442627
basic_dnn,type2,hybrid,MIMICRY,gd,10,0.0,0.05,0.25,27.75000035762787,27.50000035762787
basic_dnn,type2,hybrid,MIMICRY,gd,10,0.1,0.05,10.0,28.49999964237213,18.49999964237213
basic_dnn,type2,hybrid,MIMICRY,gd,10,0.2,0.05,19.25,34.99999940395355,15.749999403953552
basic_dnn,type2,hybrid,MIMICRY,gd,10,0.3,0.05,29.75,32.499998807907104,2.7499988079071045
basic_dnn,type2,hybrid,MIMICRY,gd,10,0.4,0.05,39.5,44.999998807907104,5.4999988079071045
basic_dnn,type2,hybrid,MIMICRY,gd,10,0.5,0.05,49.25,52.24999785423279,2.999997854232788
basic_dnn,type2,hybrid,MIMICRY,gd,10,0.6,0.05,59.0,61.250001192092896,2.2500011920928955
basic_dnn,type2,hybrid,MIMICRY,gd,10,0.7,0.05,69.0,70.99999785423279,1.999997854232788
basic_dnn,type2,hybrid,MIMICRY,gd,10,0.8,0.05,78.75,82.74999856948853,3.9999985694885254
basic_dnn,type2,hybrid,MIMICRY,gd,10,0.9,0.05,88.0,88.24999928474426,0.2499992847442627
basic_dnn,type2,hybrid,MIMICRY,entropy,10,0.0,0.05,0.25,15.74999988079071,15.49999988079071
basic_dnn,type2,hybrid,MIMICRY,entropy,10,0.1,0.05,10.0,19.499999284744263,9.499999284744263
basic_dnn,type2,hybrid,MIMICRY,entropy,10,0.2,0.05,19.25,20.749999582767487,1.4999995827674866
basic_dnn,type2,hybrid,MIMICRY,entropy,10,0.3,0.05,29.75,30.500000715255737,0.7500007152557373
basic_dnn,type2,hybrid,MIMICRY,entropy,10,0.4,0.05,39.5,40.25000035762787,0.7500003576278687
basic_dnn,type2,hybrid,MIMICRY,entropy,10,0.5,0.05,49.25,50.0,0.75
basic_dnn,type2,hybrid,MIMICRY,entropy,10,0.6,0.05,59.0,59.75000262260437,0.7500026226043701
basic_dnn,type2,hybrid,MIMICRY,entropy,10,0.7,0.05,69.0,69.74999904632568,0.7499990463256836
basic_dnn,type2,hybrid,MIMICRY,entropy,10,0.8,0.05,78.75,79.25000190734863,0.5000019073486328
basic_dnn,type2,hybrid,MIMICRY,entropy,10,0.9,0.05,88.0,88.49999904632568,0.4999990463256836
basic_dnn,type2,hybrid,MIMICRY,deepgini,10,0.0,0.05,0.25,15.74999988079071,15.49999988079071
basic_dnn,type2,hybrid,MIMICRY,deepgini,10,0.1,0.05,10.0,19.499999284744263,9.499999284744263
basic_dnn,type2,hybrid,MIMICRY,deepgini,10,0.2,0.05,19.25,20.749999582767487,1.4999995827674866
basic_dnn,type2,hybrid,MIMICRY,deepgini,10,0.3,0.05,29.75,30.500000715255737,0.7500007152557373
basic_dnn,type2,hybrid,MIMICRY,deepgini,10,0.4,0.05,39.5,40.25000035762787,0.7500003576278687
basic_dnn,type2,hybrid,MIMICRY,deepgini,10,0.5,0.05,49.25,50.0,0.75
basic_dnn,type2,hybrid,MIMICRY,deepgini,10,0.6,0.05,59.0,59.75000262260437,0.7500026226043701
basic_dnn,type2,hybrid,MIMICRY,deepgini,10,0.7,0.05,69.0,69.74999904632568,0.7499990463256836
basic_dnn,type2,hybrid,MIMICRY,deepgini,10,0.8,0.05,78.75,79.25000190734863,0.5000019073486328
basic_dnn,type2,hybrid,MIMICRY,deepgini,10,0.9,0.05,88.0,88.49999904632568,0.4999990463256836
basic_dnn,type2,hybrid,MIMICRY,dat,10,0.0,0.05,0.25,29.249998927116394,28.999998927116394
basic_dnn,type2,hybrid,MIMICRY,dat,10,0.1,0.05,10.0,27.250000834465027,17.250000834465027
basic_dnn,type2,hybrid,MIMICRY,dat,10,0.2,0.05,19.25,29.499998688697815,10.249998688697815
basic_dnn,type2,hybrid,MIMICRY,dat,10,0.3,0.05,29.75,47.24999964237213,17.49999964237213
basic_dnn,type2,hybrid,MIMICRY,dat,10,0.4,0.05,39.5,49.75000023841858,10.250000238418579
basic_dnn,type2,hybrid,MIMICRY,dat,10,0.5,0.05,49.25,52.99999713897705,3.749997138977051
basic_dnn,type2,hybrid,MIMICRY,dat,10,0.6,0.05,59.0,62.25000023841858,3.250000238418579
basic_dnn,type2,hybrid,MIMICRY,dat,10,0.7,0.05,69.0,72.25000262260437,3.25000262260437
basic_dnn,type2,hybrid,MIMICRY,dat,10,0.8,0.05,78.75,81.25,2.5
basic_dnn,type2,hybrid,MIMICRY,dat,10,0.9,0.05,88.0,88.99999856948853,0.9999985694885254
basic_dnn,type2,hybrid,MIMICRY,random,10,0.0,0.1,0.25,34.00000035762787,33.75000035762787
basic_dnn,type2,hybrid,MIMICRY,random,10,0.1,0.1,10.0,31.25,21.25
basic_dnn,type2,hybrid,MIMICRY,random,10,0.2,0.1,19.25,41.749998927116394,22.499998927116394
basic_dnn,type2,hybrid,MIMICRY,random,10,0.3,0.1,29.75,49.000000953674316,19.250000953674316
basic_dnn,type2,hybrid,MIMICRY,random,10,0.4,0.1,39.5,52.74999737739563,13.24999737739563
basic_dnn,type2,hybrid,MIMICRY,random,10,0.5,0.1,49.25,56.74999952316284,7.499999523162842
basic_dnn,type2,hybrid,MIMICRY,random,10,0.6,0.1,59.0,62.99999952316284,3.999999523162842
basic_dnn,type2,hybrid,MIMICRY,random,10,0.7,0.1,69.0,71.24999761581421,2.249997615814209
basic_dnn,type2,hybrid,MIMICRY,random,10,0.8,0.1,78.75,81.49999976158142,2.749999761581421
basic_dnn,type2,hybrid,MIMICRY,random,10,0.9,0.1,88.0,88.49999904632568,0.4999990463256836
basic_dnn,type2,hybrid,MIMICRY,gd,10,0.0,0.1,0.25,34.25000011920929,34.00000011920929
basic_dnn,type2,hybrid,MIMICRY,gd,10,0.1,0.1,10.0,42.250001430511475,32.250001430511475
basic_dnn,type2,hybrid,MIMICRY,gd,10,0.2,0.1,19.25,44.24999952316284,24.999999523162842
basic_dnn,type2,hybrid,MIMICRY,gd,10,0.3,0.1,29.75,47.999998927116394,18.249998927116394
basic_dnn,type2,hybrid,MIMICRY,gd,10,0.4,0.1,39.5,56.74999952316284,17.249999523162842
basic_dnn,type2,hybrid,MIMICRY,gd,10,0.5,0.1,49.25,60.25000214576721,11.000002145767212
basic_dnn,type2,hybrid,MIMICRY,gd,10,0.6,0.1,59.0,66.25000238418579,7.250002384185791
basic_dnn,type2,hybrid,MIMICRY,gd,10,0.7,0.1,69.0,72.00000286102295,3.000002861022949
basic_dnn,type2,hybrid,MIMICRY,gd,10,0.8,0.1,78.75,80.0000011920929,1.2500011920928955
basic_dnn,type2,hybrid,MIMICRY,gd,10,0.9,0.1,88.0,88.24999928474426,0.2499992847442627
basic_dnn,type2,hybrid,MIMICRY,entropy,10,0.0,0.1,0.25,15.50000011920929,15.25000011920929
basic_dnn,type2,hybrid,MIMICRY,entropy,10,0.1,0.1,10.0,24.250000715255737,14.250000715255737
basic_dnn,type2,hybrid,MIMICRY,entropy,10,0.2,0.1,19.25,30.500000715255737,11.250000715255737
basic_dnn,type2,hybrid,MIMICRY,entropy,10,0.3,0.1,29.75,36.75000071525574,7.000000715255737
basic_dnn,type2,hybrid,MIMICRY,entropy,10,0.4,0.1,39.5,44.49999928474426,4.999999284744263
basic_dnn,type2,hybrid,MIMICRY,entropy,10,0.5,0.1,49.25,50.0,0.75
basic_dnn,type2,hybrid,MIMICRY,entropy,10,0.6,0.1,59.0,59.75000262260437,0.7500026226043701
basic_dnn,type2,hybrid,MIMICRY,entropy,10,0.7,0.1,69.0,69.74999904632568,0.7499990463256836
basic_dnn,type2,hybrid,MIMICRY,entropy,10,0.8,0.1,78.75,79.25000190734863,0.5000019073486328
basic_dnn,type2,hybrid,MIMICRY,entropy,10,0.9,0.1,88.0,88.49999904632568,0.4999990463256836
basic_dnn,type2,hybrid,MIMICRY,deepgini,10,0.0,0.1,0.25,15.50000011920929,15.25000011920929
basic_dnn,type2,hybrid,MIMICRY,deepgini,10,0.1,0.1,10.0,24.250000715255737,14.250000715255737
basic_dnn,type2,hybrid,MIMICRY,deepgini,10,0.2,0.1,19.25,30.500000715255737,11.250000715255737
basic_dnn,type2,hybrid,MIMICRY,deepgini,10,0.3,0.1,29.75,36.75000071525574,7.000000715255737
basic_dnn,type2,hybrid,MIMICRY,deepgini,10,0.4,0.1,39.5,44.49999928474426,4.999999284744263
basic_dnn,type2,hybrid,MIMICRY,deepgini,10,0.5,0.1,49.25,50.0,0.75
basic_dnn,type2,hybrid,MIMICRY,deepgini,10,0.6,0.1,59.0,59.75000262260437,0.7500026226043701
basic_dnn,type2,hybrid,MIMICRY,deepgini,10,0.7,0.1,69.0,69.74999904632568,0.7499990463256836
basic_dnn,type2,hybrid,MIMICRY,deepgini,10,0.8,0.1,78.75,79.25000190734863,0.5000019073486328
basic_dnn,type2,hybrid,MIMICRY,deepgini,10,0.9,0.1,88.0,88.49999904632568,0.4999990463256836
basic_dnn,type2,hybrid,MIMICRY,dat,10,0.0,0.1,0.25,34.25000011920929,34.00000011920929
basic_dnn,type2,hybrid,MIMICRY,dat,10,0.1,0.1,10.0,36.500000953674316,26.500000953674316
basic_dnn,type2,hybrid,MIMICRY,dat,10,0.2,0.1,19.25,43.25000047683716,24.000000476837158
basic_dnn,type2,hybrid,MIMICRY,dat,10,0.3,0.1,29.75,43.75,14.0
basic_dnn,type2,hybrid,MIMICRY,dat,10,0.4,0.1,39.5,51.99999809265137,12.499998092651367
basic_dnn,type2,hybrid,MIMICRY,dat,10,0.5,0.1,49.25,56.74999952316284,7.499999523162842
basic_dnn,type2,hybrid,MIMICRY,dat,10,0.6,0.1,59.0,66.50000214576721,7.500002145767212
basic_dnn,type2,hybrid,MIMICRY,dat,10,0.7,0.1,69.0,75.74999928474426,6.749999284744263
basic_dnn,type2,hybrid,MIMICRY,dat,10,0.8,0.1,78.75,83.99999737739563,5.24999737739563
basic_dnn,type2,hybrid,MIMICRY,dat,10,0.9,0.1,88.0,91.00000262260437,3.00000262260437
basic_dnn,type2,hybrid,MIMICRY,random,10,0.0,0.2,0.25,38.24999928474426,37.99999928474426
basic_dnn,type2,hybrid,MIMICRY,random,10,0.1,0.2,10.0,43.99999976158142,33.99999976158142
basic_dnn,type2,hybrid,MIMICRY,random,10,0.2,0.2,19.25,47.999998927116394,28.749998927116394
basic_dnn,type2,hybrid,MIMICRY,random,10,0.3,0.2,29.75,52.74999737739563,22.99999737739563
basic_dnn,type2,hybrid,MIMICRY,random,10,0.4,0.2,39.5,55.250000953674316,15.750000953674316
basic_dnn,type2,hybrid,MIMICRY,random,10,0.5,0.2,49.25,61.000001430511475,11.750001430511475
basic_dnn,type2,hybrid,MIMICRY,random,10,0.6,0.2,59.0,68.75,9.75
basic_dnn,type2,hybrid,MIMICRY,random,10,0.7,0.2,69.0,75.24999976158142,6.249999761581421
basic_dnn,type2,hybrid,MIMICRY,random,10,0.8,0.2,78.75,80.75000047683716,2.000000476837158
basic_dnn,type2,hybrid,MIMICRY,random,10,0.9,0.2,88.0,88.99999856948853,0.9999985694885254
basic_dnn,type2,hybrid,MIMICRY,gd,10,0.0,0.2,0.25,37.00000047683716,36.75000047683716
basic_dnn,type2,hybrid,MIMICRY,gd,10,0.1,0.2,10.0,43.99999976158142,33.99999976158142
basic_dnn,type2,hybrid,MIMICRY,gd,10,0.2,0.2,19.25,47.999998927116394,28.749998927116394
basic_dnn,type2,hybrid,MIMICRY,gd,10,0.3,0.2,29.75,52.74999737739563,22.99999737739563
basic_dnn,type2,hybrid,MIMICRY,gd,10,0.4,0.2,39.5,55.250000953674316,15.750000953674316
basic_dnn,type2,hybrid,MIMICRY,gd,10,0.5,0.2,49.25,61.000001430511475,11.750001430511475
basic_dnn,type2,hybrid,MIMICRY,gd,10,0.6,0.2,59.0,68.75,9.75
basic_dnn,type2,hybrid,MIMICRY,gd,10,0.7,0.2,69.0,75.24999976158142,6.249999761581421
basic_dnn,type2,hybrid,MIMICRY,gd,10,0.8,0.2,78.75,82.74999856948853,3.9999985694885254
basic_dnn,type2,hybrid,MIMICRY,gd,10,0.9,0.2,88.0,88.99999856948853,0.9999985694885254
basic_dnn,type2,hybrid,MIMICRY,entropy,10,0.0,0.2,0.25,37.99999952316284,37.74999952316284
basic_dnn,type2,hybrid,MIMICRY,entropy,10,0.1,0.2,10.0,43.25000047683716,33.25000047683716
basic_dnn,type2,hybrid,MIMICRY,entropy,10,0.2,0.2,19.25,45.500001311302185,26.250001311302185
basic_dnn,type2,hybrid,MIMICRY,entropy,10,0.3,0.2,29.75,38.749998807907104,8.999998807907104
basic_dnn,type2,hybrid,MIMICRY,entropy,10,0.4,0.2,39.5,47.49999940395355,7.999999403953552
basic_dnn,type2,hybrid,MIMICRY,entropy,10,0.5,0.2,49.25,55.000001192092896,5.7500011920928955
basic_dnn,type2,hybrid,MIMICRY,entropy,10,0.6,0.2,59.0,62.25000023841858,3.250000238418579
basic_dnn,type2,hybrid,MIMICRY,entropy,10,0.7,0.2,69.0,69.74999904632568,0.7499990463256836
basic_dnn,type2,hybrid,MIMICRY,entropy,10,0.8,0.2,78.75,79.75000143051147,1.0000014305114746
basic_dnn,type2,hybrid,MIMICRY,entropy,10,0.9,0.2,88.0,88.49999904632568,0.4999990463256836
basic_dnn,type2,hybrid,MIMICRY,deepgini,10,0.0,0.2,0.25,37.99999952316284,37.74999952316284
basic_dnn,type2,hybrid,MIMICRY,deepgini,10,0.1,0.2,10.0,43.25000047683716,33.25000047683716
basic_dnn,type2,hybrid,MIMICRY,deepgini,10,0.2,0.2,19.25,45.500001311302185,26.250001311302185
basic_dnn,type2,hybrid,MIMICRY,deepgini,10,0.3,0.2,29.75,38.749998807907104,8.999998807907104
basic_dnn,type2,hybrid,MIMICRY,deepgini,10,0.4,0.2,39.5,47.49999940395355,7.999999403953552
basic_dnn,type2,hybrid,MIMICRY,deepgini,10,0.5,0.2,49.25,55.000001192092896,5.7500011920928955
basic_dnn,type2,hybrid,MIMICRY,deepgini,10,0.6,0.2,59.0,62.25000023841858,3.250000238418579
basic_dnn,type2,hybrid,MIMICRY,deepgini,10,0.7,0.2,69.0,69.74999904632568,0.7499990463256836
basic_dnn,type2,hybrid,MIMICRY,deepgini,10,0.8,0.2,78.75,79.75000143051147,1.0000014305114746
basic_dnn,type2,hybrid,MIMICRY,deepgini,10,0.9,0.2,88.0,88.49999904632568,0.4999990463256836
basic_dnn,type2,hybrid,MIMICRY,dat,10,0.0,0.2,0.25,40.00000059604645,39.75000059604645
basic_dnn,type2,hybrid,MIMICRY,dat,10,0.1,0.2,10.0,41.749998927116394,31.749998927116394
basic_dnn,type2,hybrid,MIMICRY,dat,10,0.2,0.2,19.25,47.74999916553497,28.499999165534973
basic_dnn,type2,hybrid,MIMICRY,dat,10,0.3,0.2,29.75,51.499998569488525,21.749998569488525
basic_dnn,type2,hybrid,MIMICRY,dat,10,0.4,0.2,39.5,56.25,16.75
basic_dnn,type2,hybrid,MIMICRY,dat,10,0.5,0.2,49.25,63.749998807907104,14.499998807907104
basic_dnn,type2,hybrid,MIMICRY,dat,10,0.6,0.2,59.0,69.24999952316284,10.249999523162842
basic_dnn,type2,hybrid,MIMICRY,dat,10,0.7,0.2,69.0,77.24999785423279,8.249997854232788
basic_dnn,type2,hybrid,MIMICRY,dat,10,0.8,0.2,78.75,85.00000238418579,6.250002384185791
basic_dnn,type2,hybrid,MIMICRY,dat,10,0.9,0.2,88.0,90.75000286102295,2.750002861022949
basic_dnn,type2,hybrid,MIMICRY,random,10,0.0,0.3,0.25,37.99999952316284,37.74999952316284
basic_dnn,type2,hybrid,MIMICRY,random,10,0.1,0.3,10.0,44.24999952316284,34.24999952316284
basic_dnn,type2,hybrid,MIMICRY,random,10,0.2,0.3,19.25,48.500001430511475,29.250001430511475
basic_dnn,type2,hybrid,MIMICRY,random,10,0.3,0.3,29.75,53.25000286102295,23.50000286102295
basic_dnn,type2,hybrid,MIMICRY,random,10,0.4,0.3,39.5,58.24999809265137,18.749998092651367
basic_dnn,type2,hybrid,MIMICRY,random,10,0.5,0.3,49.25,63.24999928474426,13.999999284744263
basic_dnn,type2,hybrid,MIMICRY,random,10,0.6,0.3,59.0,69.9999988079071,10.999998807907104
basic_dnn,type2,hybrid,MIMICRY,random,10,0.7,0.3,69.0,77.49999761581421,8.499997615814209
basic_dnn,type2,hybrid,MIMICRY,random,10,0.8,0.3,78.75,82.24999904632568,3.4999990463256836
basic_dnn,type2,hybrid,MIMICRY,random,10,0.9,0.3,88.0,90.49999713897705,2.499997138977051
basic_dnn,type2,hybrid,MIMICRY,gd,10,0.0,0.3,0.25,38.999998569488525,38.749998569488525
basic_dnn,type2,hybrid,MIMICRY,gd,10,0.1,0.3,10.0,44.24999952316284,34.24999952316284
basic_dnn,type2,hybrid,MIMICRY,gd,10,0.2,0.3,19.25,48.500001430511475,29.250001430511475
basic_dnn,type2,hybrid,MIMICRY,gd,10,0.3,0.3,29.75,53.25000286102295,23.50000286102295
basic_dnn,type2,hybrid,MIMICRY,gd,10,0.4,0.3,39.5,58.24999809265137,18.749998092651367
basic_dnn,type2,hybrid,MIMICRY,gd,10,0.5,0.3,49.25,63.24999928474426,13.999999284744263
basic_dnn,type2,hybrid,MIMICRY,gd,10,0.6,0.3,59.0,69.9999988079071,10.999998807907104
basic_dnn,type2,hybrid,MIMICRY,gd,10,0.7,0.3,69.0,77.49999761581421,8.499997615814209
basic_dnn,type2,hybrid,MIMICRY,gd,10,0.8,0.3,78.75,82.24999904632568,3.4999990463256836
basic_dnn,type2,hybrid,MIMICRY,gd,10,0.9,0.3,88.0,90.49999713897705,2.499997138977051
basic_dnn,type2,hybrid,MIMICRY,entropy,10,0.0,0.3,0.25,48.750001192092896,48.500001192092896
basic_dnn,type2,hybrid,MIMICRY,entropy,10,0.1,0.3,10.0,53.25000286102295,43.25000286102295
basic_dnn,type2,hybrid,MIMICRY,entropy,10,0.2,0.3,19.25,56.00000023841858,36.75000023841858
basic_dnn,type2,hybrid,MIMICRY,entropy,10,0.3,0.3,29.75,60.00000238418579,30.25000238418579
basic_dnn,type2,hybrid,MIMICRY,entropy,10,0.4,0.3,39.5,62.99999952316284,23.499999523162842
basic_dnn,type2,hybrid,MIMICRY,entropy,10,0.5,0.3,49.25,55.75000047683716,6.500000476837158
basic_dnn,type2,hybrid,MIMICRY,entropy,10,0.6,0.3,59.0,64.24999833106995,5.249998331069946
basic_dnn,type2,hybrid,MIMICRY,entropy,10,0.7,0.3,69.0,71.24999761581421,2.249997615814209
basic_dnn,type2,hybrid,MIMICRY,entropy,10,0.8,0.3,78.75,80.0000011920929,1.2500011920928955
basic_dnn,type2,hybrid,MIMICRY,entropy,10,0.9,0.3,88.0,88.49999904632568,0.4999990463256836
basic_dnn,type2,hybrid,MIMICRY,deepgini,10,0.0,0.3,0.25,48.750001192092896,48.500001192092896
basic_dnn,type2,hybrid,MIMICRY,deepgini,10,0.1,0.3,10.0,53.25000286102295,43.25000286102295
basic_dnn,type2,hybrid,MIMICRY,deepgini,10,0.2,0.3,19.25,56.00000023841858,36.75000023841858
basic_dnn,type2,hybrid,MIMICRY,deepgini,10,0.3,0.3,29.75,60.00000238418579,30.25000238418579
basic_dnn,type2,hybrid,MIMICRY,deepgini,10,0.4,0.3,39.5,62.99999952316284,23.499999523162842
basic_dnn,type2,hybrid,MIMICRY,deepgini,10,0.5,0.3,49.25,55.75000047683716,6.500000476837158
basic_dnn,type2,hybrid,MIMICRY,deepgini,10,0.6,0.3,59.0,64.24999833106995,5.249998331069946
basic_dnn,type2,hybrid,MIMICRY,deepgini,10,0.7,0.3,69.0,71.24999761581421,2.249997615814209
basic_dnn,type2,hybrid,MIMICRY,deepgini,10,0.8,0.3,78.75,80.0000011920929,1.2500011920928955
basic_dnn,type2,hybrid,MIMICRY,deepgini,10,0.9,0.3,88.0,88.49999904632568,0.4999990463256836
basic_dnn,type2,hybrid,MIMICRY,dat,10,0.0,0.3,0.25,39.500001072883606,39.250001072883606
basic_dnn,type2,hybrid,MIMICRY,dat,10,0.1,0.3,10.0,45.500001311302185,35.500001311302185
basic_dnn,type2,hybrid,MIMICRY,dat,10,0.2,0.3,19.25,47.999998927116394,28.749998927116394
basic_dnn,type2,hybrid,MIMICRY,dat,10,0.3,0.3,29.75,54.500001668930054,24.750001668930054
basic_dnn,type2,hybrid,MIMICRY,dat,10,0.4,0.3,39.5,58.24999809265137,18.749998092651367
basic_dnn,type2,hybrid,MIMICRY,dat,10,0.5,0.3,49.25,64.24999833106995,14.999998331069946
basic_dnn,type2,hybrid,MIMICRY,dat,10,0.6,0.3,59.0,72.50000238418579,13.500002384185791
basic_dnn,type2,hybrid,MIMICRY,dat,10,0.7,0.3,69.0,78.50000262260437,9.50000262260437
basic_dnn,type2,hybrid,MIMICRY,dat,10,0.8,0.3,78.75,85.75000166893005,7.000001668930054
basic_dnn,type2,hybrid,MIMICRY,dat,10,0.9,0.3,88.0,90.75000286102295,2.750002861022949
basic_dnn,type2,hybrid,POINTWISE,random,10,0.0,0.05,0.0,75.99999904632568,75.99999904632568
basic_dnn,type2,hybrid,POINTWISE,random,10,0.1,0.05,9.75,86.50000095367432,76.75000095367432
basic_dnn,type2,hybrid,POINTWISE,random,10,0.2,0.05,19.0,77.24999785423279,58.24999785423279
basic_dnn,type2,hybrid,POINTWISE,random,10,0.3,0.05,29.5,81.00000023841858,51.50000023841858
basic_dnn,type2,hybrid,POINTWISE,random,10,0.4,0.05,39.25,82.24999904632568,42.999999046325684
basic_dnn,type2,hybrid,POINTWISE,random,10,0.5,0.05,49.0,83.24999809265137,34.24999809265137
basic_dnn,type2,hybrid,POINTWISE,random,10,0.6,0.05,58.75,88.99999856948853,30.249998569488525
basic_dnn,type2,hybrid,POINTWISE,random,10,0.7,0.05,68.75,90.49999713897705,21.74999713897705
basic_dnn,type2,hybrid,POINTWISE,random,10,0.8,0.05,78.5,92.75000095367432,14.250000953674316
basic_dnn,type2,hybrid,POINTWISE,random,10,0.9,0.05,88.0,95.24999856948853,7.249998569488525
basic_dnn,type2,hybrid,POINTWISE,gd,10,0.0,0.05,0.0,72.00000286102295,72.00000286102295
basic_dnn,type2,hybrid,POINTWISE,gd,10,0.1,0.05,9.75,83.99999737739563,74.24999737739563
basic_dnn,type2,hybrid,POINTWISE,gd,10,0.2,0.05,19.0,79.00000214576721,60.00000214576721
basic_dnn,type2,hybrid,POINTWISE,gd,10,0.3,0.05,29.5,81.99999928474426,52.49999928474426
basic_dnn,type2,hybrid,POINTWISE,gd,10,0.4,0.05,39.25,81.74999952316284,42.49999952316284
basic_dnn,type2,hybrid,POINTWISE,gd,10,0.5,0.05,49.0,85.00000238418579,36.00000238418579
basic_dnn,type2,hybrid,POINTWISE,gd,10,0.6,0.05,58.75,86.75000071525574,28.000000715255737
basic_dnn,type2,hybrid,POINTWISE,gd,10,0.7,0.05,68.75,94.74999904632568,25.999999046325684
basic_dnn,type2,hybrid,POINTWISE,gd,10,0.8,0.05,78.5,93.25000047683716,14.750000476837158
basic_dnn,type2,hybrid,POINTWISE,gd,10,0.9,0.05,88.0,95.24999856948853,7.249998569488525
basic_dnn,type2,hybrid,POINTWISE,entropy,10,0.0,0.05,0.0,68.00000071525574,68.00000071525574
basic_dnn,type2,hybrid,POINTWISE,entropy,10,0.1,0.05,9.75,71.24999761581421,61.49999761581421
basic_dnn,type2,hybrid,POINTWISE,entropy,10,0.2,0.05,19.0,73.7500011920929,54.750001192092896
basic_dnn,type2,hybrid,POINTWISE,entropy,10,0.3,0.05,29.5,75.99999904632568,46.499999046325684
basic_dnn,type2,hybrid,POINTWISE,entropy,10,0.4,0.05,39.25,79.25000190734863,40.00000190734863
basic_dnn,type2,hybrid,POINTWISE,entropy,10,0.5,0.05,49.0,83.24999809265137,34.24999809265137
basic_dnn,type2,hybrid,POINTWISE,entropy,10,0.6,0.05,58.75,86.75000071525574,28.000000715255737
basic_dnn,type2,hybrid,POINTWISE,entropy,10,0.7,0.05,68.75,90.75000286102295,22.00000286102295
basic_dnn,type2,hybrid,POINTWISE,entropy,10,0.8,0.05,78.5,93.25000047683716,14.750000476837158
basic_dnn,type2,hybrid,POINTWISE,entropy,10,0.9,0.05,88.0,95.74999809265137,7.749998092651367
basic_dnn,type2,hybrid,POINTWISE,deepgini,10,0.0,0.05,0.0,68.00000071525574,68.00000071525574
basic_dnn,type2,hybrid,POINTWISE,deepgini,10,0.1,0.05,9.75,71.24999761581421,61.49999761581421
basic_dnn,type2,hybrid,POINTWISE,deepgini,10,0.2,0.05,19.0,73.7500011920929,54.750001192092896
basic_dnn,type2,hybrid,POINTWISE,deepgini,10,0.3,0.05,29.5,75.99999904632568,46.499999046325684
basic_dnn,type2,hybrid,POINTWISE,deepgini,10,0.4,0.05,39.25,79.25000190734863,40.00000190734863
basic_dnn,type2,hybrid,POINTWISE,deepgini,10,0.5,0.05,49.0,83.24999809265137,34.24999809265137
basic_dnn,type2,hybrid,POINTWISE,deepgini,10,0.6,0.05,58.75,86.75000071525574,28.000000715255737
basic_dnn,type2,hybrid,POINTWISE,deepgini,10,0.7,0.05,68.75,90.75000286102295,22.00000286102295
basic_dnn,type2,hybrid,POINTWISE,deepgini,10,0.8,0.05,78.5,93.25000047683716,14.750000476837158
basic_dnn,type2,hybrid,POINTWISE,deepgini,10,0.9,0.05,88.0,95.74999809265137,7.749998092651367
basic_dnn,type2,hybrid,POINTWISE,dat,10,0.0,0.05,0.0,89.24999833106995,89.24999833106995
basic_dnn,type2,hybrid,POINTWISE,dat,10,0.1,0.05,9.75,77.99999713897705,68.24999713897705
basic_dnn,type2,hybrid,POINTWISE,dat,10,0.2,0.05,19.0,80.75000047683716,61.75000047683716
basic_dnn,type2,hybrid,POINTWISE,dat,10,0.3,0.05,29.5,76.99999809265137,47.49999809265137
basic_dnn,type2,hybrid,POINTWISE,dat,10,0.4,0.05,39.25,93.50000023841858,54.25000023841858
basic_dnn,type2,hybrid,POINTWISE,dat,10,0.5,0.05,49.0,91.00000262260437,42.00000262260437
basic_dnn,type2,hybrid,POINTWISE,dat,10,0.6,0.05,58.75,93.50000023841858,34.75000023841858
basic_dnn,type2,hybrid,POINTWISE,dat,10,0.7,0.05,68.75,94.74999904632568,25.999999046325684
basic_dnn,type2,hybrid,POINTWISE,dat,10,0.8,0.05,78.5,96.74999713897705,18.24999713897705
basic_dnn,type2,hybrid,POINTWISE,dat,10,0.9,0.05,88.0,97.50000238418579,9.500002384185791
basic_dnn,type2,hybrid,POINTWISE,random,10,0.0,0.1,0.0,94.24999952316284,94.24999952316284
basic_dnn,type2,hybrid,POINTWISE,random,10,0.1,0.1,9.75,94.74999904632568,84.99999904632568
basic_dnn,type2,hybrid,POINTWISE,random,10,0.2,0.1,19.0,80.0000011920929,61.000001192092896
basic_dnn,type2,hybrid,POINTWISE,random,10,0.3,0.1,29.5,88.24999928474426,58.74999928474426
basic_dnn,type2,hybrid,POINTWISE,random,10,0.4,0.1,39.25,89.49999809265137,50.24999809265137
basic_dnn,type2,hybrid,POINTWISE,random,10,0.5,0.1,49.0,91.75000190734863,42.75000190734863
basic_dnn,type2,hybrid,POINTWISE,random,10,0.6,0.1,58.75,94.49999928474426,35.74999928474426
basic_dnn,type2,hybrid,POINTWISE,random,10,0.7,0.1,68.75,90.75000286102295,22.00000286102295
basic_dnn,type2,hybrid,POINTWISE,random,10,0.8,0.1,78.5,94.74999904632568,16.249999046325684
basic_dnn,type2,hybrid,POINTWISE,random,10,0.9,0.1,88.0,95.74999809265137,7.749998092651367
basic_dnn,type2,hybrid,POINTWISE,gd,10,0.0,0.1,0.0,76.2499988079071,76.2499988079071
basic_dnn,type2,hybrid,POINTWISE,gd,10,0.1,0.1,9.75,78.50000262260437,68.75000262260437
basic_dnn,type2,hybrid,POINTWISE,gd,10,0.2,0.1,19.0,79.50000166893005,60.500001668930054
basic_dnn,type2,hybrid,POINTWISE,gd,10,0.3,0.1,29.5,93.99999976158142,64.49999976158142
basic_dnn,type2,hybrid,POINTWISE,gd,10,0.4,0.1,39.25,89.74999785423279,50.49999785423279
basic_dnn,type2,hybrid,POINTWISE,gd,10,0.5,0.1,49.0,87.00000047683716,38.00000047683716
basic_dnn,type2,hybrid,POINTWISE,gd,10,0.6,0.1,58.75,88.49999904632568,29.749999046325684
basic_dnn,type2,hybrid,POINTWISE,gd,10,0.7,0.1,68.75,91.00000262260437,22.25000262260437
basic_dnn,type2,hybrid,POINTWISE,gd,10,0.8,0.1,78.5,93.75,15.25
basic_dnn,type2,hybrid,POINTWISE,gd,10,0.9,0.1,88.0,95.74999809265137,7.749998092651367
basic_dnn,type2,hybrid,POINTWISE,entropy,10,0.0,0.1,0.0,68.25000047683716,68.25000047683716
basic_dnn,type2,hybrid,POINTWISE,entropy,10,0.1,0.1,9.75,71.74999713897705,61.99999713897705
basic_dnn,type2,hybrid,POINTWISE,entropy,10,0.2,0.1,19.0,74.75000023841858,55.75000023841858
basic_dnn,type2,hybrid,POINTWISE,entropy,10,0.3,0.1,29.5,76.99999809265137,47.49999809265137
basic_dnn,type2,hybrid,POINTWISE,entropy,10,0.4,0.1,39.25,80.0000011920929,40.750001192092896
basic_dnn,type2,hybrid,POINTWISE,entropy,10,0.5,0.1,49.0,83.24999809265137,34.24999809265137
basic_dnn,type2,hybrid,POINTWISE,entropy,10,0.6,0.1,58.75,86.75000071525574,28.000000715255737
basic_dnn,type2,hybrid,POINTWISE,entropy,10,0.7,0.1,68.75,90.75000286102295,22.00000286102295
basic_dnn,type2,hybrid,POINTWISE,entropy,10,0.8,0.1,78.5,93.25000047683716,14.750000476837158
basic_dnn,type2,hybrid,POINTWISE,entropy,10,0.9,0.1,88.0,95.74999809265137,7.749998092651367
basic_dnn,type2,hybrid,POINTWISE,deepgini,10,0.0,0.1,0.0,68.25000047683716,68.25000047683716
basic_dnn,type2,hybrid,POINTWISE,deepgini,10,0.1,0.1,9.75,71.74999713897705,61.99999713897705
basic_dnn,type2,hybrid,POINTWISE,deepgini,10,0.2,0.1,19.0,74.75000023841858,55.75000023841858
basic_dnn,type2,hybrid,POINTWISE,deepgini,10,0.3,0.1,29.5,76.99999809265137,47.49999809265137
basic_dnn,type2,hybrid,POINTWISE,deepgini,10,0.4,0.1,39.25,80.0000011920929,40.750001192092896
basic_dnn,type2,hybrid,POINTWISE,deepgini,10,0.5,0.1,49.0,83.24999809265137,34.24999809265137
basic_dnn,type2,hybrid,POINTWISE,deepgini,10,0.6,0.1,58.75,86.75000071525574,28.000000715255737
basic_dnn,type2,hybrid,POINTWISE,deepgini,10,0.7,0.1,68.75,90.75000286102295,22.00000286102295
basic_dnn,type2,hybrid,POINTWISE,deepgini,10,0.8,0.1,78.5,93.25000047683716,14.750000476837158
basic_dnn,type2,hybrid,POINTWISE,deepgini,10,0.9,0.1,88.0,95.74999809265137,7.749998092651367
basic_dnn,type2,hybrid,POINTWISE,dat,10,0.0,0.1,0.0,94.49999928474426,94.49999928474426
basic_dnn,type2,hybrid,POINTWISE,dat,10,0.1,0.1,9.75,94.49999928474426,84.74999928474426
basic_dnn,type2,hybrid,POINTWISE,dat,10,0.2,0.1,19.0,94.24999952316284,75.24999952316284
basic_dnn,type2,hybrid,POINTWISE,dat,10,0.3,0.1,29.5,91.50000214576721,62.00000214576721
basic_dnn,type2,hybrid,POINTWISE,dat,10,0.4,0.1,39.25,95.24999856948853,55.999998569488525
basic_dnn,type2,hybrid,POINTWISE,dat,10,0.5,0.1,49.0,93.25000047683716,44.25000047683716
basic_dnn,type2,hybrid,POINTWISE,dat,10,0.6,0.1,58.75,93.25000047683716,34.50000047683716
basic_dnn,type2,hybrid,POINTWISE,dat,10,0.7,0.1,68.75,96.24999761581421,27.49999761581421
basic_dnn,type2,hybrid,POINTWISE,dat,10,0.8,0.1,78.5,97.50000238418579,19.00000238418579
basic_dnn,type2,hybrid,POINTWISE,dat,10,0.9,0.1,88.0,96.74999713897705,8.74999713897705
basic_dnn,type2,hybrid,POINTWISE,random,10,0.0,0.2,0.0,95.49999833106995,95.49999833106995
basic_dnn,type2,hybrid,POINTWISE,random,10,0.1,0.2,9.75,94.9999988079071,85.2499988079071
basic_dnn,type2,hybrid,POINTWISE,random,10,0.2,0.2,19.0,94.9999988079071,75.9999988079071
basic_dnn,type2,hybrid,POINTWISE,random,10,0.3,0.2,29.5,95.49999833106995,65.99999833106995
basic_dnn,type2,hybrid,POINTWISE,random,10,0.4,0.2,39.25,95.49999833106995,56.249998331069946
basic_dnn,type2,hybrid,POINTWISE,random,10,0.5,0.2,49.0,96.49999737739563,47.49999737739563
basic_dnn,type2,hybrid,POINTWISE,random,10,0.6,0.2,58.75,96.24999761581421,37.49999761581421
basic_dnn,type2,hybrid,POINTWISE,random,10,0.7,0.2,68.75,96.49999737739563,27.74999737739563
basic_dnn,type2,hybrid,POINTWISE,random,10,0.8,0.2,78.5,93.25000047683716,14.750000476837158
basic_dnn,type2,hybrid,POINTWISE,random,10,0.9,0.2,88.0,95.74999809265137,7.749998092651367
basic_dnn,type2,hybrid,POINTWISE,gd,10,0.0,0.2,0.0,95.24999856948853,95.24999856948853
basic_dnn,type2,hybrid,POINTWISE,gd,10,0.1,0.2,9.75,94.9999988079071,85.2499988079071
basic_dnn,type2,hybrid,POINTWISE,gd,10,0.2,0.2,19.0,94.9999988079071,75.9999988079071
basic_dnn,type2,hybrid,POINTWISE,gd,10,0.3,0.2,29.5,95.49999833106995,65.99999833106995
basic_dnn,type2,hybrid,POINTWISE,gd,10,0.4,0.2,39.25,95.49999833106995,56.249998331069946
basic_dnn,type2,hybrid,POINTWISE,gd,10,0.5,0.2,49.0,96.49999737739563,47.49999737739563
basic_dnn,type2,hybrid,POINTWISE,gd,10,0.6,0.2,58.75,96.24999761581421,37.49999761581421
basic_dnn,type2,hybrid,POINTWISE,gd,10,0.7,0.2,68.75,96.49999737739563,27.74999737739563
basic_dnn,type2,hybrid,POINTWISE,gd,10,0.8,0.2,78.5,93.25000047683716,14.750000476837158
basic_dnn,type2,hybrid,POINTWISE,gd,10,0.9,0.2,88.0,95.74999809265137,7.749998092651367
basic_dnn,type2,hybrid,POINTWISE,entropy,10,0.0,0.2,0.0,69.24999952316284,69.24999952316284
basic_dnn,type2,hybrid,POINTWISE,entropy,10,0.1,0.2,9.75,72.50000238418579,62.75000238418579
basic_dnn,type2,hybrid,POINTWISE,entropy,10,0.2,0.2,19.0,74.75000023841858,55.75000023841858
basic_dnn,type2,hybrid,POINTWISE,entropy,10,0.3,0.2,29.5,76.99999809265137,47.49999809265137
basic_dnn,type2,hybrid,POINTWISE,entropy,10,0.4,0.2,39.25,80.25000095367432,41.000000953674316
basic_dnn,type2,hybrid,POINTWISE,entropy,10,0.5,0.2,49.0,83.49999785423279,34.49999785423279
basic_dnn,type2,hybrid,POINTWISE,entropy,10,0.6,0.2,58.75,87.00000047683716,28.250000476837158
basic_dnn,type2,hybrid,POINTWISE,entropy,10,0.7,0.2,68.75,91.00000262260437,22.25000262260437
basic_dnn,type2,hybrid,POINTWISE,entropy,10,0.8,0.2,78.5,96.74999713897705,18.24999713897705
basic_dnn,type2,hybrid,POINTWISE,entropy,10,0.9,0.2,88.0,97.50000238418579,9.500002384185791
basic_dnn,type2,hybrid,POINTWISE,deepgini,10,0.0,0.2,0.0,69.24999952316284,69.24999952316284
basic_dnn,type2,hybrid,POINTWISE,deepgini,10,0.1,0.2,9.75,72.50000238418579,62.75000238418579
basic_dnn,type2,hybrid,POINTWISE,deepgini,10,0.2,0.2,19.0,74.75000023841858,55.75000023841858
basic_dnn,type2,hybrid,POINTWISE,deepgini,10,0.3,0.2,29.5,76.99999809265137,47.49999809265137
basic_dnn,type2,hybrid,POINTWISE,deepgini,10,0.4,0.2,39.25,80.25000095367432,41.000000953674316
basic_dnn,type2,hybrid,POINTWISE,deepgini,10,0.5,0.2,49.0,83.49999785423279,34.49999785423279
basic_dnn,type2,hybrid,POINTWISE,deepgini,10,0.6,0.2,58.75,87.00000047683716,28.250000476837158
basic_dnn,type2,hybrid,POINTWISE,deepgini,10,0.7,0.2,68.75,91.00000262260437,22.25000262260437
basic_dnn,type2,hybrid,POINTWISE,deepgini,10,0.8,0.2,78.5,96.74999713897705,18.24999713897705
basic_dnn,type2,hybrid,POINTWISE,deepgini,10,0.9,0.2,88.0,97.50000238418579,9.500002384185791
basic_dnn,type2,hybrid,POINTWISE,dat,10,0.0,0.2,0.0,94.74999904632568,94.74999904632568
basic_dnn,type2,hybrid,POINTWISE,dat,10,0.1,0.2,9.75,94.9999988079071,85.2499988079071
basic_dnn,type2,hybrid,POINTWISE,dat,10,0.2,0.2,19.0,94.9999988079071,75.9999988079071
basic_dnn,type2,hybrid,POINTWISE,dat,10,0.3,0.2,29.5,93.50000023841858,64.00000023841858
basic_dnn,type2,hybrid,POINTWISE,dat,10,0.4,0.2,39.25,95.74999809265137,56.49999809265137
basic_dnn,type2,hybrid,POINTWISE,dat,10,0.5,0.2,49.0,95.99999785423279,46.99999785423279
basic_dnn,type2,hybrid,POINTWISE,dat,10,0.6,0.2,58.75,96.49999737739563,37.74999737739563
basic_dnn,type2,hybrid,POINTWISE,dat,10,0.7,0.2,68.75,97.50000238418579,28.75000238418579
basic_dnn,type2,hybrid,POINTWISE,dat,10,0.8,0.2,78.5,97.75000214576721,19.250002145767212
basic_dnn,type2,hybrid,POINTWISE,dat,10,0.9,0.2,88.0,97.50000238418579,9.500002384185791
basic_dnn,type2,hybrid,POINTWISE,random,10,0.0,0.3,0.0,95.49999833106995,95.49999833106995
basic_dnn,type2,hybrid,POINTWISE,random,10,0.1,0.3,9.75,95.49999833106995,85.74999833106995
basic_dnn,type2,hybrid,POINTWISE,random,10,0.2,0.3,19.0,95.49999833106995,76.49999833106995
basic_dnn,type2,hybrid,POINTWISE,random,10,0.3,0.3,29.5,95.49999833106995,65.99999833106995
basic_dnn,type2,hybrid,POINTWISE,random,10,0.4,0.3,39.25,95.74999809265137,56.49999809265137
basic_dnn,type2,hybrid,POINTWISE,random,10,0.5,0.3,49.0,96.49999737739563,47.49999737739563
basic_dnn,type2,hybrid,POINTWISE,random,10,0.6,0.3,58.75,97.00000286102295,38.25000286102295
basic_dnn,type2,hybrid,POINTWISE,random,10,0.7,0.3,68.75,97.00000286102295,28.25000286102295
basic_dnn,type2,hybrid,POINTWISE,random,10,0.8,0.3,78.5,93.75,15.25
basic_dnn,type2,hybrid,POINTWISE,random,10,0.9,0.3,88.0,95.99999785423279,7.999997854232788
basic_dnn,type2,hybrid,POINTWISE,gd,10,0.0,0.3,0.0,95.24999856948853,95.24999856948853
basic_dnn,type2,hybrid,POINTWISE,gd,10,0.1,0.3,9.75,95.49999833106995,85.74999833106995
basic_dnn,type2,hybrid,POINTWISE,gd,10,0.2,0.3,19.0,95.49999833106995,76.49999833106995
basic_dnn,type2,hybrid,POINTWISE,gd,10,0.3,0.3,29.5,95.49999833106995,65.99999833106995
basic_dnn,type2,hybrid,POINTWISE,gd,10,0.4,0.3,39.25,95.74999809265137,56.49999809265137
basic_dnn,type2,hybrid,POINTWISE,gd,10,0.5,0.3,49.0,96.49999737739563,47.49999737739563
basic_dnn,type2,hybrid,POINTWISE,gd,10,0.6,0.3,58.75,97.00000286102295,38.25000286102295
basic_dnn,type2,hybrid,POINTWISE,gd,10,0.7,0.3,68.75,97.00000286102295,28.25000286102295
basic_dnn,type2,hybrid,POINTWISE,gd,10,0.8,0.3,78.5,93.75,15.25
basic_dnn,type2,hybrid,POINTWISE,gd,10,0.9,0.3,88.0,95.99999785423279,7.999997854232788
basic_dnn,type2,hybrid,POINTWISE,entropy,10,0.0,0.3,0.0,69.24999952316284,69.24999952316284
basic_dnn,type2,hybrid,POINTWISE,entropy,10,0.1,0.3,9.75,72.50000238418579,62.75000238418579
basic_dnn,type2,hybrid,POINTWISE,entropy,10,0.2,0.3,19.0,74.75000023841858,55.75000023841858
basic_dnn,type2,hybrid,POINTWISE,entropy,10,0.3,0.3,29.5,76.99999809265137,47.49999809265137
basic_dnn,type2,hybrid,POINTWISE,entropy,10,0.4,0.3,39.25,80.50000071525574,41.25000071525574
basic_dnn,type2,hybrid,POINTWISE,entropy,10,0.5,0.3,49.0,83.74999761581421,34.74999761581421
basic_dnn,type2,hybrid,POINTWISE,entropy,10,0.6,0.3,58.75,93.99999976158142,35.24999976158142
basic_dnn,type2,hybrid,POINTWISE,entropy,10,0.7,0.3,68.75,97.25000262260437,28.50000262260437
basic_dnn,type2,hybrid,POINTWISE,entropy,10,0.8,0.3,78.5,97.75000214576721,19.250002145767212
basic_dnn,type2,hybrid,POINTWISE,entropy,10,0.9,0.3,88.0,97.75000214576721,9.750002145767212
basic_dnn,type2,hybrid,POINTWISE,deepgini,10,0.0,0.3,0.0,69.24999952316284,69.24999952316284
basic_dnn,type2,hybrid,POINTWISE,deepgini,10,0.1,0.3,9.75,72.50000238418579,62.75000238418579
basic_dnn,type2,hybrid,POINTWISE,deepgini,10,0.2,0.3,19.0,74.75000023841858,55.75000023841858
basic_dnn,type2,hybrid,POINTWISE,deepgini,10,0.3,0.3,29.5,76.99999809265137,47.49999809265137
basic_dnn,type2,hybrid,POINTWISE,deepgini,10,0.4,0.3,39.25,80.50000071525574,41.25000071525574
basic_dnn,type2,hybrid,POINTWISE,deepgini,10,0.5,0.3,49.0,83.74999761581421,34.74999761581421
basic_dnn,type2,hybrid,POINTWISE,deepgini,10,0.6,0.3,58.75,93.99999976158142,35.24999976158142
basic_dnn,type2,hybrid,POINTWISE,deepgini,10,0.7,0.3,68.75,97.25000262260437,28.50000262260437
basic_dnn,type2,hybrid,POINTWISE,deepgini,10,0.8,0.3,78.5,97.75000214576721,19.250002145767212
basic_dnn,type2,hybrid,POINTWISE,deepgini,10,0.9,0.3,88.0,97.75000214576721,9.750002145767212
basic_dnn,type2,hybrid,POINTWISE,dat,10,0.0,0.3,0.0,95.74999809265137,95.74999809265137
basic_dnn,type2,hybrid,POINTWISE,dat,10,0.1,0.3,9.75,95.24999856948853,85.49999856948853
basic_dnn,type2,hybrid,POINTWISE,dat,10,0.2,0.3,19.0,94.9999988079071,75.9999988079071
basic_dnn,type2,hybrid,POINTWISE,dat,10,0.3,0.3,29.5,95.74999809265137,66.24999809265137
basic_dnn,type2,hybrid,POINTWISE,dat,10,0.4,0.3,39.25,96.49999737739563,57.24999737739563
basic_dnn,type2,hybrid,POINTWISE,dat,10,0.5,0.3,49.0,95.99999785423279,46.99999785423279
basic_dnn,type2,hybrid,POINTWISE,dat,10,0.6,0.3,58.75,97.25000262260437,38.50000262260437
basic_dnn,type2,hybrid,POINTWISE,dat,10,0.7,0.3,68.75,97.50000238418579,28.75000238418579
basic_dnn,type2,hybrid,POINTWISE,dat,10,0.8,0.3,78.5,98.00000190734863,19.500001907348633
basic_dnn,type2,hybrid,POINTWISE,dat,10,0.9,0.3,88.0,97.75000214576721,9.750002145767212
basic_dnn,type2,hybrid,fgsm,random,10,1.0,0.05,98.0,98.25000166893005,0.2500016689300537
basic_dnn,type2,hybrid,fgsm,gd,10,1.0,0.05,98.0,98.25000166893005,0.2500016689300537
basic_dnn,type2,hybrid,fgsm,entropy,10,1.0,0.05,98.0,98.50000143051147,0.5000014305114746
basic_dnn,type2,hybrid,fgsm,deepgini,10,1.0,0.05,98.0,98.50000143051147,0.5000014305114746
basic_dnn,type2,hybrid,fgsm,random,10,1.0,0.1,98.0,98.25000166893005,0.2500016689300537
basic_dnn,type2,hybrid,fgsm,gd,10,1.0,0.1,98.0,98.25000166893005,0.2500016689300537
basic_dnn,type2,hybrid,fgsm,entropy,10,1.0,0.1,98.0,98.50000143051147,0.5000014305114746
basic_dnn,type2,hybrid,fgsm,deepgini,10,1.0,0.1,98.0,98.50000143051147,0.5000014305114746
basic_dnn,type2,hybrid,fgsm,random,10,1.0,0.2,98.0,98.25000166893005,0.2500016689300537
basic_dnn,type2,hybrid,fgsm,gd,10,1.0,0.2,98.0,98.25000166893005,0.2500016689300537
basic_dnn,type2,hybrid,fgsm,entropy,10,1.0,0.2,98.0,98.50000143051147,0.5000014305114746
basic_dnn,type2,hybrid,fgsm,deepgini,10,1.0,0.2,98.0,98.50000143051147,0.5000014305114746
basic_dnn,type2,hybrid,fgsm,random,10,1.0,0.3,98.0,98.50000143051147,0.5000014305114746
basic_dnn,type2,hybrid,fgsm,gd,10,1.0,0.3,98.0,98.50000143051147,0.5000014305114746
basic_dnn,type2,hybrid,fgsm,entropy,10,1.0,0.3,98.0,98.50000143051147,0.5000014305114746
basic_dnn,type2,hybrid,fgsm,deepgini,10,1.0,0.3,98.0,98.50000143051147,0.5000014305114746
basic_dnn,type2,hybrid,GDKDE,random,10,1.0,0.05,98.0,98.25000166893005,0.2500016689300537
basic_dnn,type2,hybrid,GDKDE,gd,10,1.0,0.05,98.0,98.25000166893005,0.2500016689300537
basic_dnn,type2,hybrid,GDKDE,entropy,10,1.0,0.05,98.0,98.50000143051147,0.5000014305114746
basic_dnn,type2,hybrid,GDKDE,deepgini,10,1.0,0.05,98.0,98.50000143051147,0.5000014305114746
basic_dnn,type2,hybrid,GDKDE,random,10,1.0,0.1,98.0,98.25000166893005,0.2500016689300537
basic_dnn,type2,hybrid,GDKDE,gd,10,1.0,0.1,98.0,98.25000166893005,0.2500016689300537
basic_dnn,type2,hybrid,GDKDE,entropy,10,1.0,0.1,98.0,98.50000143051147,0.5000014305114746
basic_dnn,type2,hybrid,GDKDE,deepgini,10,1.0,0.1,98.0,98.50000143051147,0.5000014305114746
basic_dnn,type2,hybrid,GDKDE,random,10,1.0,0.2,98.0,98.25000166893005,0.2500016689300537
basic_dnn,type2,hybrid,GDKDE,gd,10,1.0,0.2,98.0,98.25000166893005,0.2500016689300537
basic_dnn,type2,hybrid,GDKDE,entropy,10,1.0,0.2,98.0,98.50000143051147,0.5000014305114746
basic_dnn,type2,hybrid,GDKDE,deepgini,10,1.0,0.2,98.0,98.50000143051147,0.5000014305114746
basic_dnn,type2,hybrid,GDKDE,random,10,1.0,0.3,98.0,98.50000143051147,0.5000014305114746
basic_dnn,type2,hybrid,GDKDE,gd,10,1.0,0.3,98.0,98.50000143051147,0.5000014305114746
basic_dnn,type2,hybrid,GDKDE,entropy,10,1.0,0.3,98.0,98.50000143051147,0.5000014305114746
basic_dnn,type2,hybrid,GDKDE,deepgini,10,1.0,0.3,98.0,98.50000143051147,0.5000014305114746
basic_dnn,type2,hybrid,MIMICRY,random,10,1.0,0.05,98.0,98.25000166893005,0.2500016689300537
basic_dnn,type2,hybrid,MIMICRY,gd,10,1.0,0.05,98.0,98.25000166893005,0.2500016689300537
basic_dnn,type2,hybrid,MIMICRY,entropy,10,1.0,0.05,98.0,98.50000143051147,0.5000014305114746
basic_dnn,type2,hybrid,MIMICRY,deepgini,10,1.0,0.05,98.0,98.50000143051147,0.5000014305114746
basic_dnn,type2,hybrid,MIMICRY,random,10,1.0,0.1,98.0,98.25000166893005,0.2500016689300537
basic_dnn,type2,hybrid,MIMICRY,gd,10,1.0,0.1,98.0,98.25000166893005,0.2500016689300537
basic_dnn,type2,hybrid,MIMICRY,entropy,10,1.0,0.1,98.0,98.50000143051147,0.5000014305114746
basic_dnn,type2,hybrid,MIMICRY,deepgini,10,1.0,0.1,98.0,98.50000143051147,0.5000014305114746
basic_dnn,type2,hybrid,MIMICRY,random,10,1.0,0.2,98.0,98.25000166893005,0.2500016689300537
basic_dnn,type2,hybrid,MIMICRY,gd,10,1.0,0.2,98.0,98.25000166893005,0.2500016689300537
basic_dnn,type2,hybrid,MIMICRY,entropy,10,1.0,0.2,98.0,98.50000143051147,0.5000014305114746
basic_dnn,type2,hybrid,MIMICRY,deepgini,10,1.0,0.2,98.0,98.50000143051147,0.5000014305114746
basic_dnn,type2,hybrid,MIMICRY,random,10,1.0,0.3,98.0,98.50000143051147,0.5000014305114746
basic_dnn,type2,hybrid,MIMICRY,gd,10,1.0,0.3,98.0,98.50000143051147,0.5000014305114746
basic_dnn,type2,hybrid,MIMICRY,entropy,10,1.0,0.3,98.0,98.50000143051147,0.5000014305114746
basic_dnn,type2,hybrid,MIMICRY,deepgini,10,1.0,0.3,98.0,98.50000143051147,0.5000014305114746
basic_dnn,type2,hybrid,POINTWISE,random,10,1.0,0.05,98.0,98.25000166893005,0.2500016689300537
basic_dnn,type2,hybrid,POINTWISE,gd,10,1.0,0.05,98.0,98.25000166893005,0.2500016689300537
basic_dnn,type2,hybrid,POINTWISE,entropy,10,1.0,0.05,98.0,98.50000143051147,0.5000014305114746
basic_dnn,type2,hybrid,POINTWISE,deepgini,10,1.0,0.05,98.0,98.50000143051147,0.5000014305114746
basic_dnn,type2,hybrid,POINTWISE,random,10,1.0,0.1,98.0,98.25000166893005,0.2500016689300537
basic_dnn,type2,hybrid,POINTWISE,gd,10,1.0,0.1,98.0,98.25000166893005,0.2500016689300537
basic_dnn,type2,hybrid,POINTWISE,entropy,10,1.0,0.1,98.0,98.50000143051147,0.5000014305114746
basic_dnn,type2,hybrid,POINTWISE,deepgini,10,1.0,0.1,98.0,98.50000143051147,0.5000014305114746
basic_dnn,type2,hybrid,POINTWISE,random,10,1.0,0.2,98.0,98.25000166893005,0.2500016689300537
basic_dnn,type2,hybrid,POINTWISE,gd,10,1.0,0.2,98.0,98.25000166893005,0.2500016689300537
basic_dnn,type2,hybrid,POINTWISE,entropy,10,1.0,0.2,98.0,98.50000143051147,0.5000014305114746
basic_dnn,type2,hybrid,POINTWISE,deepgini,10,1.0,0.2,98.0,98.50000143051147,0.5000014305114746
basic_dnn,type2,hybrid,POINTWISE,random,10,1.0,0.3,98.0,98.50000143051147,0.5000014305114746
basic_dnn,type2,hybrid,POINTWISE,gd,10,1.0,0.3,98.0,98.50000143051147,0.5000014305114746
basic_dnn,type2,hybrid,POINTWISE,entropy,10,1.0,0.3,98.0,98.50000143051147,0.5000014305114746
basic_dnn,type2,hybrid,POINTWISE,deepgini,10,1.0,0.3,98.0,98.50000143051147,0.5000014305114746
basic_dnn,type2,hybrid,fgsm,none,10,0.0,1.0,38.75,97.75000214576721,59.00000214576721
basic_dnn,type2,hybrid,fgsm,none,10,0.1,1.0,43.25,97.25000262260437,54.00000262260437
basic_dnn,type2,hybrid,fgsm,none,10,0.2,1.0,48.0,97.25000262260437,49.25000262260437
basic_dnn,type2,hybrid,fgsm,none,10,0.3,1.0,54.25,97.50000238418579,43.25000238418579
basic_dnn,type2,hybrid,fgsm,none,10,0.4,1.0,61.25000000000001,97.00000286102295,35.75000286102294
basic_dnn,type2,hybrid,fgsm,none,10,0.5,1.0,66.75,96.74999713897705,29.99999713897705
basic_dnn,type2,hybrid,fgsm,none,10,0.6,1.0,72.75,97.75000214576721,25.000002145767212
basic_dnn,type2,hybrid,fgsm,none,10,0.7,1.0,78.25,97.50000238418579,19.25000238418579
basic_dnn,type2,hybrid,fgsm,none,10,0.8,1.0,85.0,97.75000214576721,12.750002145767212
basic_dnn,type2,hybrid,fgsm,none,10,0.9,1.0,90.75,98.00000190734863,7.250001907348633
basic_dnn,type2,hybrid,fgsm,none,10,1.0,1.0,98.0,98.50000143051147,0.5000014305114746
basic_dnn,type2,hybrid,GDKDE,none,10,0.0,1.0,1.0,54.500001668930054,53.500001668930054
basic_dnn,type2,hybrid,GDKDE,none,10,0.1,1.0,10.75,58.49999785423279,47.74999785423279
basic_dnn,type2,hybrid,GDKDE,none,10,0.2,1.0,19.5,61.250001192092896,41.750001192092896
basic_dnn,type2,hybrid,GDKDE,none,10,0.3,1.0,29.75,62.00000047683716,32.25000047683716
basic_dnn,type2,hybrid,GDKDE,none,10,0.4,1.0,39.5,64.49999809265137,24.999998092651367
basic_dnn,type2,hybrid,GDKDE,none,10,0.5,1.0,49.25,69.24999952316284,19.999999523162842
basic_dnn,type2,hybrid,GDKDE,none,10,0.6,1.0,58.75,74.50000047683716,15.750000476837158
basic_dnn,type2,hybrid,GDKDE,none,10,0.7,1.0,68.75,80.50000071525574,11.750000715255737
basic_dnn,type2,hybrid,GDKDE,none,10,0.8,1.0,78.5,86.00000143051147,7.500001430511475
basic_dnn,type2,hybrid,GDKDE,none,10,0.9,1.0,88.0,91.50000214576721,3.500002145767212
basic_dnn,type2,hybrid,GDKDE,none,10,1.0,1.0,98.0,98.50000143051147,0.5000014305114746
basic_dnn,type2,hybrid,MIMICRY,none,10,0.0,1.0,0.25,44.49999928474426,44.24999928474426
basic_dnn,type2,hybrid,MIMICRY,none,10,0.1,1.0,10.0,50.49999952316284,40.49999952316284
basic_dnn,type2,hybrid,MIMICRY,none,10,0.2,1.0,19.25,53.75000238418579,34.50000238418579
basic_dnn,type2,hybrid,MIMICRY,none,10,0.3,1.0,29.75,56.74999952316284,26.999999523162842
basic_dnn,type2,hybrid,MIMICRY,none,10,0.4,1.0,39.5,61.75000071525574,22.250000715255737
basic_dnn,type2,hybrid,MIMICRY,none,10,0.5,1.0,49.25,67.5000011920929,18.250001192092896
basic_dnn,type2,hybrid,MIMICRY,none,10,0.6,1.0,59.0,73.25000166893005,14.250001668930054
basic_dnn,type2,hybrid,MIMICRY,none,10,0.7,1.0,69.0,79.25000190734863,10.250001907348633
basic_dnn,type2,hybrid,MIMICRY,none,10,0.8,1.0,78.75,85.50000190734863,6.750001907348633
basic_dnn,type2,hybrid,MIMICRY,none,10,0.9,1.0,88.0,91.00000262260437,3.00000262260437
basic_dnn,type2,hybrid,MIMICRY,none,10,1.0,1.0,98.0,98.50000143051147,0.5000014305114746
basic_dnn,type2,hybrid,POINTWISE,none,10,0.0,1.0,0.0,97.00000286102295,97.00000286102295
basic_dnn,type2,hybrid,POINTWISE,none,10,0.1,1.0,9.75,97.00000286102295,87.25000286102295
basic_dnn,type2,hybrid,POINTWISE,none,10,0.2,1.0,19.0,96.74999713897705,77.74999713897705
basic_dnn,type2,hybrid,POINTWISE,none,10,0.3,1.0,29.5,96.49999737739563,66.99999737739563
basic_dnn,type2,hybrid,POINTWISE,none,10,0.4,1.0,39.25,97.25000262260437,58.00000262260437
basic_dnn,type2,hybrid,POINTWISE,none,10,0.5,1.0,49.0,97.25000262260437,48.25000262260437
basic_dnn,type2,hybrid,POINTWISE,none,10,0.6,1.0,58.75,97.75000214576721,39.00000214576721
basic_dnn,type2,hybrid,POINTWISE,none,10,0.7,1.0,68.75,97.75000214576721,29.000002145767212
basic_dnn,type2,hybrid,POINTWISE,none,10,0.8,1.0,78.5,98.00000190734863,19.500001907348633
basic_dnn,type2,hybrid,POINTWISE,none,10,0.9,1.0,88.0,98.00000190734863,10.000001907348633
basic_dnn,type2,hybrid,POINTWISE,none,10,1.0,1.0,98.0,98.50000143051147,0.5000014305114746
