method,selection_metric,epochs,id_ratio,budget,original_acc,retrain_acc,acc_improvement
fgsm,entropy,20,0.0,0.1,38.75,98.2421875,59.4921875
fgsm,entropy,20,0.1,0.1,43.25,98.2421875,54.9921875
fgsm,entropy,20,0.2,0.1,48.0,97.8515625,49.8515625
fgsm,entropy,20,0.3,0.1,54.25,95.1171875,40.8671875
fgsm,entropy,20,0.4,0.1,61.25000000000001,98.2421875,36.99218749999999
fgsm,entropy,20,0.5,0.1,66.75,98.046875,31.296875
fgsm,entropy,20,0.6,0.1,72.75,98.046875,25.296875
fgsm,entropy,20,0.7,0.1,78.25,98.2421875,19.9921875
fgsm,entropy,20,0.8,0.1,85.0,96.6796875,11.6796875
fgsm,entropy,20,0.9,0.1,90.75,93.5546875,2.8046875
fgsm,entropy,25,0.0,0.1,38.75,98.6328125,59.8828125
fgsm,entropy,25,0.1,0.1,43.25,98.6328125,55.3828125
fgsm,entropy,25,0.2,0.1,48.0,98.2421875,50.2421875
fgsm,entropy,25,0.3,0.1,54.25,98.2421875,43.9921875
fgsm,entropy,25,0.4,0.1,61.25000000000001,98.6328125,37.38281249999999
fgsm,entropy,25,0.5,0.1,66.75,98.4375,31.6875
fgsm,entropy,25,0.6,0.1,72.75,98.4375,25.6875
fgsm,entropy,25,0.7,0.1,78.25,98.6328125,20.3828125
fgsm,entropy,25,0.8,0.1,85.0,98.828125,13.828125
fgsm,entropy,25,0.9,0.1,90.75,97.0703125,6.3203125
fgsm,entropy,30,0.0,0.1,38.75,98.6328125,59.8828125
fgsm,entropy,30,0.1,0.1,43.25,98.6328125,55.3828125
fgsm,entropy,30,0.2,0.1,48.0,98.2421875,50.2421875
fgsm,entropy,30,0.3,0.1,54.25,98.2421875,43.9921875
fgsm,entropy,30,0.4,0.1,61.25000000000001,98.6328125,37.38281249999999
fgsm,entropy,30,0.5,0.1,66.75,98.4375,31.6875
fgsm,entropy,30,0.6,0.1,72.75,98.4375,25.6875
fgsm,entropy,30,0.7,0.1,78.25,98.6328125,20.3828125
fgsm,entropy,30,0.8,0.1,85.0,99.0234375,14.0234375
fgsm,entropy,30,0.9,0.1,90.75,98.4375,7.6875
fgsm,deepgini,20,0.0,0.1,38.75,39.453125,0.703125
fgsm,deepgini,20,0.1,0.1,43.25,44.3359375,1.0859375
fgsm,deepgini,20,0.2,0.1,48.0,49.0234375,1.0234375
fgsm,deepgini,20,0.3,0.1,54.25,54.4921875,0.2421875
fgsm,deepgini,20,0.4,0.1,61.25000000000001,62.5,1.249999999999993
fgsm,deepgini,20,0.5,0.1,66.75,67.7734375,1.0234375
fgsm,deepgini,20,0.6,0.1,72.75,73.2421875,0.4921875
fgsm,deepgini,20,0.7,0.1,78.25,79.4921875,1.2421875
fgsm,deepgini,20,0.8,0.1,85.0,85.7421875,0.7421875
fgsm,deepgini,20,0.9,0.1,90.75,91.796875,1.046875
fgsm,deepgini,25,0.0,0.1,38.75,39.453125,0.703125
fgsm,deepgini,25,0.1,0.1,43.25,44.3359375,1.0859375
fgsm,deepgini,25,0.2,0.1,48.0,49.0234375,1.0234375
fgsm,deepgini,25,0.3,0.1,54.25,54.4921875,0.2421875
fgsm,deepgini,25,0.4,0.1,61.25000000000001,62.5,1.249999999999993
fgsm,deepgini,25,0.5,0.1,66.75,67.7734375,1.0234375
fgsm,deepgini,25,0.6,0.1,72.75,73.2421875,0.4921875
fgsm,deepgini,25,0.7,0.1,78.25,79.4921875,1.2421875
fgsm,deepgini,25,0.8,0.1,85.0,85.7421875,0.7421875
fgsm,deepgini,25,0.9,0.1,90.75,91.796875,1.046875
fgsm,deepgini,30,0.0,0.1,38.75,39.453125,0.703125
fgsm,deepgini,30,0.1,0.1,43.25,44.3359375,1.0859375
fgsm,deepgini,30,0.2,0.1,48.0,49.0234375,1.0234375
fgsm,deepgini,30,0.3,0.1,54.25,54.4921875,0.2421875
fgsm,deepgini,30,0.4,0.1,61.25000000000001,62.6953125,1.445312499999993
fgsm,deepgini,30,0.5,0.1,66.75,67.96875,1.21875
fgsm,deepgini,30,0.6,0.1,72.75,73.2421875,0.4921875
fgsm,deepgini,30,0.7,0.1,78.25,79.4921875,1.2421875
fgsm,deepgini,30,0.8,0.1,85.0,85.7421875,0.7421875
fgsm,deepgini,30,0.9,0.1,90.75,91.796875,1.046875
fgsm,dat,20,0.0,0.1,38.75,98.2421875,59.4921875
fgsm,dat,20,0.1,0.1,43.25,98.046875,54.796875
fgsm,dat,20,0.2,0.1,48.0,97.65625,49.65625
fgsm,dat,20,0.3,0.1,54.25,97.65625,43.40625
fgsm,dat,20,0.4,0.1,61.25000000000001,96.09375,34.84374999999999
fgsm,dat,20,0.5,0.1,66.75,98.046875,31.296875
fgsm,dat,20,0.6,0.1,72.75,92.7734375,20.0234375
fgsm,dat,20,0.7,0.1,78.25,95.8984375,17.6484375
fgsm,dat,20,0.8,0.1,85.0,96.2890625,11.2890625
fgsm,dat,20,0.9,0.1,90.75,98.828125,8.078125
fgsm,dat,25,0.0,0.1,38.75,98.6328125,59.8828125
fgsm,dat,25,0.1,0.1,43.25,98.6328125,55.3828125
fgsm,dat,25,0.2,0.1,48.0,98.2421875,50.2421875
fgsm,dat,25,0.3,0.1,54.25,98.2421875,43.9921875
fgsm,dat,25,0.4,0.1,61.25000000000001,98.6328125,37.38281249999999
fgsm,dat,25,0.5,0.1,66.75,98.4375,31.6875
fgsm,dat,25,0.6,0.1,72.75,98.046875,25.296875
fgsm,dat,25,0.7,0.1,78.25,98.4375,20.1875
fgsm,dat,25,0.8,0.1,85.0,98.828125,13.828125
fgsm,dat,25,0.9,0.1,90.75,99.0234375,8.2734375
fgsm,dat,30,0.0,0.1,38.75,98.6328125,59.8828125
fgsm,dat,30,0.1,0.1,43.25,98.6328125,55.3828125
fgsm,dat,30,0.2,0.1,48.0,98.2421875,50.2421875
fgsm,dat,30,0.3,0.1,54.25,98.2421875,43.9921875
fgsm,dat,30,0.4,0.1,61.25000000000001,98.6328125,37.38281249999999
fgsm,dat,30,0.5,0.1,66.75,98.4375,31.6875
fgsm,dat,30,0.6,0.1,72.75,98.2421875,25.4921875
fgsm,dat,30,0.7,0.1,78.25,98.6328125,20.3828125
fgsm,dat,30,0.8,0.1,85.0,99.0234375,14.0234375
fgsm,dat,30,0.9,0.1,90.75,99.0234375,8.2734375
fgsm,entropy,20,0.0,0.2,38.75,98.2421875,59.4921875
fgsm,entropy,20,0.1,0.2,43.25,98.2421875,54.9921875
fgsm,entropy,20,0.2,0.2,48.0,97.8515625,49.8515625
fgsm,entropy,20,0.3,0.2,54.25,97.8515625,43.6015625
fgsm,entropy,20,0.4,0.2,61.25000000000001,98.2421875,36.99218749999999
fgsm,entropy,20,0.5,0.2,66.75,98.046875,31.296875
fgsm,entropy,20,0.6,0.2,72.75,98.046875,25.296875
fgsm,entropy,20,0.7,0.2,78.25,98.2421875,19.9921875
fgsm,entropy,20,0.8,0.2,85.0,98.6328125,13.6328125
fgsm,entropy,20,0.9,0.2,90.75,98.828125,8.078125
fgsm,entropy,25,0.0,0.2,38.75,98.6328125,59.8828125
fgsm,entropy,25,0.1,0.2,43.25,98.6328125,55.3828125
fgsm,entropy,25,0.2,0.2,48.0,98.2421875,50.2421875
fgsm,entropy,25,0.3,0.2,54.25,98.2421875,43.9921875
fgsm,entropy,25,0.4,0.2,61.25000000000001,98.6328125,37.38281249999999
fgsm,entropy,25,0.5,0.2,66.75,98.4375,31.6875
fgsm,entropy,25,0.6,0.2,72.75,98.4375,25.6875
fgsm,entropy,25,0.7,0.2,78.25,98.6328125,20.3828125
fgsm,entropy,25,0.8,0.2,85.0,99.0234375,14.0234375
fgsm,entropy,25,0.9,0.2,90.75,99.0234375,8.2734375
fgsm,entropy,30,0.0,0.2,38.75,98.6328125,59.8828125
fgsm,entropy,30,0.1,0.2,43.25,98.6328125,55.3828125
fgsm,entropy,30,0.2,0.2,48.0,98.2421875,50.2421875
fgsm,entropy,30,0.3,0.2,54.25,98.2421875,43.9921875
fgsm,entropy,30,0.4,0.2,61.25000000000001,98.6328125,37.38281249999999
fgsm,entropy,30,0.5,0.2,66.75,98.4375,31.6875
fgsm,entropy,30,0.6,0.2,72.75,98.4375,25.6875
fgsm,entropy,30,0.7,0.2,78.25,98.6328125,20.3828125
fgsm,entropy,30,0.8,0.2,85.0,99.0234375,14.0234375
fgsm,entropy,30,0.9,0.2,90.75,99.0234375,8.2734375
fgsm,deepgini,20,0.0,0.2,38.75,97.8515625,59.1015625
fgsm,deepgini,20,0.1,0.2,43.25,95.3125,52.0625
fgsm,deepgini,20,0.2,0.2,48.0,49.0234375,1.0234375
fgsm,deepgini,20,0.3,0.2,54.25,54.4921875,0.2421875
fgsm,deepgini,20,0.4,0.2,61.25000000000001,62.5,1.249999999999993
fgsm,deepgini,20,0.5,0.2,66.75,67.7734375,1.0234375
fgsm,deepgini,20,0.6,0.2,72.75,73.2421875,0.4921875
fgsm,deepgini,20,0.7,0.2,78.25,79.4921875,1.2421875
fgsm,deepgini,20,0.8,0.2,85.0,85.7421875,0.7421875
fgsm,deepgini,20,0.9,0.2,90.75,91.796875,1.046875
fgsm,deepgini,25,0.0,0.2,38.75,98.6328125,59.8828125
fgsm,deepgini,25,0.1,0.2,43.25,98.6328125,55.3828125
fgsm,deepgini,25,0.2,0.2,48.0,49.0234375,1.0234375
fgsm,deepgini,25,0.3,0.2,54.25,54.6875,0.4375
fgsm,deepgini,25,0.4,0.2,61.25000000000001,62.6953125,1.445312499999993
fgsm,deepgini,25,0.5,0.2,66.75,67.96875,1.21875
fgsm,deepgini,25,0.6,0.2,72.75,73.4375,0.6875
fgsm,deepgini,25,0.7,0.2,78.25,79.4921875,1.2421875
fgsm,deepgini,25,0.8,0.2,85.0,85.7421875,0.7421875
fgsm,deepgini,25,0.9,0.2,90.75,91.796875,1.046875
fgsm,deepgini,30,0.0,0.2,38.75,98.6328125,59.8828125
fgsm,deepgini,30,0.1,0.2,43.25,98.6328125,55.3828125
fgsm,deepgini,30,0.2,0.2,48.0,49.21875,1.21875
fgsm,deepgini,30,0.3,0.2,54.25,54.6875,0.4375
fgsm,deepgini,30,0.4,0.2,61.25000000000001,62.6953125,1.445312499999993
fgsm,deepgini,30,0.5,0.2,66.75,67.96875,1.21875
fgsm,deepgini,30,0.6,0.2,72.75,73.4375,0.6875
fgsm,deepgini,30,0.7,0.2,78.25,79.4921875,1.2421875
fgsm,deepgini,30,0.8,0.2,85.0,85.7421875,0.7421875
fgsm,deepgini,30,0.9,0.2,90.75,91.796875,1.046875
fgsm,dat,20,0.0,0.2,38.75,98.2421875,59.4921875
fgsm,dat,20,0.1,0.2,43.25,98.2421875,54.9921875
fgsm,dat,20,0.2,0.2,48.0,97.8515625,49.8515625
fgsm,dat,20,0.3,0.2,54.25,97.8515625,43.6015625
fgsm,dat,20,0.4,0.2,61.25000000000001,98.2421875,36.99218749999999
fgsm,dat,20,0.5,0.2,66.75,98.046875,31.296875
fgsm,dat,20,0.6,0.2,72.75,98.046875,25.296875
fgsm,dat,20,0.7,0.2,78.25,98.2421875,19.9921875
fgsm,dat,20,0.8,0.2,85.0,98.6328125,13.6328125
fgsm,dat,20,0.9,0.2,90.75,98.828125,8.078125
fgsm,dat,25,0.0,0.2,38.75,98.6328125,59.8828125
fgsm,dat,25,0.1,0.2,43.25,98.6328125,55.3828125
fgsm,dat,25,0.2,0.2,48.0,98.2421875,50.2421875
fgsm,dat,25,0.3,0.2,54.25,98.2421875,43.9921875
fgsm,dat,25,0.4,0.2,61.25000000000001,98.6328125,37.38281249999999
fgsm,dat,25,0.5,0.2,66.75,98.4375,31.6875
fgsm,dat,25,0.6,0.2,72.75,98.4375,25.6875
fgsm,dat,25,0.7,0.2,78.25,98.6328125,20.3828125
fgsm,dat,25,0.8,0.2,85.0,99.0234375,14.0234375
fgsm,dat,25,0.9,0.2,90.75,99.0234375,8.2734375
fgsm,dat,30,0.0,0.2,38.75,98.6328125,59.8828125
fgsm,dat,30,0.1,0.2,43.25,98.6328125,55.3828125
fgsm,dat,30,0.2,0.2,48.0,98.2421875,50.2421875
fgsm,dat,30,0.3,0.2,54.25,98.2421875,43.9921875
fgsm,dat,30,0.4,0.2,61.25000000000001,98.6328125,37.38281249999999
fgsm,dat,30,0.5,0.2,66.75,98.6328125,31.8828125
fgsm,dat,30,0.6,0.2,72.75,98.4375,25.6875
fgsm,dat,30,0.7,0.2,78.25,98.6328125,20.3828125
fgsm,dat,30,0.8,0.2,85.0,99.0234375,14.0234375
fgsm,dat,30,0.9,0.2,90.75,99.0234375,8.2734375
fgsm,entropy,20,0.0,0.3,38.75,98.2421875,59.4921875
fgsm,entropy,20,0.1,0.3,43.25,98.2421875,54.9921875
fgsm,entropy,20,0.2,0.3,48.0,97.8515625,49.8515625
fgsm,entropy,20,0.3,0.3,54.25,97.8515625,43.6015625
fgsm,entropy,20,0.4,0.3,61.25000000000001,98.2421875,36.99218749999999
fgsm,entropy,20,0.5,0.3,66.75,98.046875,31.296875
fgsm,entropy,20,0.6,0.3,72.75,98.046875,25.296875
fgsm,entropy,20,0.7,0.3,78.25,98.2421875,19.9921875
fgsm,entropy,20,0.8,0.3,85.0,98.6328125,13.6328125
fgsm,entropy,20,0.9,0.3,90.75,98.828125,8.078125
fgsm,entropy,25,0.0,0.3,38.75,98.6328125,59.8828125
fgsm,entropy,25,0.1,0.3,43.25,98.6328125,55.3828125
fgsm,entropy,25,0.2,0.3,48.0,98.2421875,50.2421875
fgsm,entropy,25,0.3,0.3,54.25,98.2421875,43.9921875
fgsm,entropy,25,0.4,0.3,61.25000000000001,98.6328125,37.38281249999999
fgsm,entropy,25,0.5,0.3,66.75,98.4375,31.6875
fgsm,entropy,25,0.6,0.3,72.75,98.4375,25.6875
fgsm,entropy,25,0.7,0.3,78.25,98.6328125,20.3828125
fgsm,entropy,25,0.8,0.3,85.0,99.0234375,14.0234375
fgsm,entropy,25,0.9,0.3,90.75,99.0234375,8.2734375
fgsm,entropy,30,0.0,0.3,38.75,98.6328125,59.8828125
fgsm,entropy,30,0.1,0.3,43.25,98.6328125,55.3828125
fgsm,entropy,30,0.2,0.3,48.0,98.2421875,50.2421875
fgsm,entropy,30,0.3,0.3,54.25,98.2421875,43.9921875
fgsm,entropy,30,0.4,0.3,61.25000000000001,98.6328125,37.38281249999999
fgsm,entropy,30,0.5,0.3,66.75,98.4375,31.6875
fgsm,entropy,30,0.6,0.3,72.75,98.4375,25.6875
fgsm,entropy,30,0.7,0.3,78.25,98.6328125,20.3828125
fgsm,entropy,30,0.8,0.3,85.0,99.0234375,14.0234375
fgsm,entropy,30,0.9,0.3,90.75,99.0234375,8.2734375
fgsm,deepgini,20,0.0,0.3,38.75,98.2421875,59.4921875
fgsm,deepgini,20,0.1,0.3,43.25,98.2421875,54.9921875
fgsm,deepgini,20,0.2,0.3,48.0,97.8515625,49.8515625
fgsm,deepgini,20,0.3,0.3,54.25,66.796875,12.546875
fgsm,deepgini,20,0.4,0.3,61.25000000000001,62.6953125,1.445312499999993
fgsm,deepgini,20,0.5,0.3,66.75,67.96875,1.21875
fgsm,deepgini,20,0.6,0.3,72.75,73.4375,0.6875
fgsm,deepgini,20,0.7,0.3,78.25,79.4921875,1.2421875
fgsm,deepgini,20,0.8,0.3,85.0,86.1328125,1.1328125
fgsm,deepgini,20,0.9,0.3,90.75,91.796875,1.046875
fgsm,deepgini,25,0.0,0.3,38.75,98.6328125,59.8828125
fgsm,deepgini,25,0.1,0.3,43.25,98.6328125,55.3828125
fgsm,deepgini,25,0.2,0.3,48.0,98.2421875,50.2421875
fgsm,deepgini,25,0.3,0.3,54.25,91.9921875,37.7421875
fgsm,deepgini,25,0.4,0.3,61.25000000000001,62.890625,1.640624999999993
fgsm,deepgini,25,0.5,0.3,66.75,68.1640625,1.4140625
fgsm,deepgini,25,0.6,0.3,72.75,73.6328125,0.8828125
fgsm,deepgini,25,0.7,0.3,78.25,79.6875,1.4375
fgsm,deepgini,25,0.8,0.3,85.0,86.328125,1.328125
fgsm,deepgini,25,0.9,0.3,90.75,91.796875,1.046875
fgsm,deepgini,30,0.0,0.3,38.75,98.6328125,59.8828125
fgsm,deepgini,30,0.1,0.3,43.25,98.6328125,55.3828125
fgsm,deepgini,30,0.2,0.3,48.0,98.2421875,50.2421875
fgsm,deepgini,30,0.3,0.3,54.25,95.3125,41.0625
fgsm,deepgini,30,0.4,0.3,61.25000000000001,63.28125,2.031249999999993
fgsm,deepgini,30,0.5,0.3,66.75,68.5546875,1.8046875
fgsm,deepgini,30,0.6,0.3,72.75,73.6328125,0.8828125
fgsm,deepgini,30,0.7,0.3,78.25,79.6875,1.4375
fgsm,deepgini,30,0.8,0.3,85.0,86.328125,1.328125
fgsm,deepgini,30,0.9,0.3,90.75,91.796875,1.046875
fgsm,dat,20,0.0,0.3,38.75,98.2421875,59.4921875
fgsm,dat,20,0.1,0.3,43.25,98.2421875,54.9921875
fgsm,dat,20,0.2,0.3,48.0,97.8515625,49.8515625
fgsm,dat,20,0.3,0.3,54.25,97.8515625,43.6015625
fgsm,dat,20,0.4,0.3,61.25000000000001,98.2421875,36.99218749999999
fgsm,dat,20,0.5,0.3,66.75,98.046875,31.296875
fgsm,dat,20,0.6,0.3,72.75,98.046875,25.296875
fgsm,dat,20,0.7,0.3,78.25,98.2421875,19.9921875
fgsm,dat,20,0.8,0.3,85.0,98.6328125,13.6328125
fgsm,dat,20,0.9,0.3,90.75,98.828125,8.078125
fgsm,dat,25,0.0,0.3,38.75,98.6328125,59.8828125
fgsm,dat,25,0.1,0.3,43.25,98.6328125,55.3828125
fgsm,dat,25,0.2,0.3,48.0,98.2421875,50.2421875
fgsm,dat,25,0.3,0.3,54.25,98.2421875,43.9921875
fgsm,dat,25,0.4,0.3,61.25000000000001,98.6328125,37.38281249999999
fgsm,dat,25,0.5,0.3,66.75,98.4375,31.6875
fgsm,dat,25,0.6,0.3,72.75,98.4375,25.6875
fgsm,dat,25,0.7,0.3,78.25,98.6328125,20.3828125
fgsm,dat,25,0.8,0.3,85.0,99.0234375,14.0234375
fgsm,dat,25,0.9,0.3,90.75,99.0234375,8.2734375
fgsm,dat,30,0.0,0.3,38.75,98.6328125,59.8828125
fgsm,dat,30,0.1,0.3,43.25,98.6328125,55.3828125
fgsm,dat,30,0.2,0.3,48.0,98.2421875,50.2421875
fgsm,dat,30,0.3,0.3,54.25,98.2421875,43.9921875
fgsm,dat,30,0.4,0.3,61.25000000000001,98.6328125,37.38281249999999
fgsm,dat,30,0.5,0.3,66.75,98.4375,31.6875
fgsm,dat,30,0.6,0.3,72.75,98.4375,25.6875
fgsm,dat,30,0.7,0.3,78.25,98.6328125,20.3828125
fgsm,dat,30,0.8,0.3,85.0,99.0234375,14.0234375
fgsm,dat,30,0.9,0.3,90.75,99.0234375,8.2734375
GDKDE,entropy,20,0.0,0.1,1.0,45.703125,44.703125
GDKDE,entropy,20,0.1,0.1,10.75,42.96875,32.21875
GDKDE,entropy,20,0.2,0.1,19.5,22.8515625,3.3515625
GDKDE,entropy,20,0.3,0.1,29.75,32.2265625,2.4765625
GDKDE,entropy,20,0.4,0.1,39.5,44.7265625,5.2265625
GDKDE,entropy,20,0.5,0.1,49.25,52.34375,3.09375
GDKDE,entropy,20,0.6,0.1,58.75,59.765625,1.015625
GDKDE,entropy,20,0.7,0.1,68.75,69.3359375,0.5859375
GDKDE,entropy,20,0.8,0.1,78.5,79.4921875,0.9921875
GDKDE,entropy,20,0.9,0.1,88.0,88.8671875,0.8671875
GDKDE,entropy,25,0.0,0.1,1.0,54.296875,53.296875
GDKDE,entropy,25,0.1,0.1,10.75,52.9296875,42.1796875
GDKDE,entropy,25,0.2,0.1,19.5,23.046875,3.546875
GDKDE,entropy,25,0.3,0.1,29.75,32.6171875,2.8671875
GDKDE,entropy,25,0.4,0.1,39.5,46.6796875,7.1796875
GDKDE,entropy,25,0.5,0.1,49.25,54.296875,5.046875
GDKDE,entropy,25,0.6,0.1,58.75,61.71875,2.96875
GDKDE,entropy,25,0.7,0.1,68.75,69.3359375,0.5859375
GDKDE,entropy,25,0.8,0.1,78.5,79.4921875,0.9921875
GDKDE,entropy,25,0.9,0.1,88.0,88.8671875,0.8671875
GDKDE,entropy,30,0.0,0.1,1.0,58.59375,57.59375
GDKDE,entropy,30,0.1,0.1,10.75,56.8359375,46.0859375
GDKDE,entropy,30,0.2,0.1,19.5,23.4375,3.9375
GDKDE,entropy,30,0.3,0.1,29.75,32.6171875,2.8671875
GDKDE,entropy,30,0.4,0.1,39.5,49.0234375,9.5234375
GDKDE,entropy,30,0.5,0.1,49.25,56.0546875,6.8046875
GDKDE,entropy,30,0.6,0.1,58.75,63.4765625,4.7265625
GDKDE,entropy,30,0.7,0.1,68.75,71.2890625,2.5390625
GDKDE,entropy,30,0.8,0.1,78.5,81.0546875,2.5546875
GDKDE,entropy,30,0.9,0.1,88.0,89.2578125,1.2578125
GDKDE,deepgini,20,0.0,0.1,1.0,44.3359375,43.3359375
GDKDE,deepgini,20,0.1,0.1,10.75,47.265625,36.515625
GDKDE,deepgini,20,0.2,0.1,19.5,49.4140625,29.9140625
GDKDE,deepgini,20,0.3,0.1,29.75,36.71875,6.96875
GDKDE,deepgini,20,0.4,0.1,39.5,44.53125,5.03125
GDKDE,deepgini,20,0.5,0.1,49.25,52.1484375,2.8984375
GDKDE,deepgini,20,0.6,0.1,58.75,60.546875,1.796875
GDKDE,deepgini,20,0.7,0.1,68.75,71.09375,2.34375
GDKDE,deepgini,20,0.8,0.1,78.5,80.6640625,2.1640625
GDKDE,deepgini,20,0.9,0.1,88.0,89.0625,1.0625
GDKDE,deepgini,25,0.0,0.1,1.0,53.515625,52.515625
GDKDE,deepgini,25,0.1,0.1,10.75,57.03125,46.28125
GDKDE,deepgini,25,0.2,0.1,19.5,58.3984375,38.8984375
GDKDE,deepgini,25,0.3,0.1,29.75,38.8671875,9.1171875
GDKDE,deepgini,25,0.4,0.1,39.5,44.921875,5.421875
GDKDE,deepgini,25,0.5,0.1,49.25,52.5390625,3.2890625
GDKDE,deepgini,25,0.6,0.1,58.75,61.328125,2.578125
GDKDE,deepgini,25,0.7,0.1,68.75,71.2890625,2.5390625
GDKDE,deepgini,25,0.8,0.1,78.5,81.25,2.75
GDKDE,deepgini,25,0.9,0.1,88.0,89.6484375,1.6484375
GDKDE,deepgini,30,0.0,0.1,1.0,58.59375,57.59375
GDKDE,deepgini,30,0.1,0.1,10.75,63.0859375,52.3359375
GDKDE,deepgini,30,0.2,0.1,19.5,62.6953125,43.1953125
GDKDE,deepgini,30,0.3,0.1,29.75,40.8203125,11.0703125
GDKDE,deepgini,30,0.4,0.1,39.5,45.3125,5.8125
GDKDE,deepgini,30,0.5,0.1,49.25,53.7109375,4.4609375
GDKDE,deepgini,30,0.6,0.1,58.75,61.9140625,3.1640625
GDKDE,deepgini,30,0.7,0.1,68.75,71.2890625,2.5390625
GDKDE,deepgini,30,0.8,0.1,78.5,82.03125,3.53125
GDKDE,deepgini,30,0.9,0.1,88.0,89.84375,1.84375
GDKDE,dat,20,0.0,0.1,1.0,49.609375,48.609375
GDKDE,dat,20,0.1,0.1,10.75,49.4140625,38.6640625
GDKDE,dat,20,0.2,0.1,19.5,58.203125,38.703125
GDKDE,dat,20,0.3,0.1,29.75,58.984375,29.234375
GDKDE,dat,20,0.4,0.1,39.5,67.3828125,27.8828125
GDKDE,dat,20,0.5,0.1,49.25,72.265625,23.015625
GDKDE,dat,20,0.6,0.1,58.75,76.953125,18.203125
GDKDE,dat,20,0.7,0.1,68.75,82.421875,13.671875
GDKDE,dat,20,0.8,0.1,78.5,88.4765625,9.9765625
GDKDE,dat,20,0.9,0.1,88.0,93.5546875,5.5546875
GDKDE,dat,25,0.0,0.1,1.0,57.8125,56.8125
GDKDE,dat,25,0.1,0.1,10.75,59.5703125,48.8203125
GDKDE,dat,25,0.2,0.1,19.5,65.0390625,45.5390625
GDKDE,dat,25,0.3,0.1,29.75,68.5546875,38.8046875
GDKDE,dat,25,0.4,0.1,39.5,71.6796875,32.1796875
GDKDE,dat,25,0.5,0.1,49.25,75.78125,26.53125
GDKDE,dat,25,0.6,0.1,58.75,80.46875,21.71875
GDKDE,dat,25,0.7,0.1,68.75,86.71875,17.96875
GDKDE,dat,25,0.8,0.1,78.5,90.8203125,12.3203125
GDKDE,dat,25,0.9,0.1,88.0,95.5078125,7.5078125
GDKDE,dat,30,0.0,0.1,1.0,61.328125,60.328125
GDKDE,dat,30,0.1,0.1,10.75,64.2578125,53.5078125
GDKDE,dat,30,0.2,0.1,19.5,69.7265625,50.2265625
GDKDE,dat,30,0.3,0.1,29.75,91.796875,62.046875
GDKDE,dat,30,0.4,0.1,39.5,73.4375,33.9375
GDKDE,dat,30,0.5,0.1,49.25,77.734375,28.484375
GDKDE,dat,30,0.6,0.1,58.75,83.0078125,24.2578125
GDKDE,dat,30,0.7,0.1,68.75,88.8671875,20.1171875
GDKDE,dat,30,0.8,0.1,78.5,92.7734375,14.2734375
GDKDE,dat,30,0.9,0.1,88.0,95.8984375,7.8984375
GDKDE,entropy,20,0.0,0.2,1.0,50.0,49.0
GDKDE,entropy,20,0.1,0.2,10.75,50.5859375,39.8359375
GDKDE,entropy,20,0.2,0.2,19.5,55.2734375,35.7734375
GDKDE,entropy,20,0.3,0.2,29.75,54.4921875,24.7421875
GDKDE,entropy,20,0.4,0.2,39.5,49.609375,10.109375
GDKDE,entropy,20,0.5,0.2,49.25,55.859375,6.609375
GDKDE,entropy,20,0.6,0.2,58.75,63.671875,4.921875
GDKDE,entropy,20,0.7,0.2,68.75,73.4375,4.6875
GDKDE,entropy,20,0.8,0.2,78.5,83.3984375,4.8984375
GDKDE,entropy,20,0.9,0.2,88.0,90.625,2.625
GDKDE,entropy,25,0.0,0.2,1.0,58.3984375,57.3984375
GDKDE,entropy,25,0.1,0.2,10.75,59.5703125,48.8203125
GDKDE,entropy,25,0.2,0.2,19.5,64.2578125,44.7578125
GDKDE,entropy,25,0.3,0.2,29.75,60.9375,31.1875
GDKDE,entropy,25,0.4,0.2,39.5,54.296875,14.796875
GDKDE,entropy,25,0.5,0.2,49.25,57.2265625,7.9765625
GDKDE,entropy,25,0.6,0.2,58.75,64.84375,6.09375
GDKDE,entropy,25,0.7,0.2,68.75,75.390625,6.640625
GDKDE,entropy,25,0.8,0.2,78.5,84.765625,6.265625
GDKDE,entropy,25,0.9,0.2,88.0,91.40625,3.40625
GDKDE,entropy,30,0.0,0.2,1.0,61.5234375,60.5234375
GDKDE,entropy,30,0.1,0.2,10.75,64.0625,53.3125
GDKDE,entropy,30,0.2,0.2,19.5,66.796875,47.296875
GDKDE,entropy,30,0.3,0.2,29.75,65.234375,35.484375
GDKDE,entropy,30,0.4,0.2,39.5,57.421875,17.921875
GDKDE,entropy,30,0.5,0.2,49.25,59.765625,10.515625
GDKDE,entropy,30,0.6,0.2,58.75,66.40625,7.65625
GDKDE,entropy,30,0.7,0.2,68.75,76.953125,8.203125
GDKDE,entropy,30,0.8,0.2,78.5,84.9609375,6.4609375
GDKDE,entropy,30,0.9,0.2,88.0,91.6015625,3.6015625
GDKDE,deepgini,20,0.0,0.2,1.0,50.0,49.0
GDKDE,deepgini,20,0.1,0.2,10.75,53.3203125,42.5703125
GDKDE,deepgini,20,0.2,0.2,19.5,58.7890625,39.2890625
GDKDE,deepgini,20,0.3,0.2,29.75,56.8359375,27.0859375
GDKDE,deepgini,20,0.4,0.2,39.5,64.2578125,24.7578125
GDKDE,deepgini,20,0.5,0.2,49.25,64.84375,15.59375
GDKDE,deepgini,20,0.6,0.2,58.75,64.84375,6.09375
GDKDE,deepgini,20,0.7,0.2,68.75,71.875,3.125
GDKDE,deepgini,20,0.8,0.2,78.5,80.6640625,2.1640625
GDKDE,deepgini,20,0.9,0.2,88.0,89.0625,1.0625
GDKDE,deepgini,25,0.0,0.2,1.0,58.3984375,57.3984375
GDKDE,deepgini,25,0.1,0.2,10.75,63.0859375,52.3359375
GDKDE,deepgini,25,0.2,0.2,19.5,65.4296875,45.9296875
GDKDE,deepgini,25,0.3,0.2,29.75,65.625,35.875
GDKDE,deepgini,25,0.4,0.2,39.5,69.3359375,29.8359375
GDKDE,deepgini,25,0.5,0.2,49.25,71.09375,21.84375
GDKDE,deepgini,25,0.6,0.2,58.75,66.2109375,7.4609375
GDKDE,deepgini,25,0.7,0.2,68.75,72.65625,3.90625
GDKDE,deepgini,25,0.8,0.2,78.5,81.25,2.75
GDKDE,deepgini,25,0.9,0.2,88.0,89.6484375,1.6484375
GDKDE,deepgini,30,0.0,0.2,1.0,62.109375,61.109375
GDKDE,deepgini,30,0.1,0.2,10.75,65.625,54.875
GDKDE,deepgini,30,0.2,0.2,19.5,68.359375,48.859375
GDKDE,deepgini,30,0.3,0.2,29.75,67.3828125,37.6328125
GDKDE,deepgini,30,0.4,0.2,39.5,72.4609375,32.9609375
GDKDE,deepgini,30,0.5,0.2,49.25,74.4140625,25.1640625
GDKDE,deepgini,30,0.6,0.2,58.75,67.96875,9.21875
GDKDE,deepgini,30,0.7,0.2,68.75,73.6328125,4.8828125
GDKDE,deepgini,30,0.8,0.2,78.5,82.03125,3.53125
GDKDE,deepgini,30,0.9,0.2,88.0,89.84375,1.84375
GDKDE,dat,20,0.0,0.2,1.0,53.3203125,52.3203125
GDKDE,dat,20,0.1,0.2,10.75,57.8125,47.0625
GDKDE,dat,20,0.2,0.2,19.5,63.0859375,43.5859375
GDKDE,dat,20,0.3,0.2,29.75,64.2578125,34.5078125
GDKDE,dat,20,0.4,0.2,39.5,68.75,29.25
GDKDE,dat,20,0.5,0.2,49.25,74.21875,24.96875
GDKDE,dat,20,0.6,0.2,58.75,79.4921875,20.7421875
GDKDE,dat,20,0.7,0.2,68.75,86.1328125,17.3828125
GDKDE,dat,20,0.8,0.2,78.5,90.234375,11.734375
GDKDE,dat,20,0.9,0.2,88.0,93.9453125,5.9453125
GDKDE,dat,25,0.0,0.2,1.0,60.7421875,59.7421875
GDKDE,dat,25,0.1,0.2,10.75,63.4765625,52.7265625
GDKDE,dat,25,0.2,0.2,19.5,68.9453125,49.4453125
GDKDE,dat,25,0.3,0.2,29.75,70.5078125,40.7578125
GDKDE,dat,25,0.4,0.2,39.5,72.8515625,33.3515625
GDKDE,dat,25,0.5,0.2,49.25,77.9296875,28.6796875
GDKDE,dat,25,0.6,0.2,58.75,81.8359375,23.0859375
GDKDE,dat,25,0.7,0.2,68.75,88.4765625,19.7265625
GDKDE,dat,25,0.8,0.2,78.5,91.2109375,12.7109375
GDKDE,dat,25,0.9,0.2,88.0,95.703125,7.703125
GDKDE,dat,30,0.0,0.2,1.0,92.3828125,91.3828125
GDKDE,dat,30,0.1,0.2,10.75,68.75,58.0
GDKDE,dat,30,0.2,0.2,19.5,94.53125,75.03125
GDKDE,dat,30,0.3,0.2,29.75,93.359375,63.609375
GDKDE,dat,30,0.4,0.2,39.5,75.390625,35.890625
GDKDE,dat,30,0.5,0.2,49.25,80.078125,30.828125
GDKDE,dat,30,0.6,0.2,58.75,82.8125,24.0625
GDKDE,dat,30,0.7,0.2,68.75,97.8515625,29.1015625
GDKDE,dat,30,0.8,0.2,78.5,92.96875,14.46875
GDKDE,dat,30,0.9,0.2,88.0,98.828125,10.828125
GDKDE,entropy,20,0.0,0.3,1.0,52.5390625,51.5390625
GDKDE,entropy,20,0.1,0.3,10.75,58.0078125,47.2578125
GDKDE,entropy,20,0.2,0.3,19.5,61.5234375,42.0234375
GDKDE,entropy,20,0.3,0.3,29.75,60.3515625,30.6015625
GDKDE,entropy,20,0.4,0.3,39.5,64.0625,24.5625
GDKDE,entropy,20,0.5,0.3,49.25,68.9453125,19.6953125
GDKDE,entropy,20,0.6,0.3,58.75,67.3828125,8.6328125
GDKDE,entropy,20,0.7,0.3,68.75,74.21875,5.46875
GDKDE,entropy,20,0.8,0.3,78.5,83.3984375,4.8984375
GDKDE,entropy,20,0.9,0.3,88.0,90.625,2.625
GDKDE,entropy,25,0.0,0.3,1.0,59.765625,58.765625
GDKDE,entropy,25,0.1,0.3,10.75,64.0625,53.3125
GDKDE,entropy,25,0.2,0.3,19.5,66.9921875,47.4921875
GDKDE,entropy,25,0.3,0.3,29.75,67.3828125,37.6328125
GDKDE,entropy,25,0.4,0.3,39.5,71.484375,31.984375
GDKDE,entropy,25,0.5,0.3,49.25,73.6328125,24.3828125
GDKDE,entropy,25,0.6,0.3,58.75,70.1171875,11.3671875
GDKDE,entropy,25,0.7,0.3,68.75,75.78125,7.03125
GDKDE,entropy,25,0.8,0.3,78.5,84.765625,6.265625
GDKDE,entropy,25,0.9,0.3,88.0,91.40625,3.40625
GDKDE,entropy,30,0.0,0.3,1.0,90.0390625,89.0390625
GDKDE,entropy,30,0.1,0.3,10.75,67.1875,56.4375
GDKDE,entropy,30,0.2,0.3,19.5,70.1171875,50.6171875
GDKDE,entropy,30,0.3,0.3,29.75,69.7265625,39.9765625
GDKDE,entropy,30,0.4,0.3,39.5,73.6328125,34.1328125
GDKDE,entropy,30,0.5,0.3,49.25,76.5625,27.3125
GDKDE,entropy,30,0.6,0.3,58.75,72.4609375,13.7109375
GDKDE,entropy,30,0.7,0.3,68.75,77.9296875,9.1796875
GDKDE,entropy,30,0.8,0.3,78.5,85.15625,6.65625
GDKDE,entropy,30,0.9,0.3,88.0,91.6015625,3.6015625
GDKDE,deepgini,20,0.0,0.3,1.0,52.9296875,51.9296875
GDKDE,deepgini,20,0.1,0.3,10.75,58.984375,48.234375
GDKDE,deepgini,20,0.2,0.3,19.5,61.9140625,42.4140625
GDKDE,deepgini,20,0.3,0.3,29.75,62.890625,33.140625
GDKDE,deepgini,20,0.4,0.3,39.5,66.9921875,27.4921875
GDKDE,deepgini,20,0.5,0.3,49.25,72.65625,23.40625
GDKDE,deepgini,20,0.6,0.3,58.75,76.5625,17.8125
GDKDE,deepgini,20,0.7,0.3,68.75,82.421875,13.671875
GDKDE,deepgini,20,0.8,0.3,78.5,88.4765625,9.9765625
GDKDE,deepgini,20,0.9,0.3,88.0,90.625,2.625
GDKDE,deepgini,25,0.0,0.3,1.0,59.9609375,58.9609375
GDKDE,deepgini,25,0.1,0.3,10.75,64.0625,53.3125
GDKDE,deepgini,25,0.2,0.3,19.5,67.1875,47.6875
GDKDE,deepgini,25,0.3,0.3,29.75,68.1640625,38.4140625
GDKDE,deepgini,25,0.4,0.3,39.5,72.8515625,33.3515625
GDKDE,deepgini,25,0.5,0.3,49.25,76.5625,27.3125
GDKDE,deepgini,25,0.6,0.3,58.75,80.46875,21.71875
GDKDE,deepgini,25,0.7,0.3,68.75,86.71875,17.96875
GDKDE,deepgini,25,0.8,0.3,78.5,90.625,12.125
GDKDE,deepgini,25,0.9,0.3,88.0,91.6015625,3.6015625
GDKDE,deepgini,30,0.0,0.3,1.0,90.0390625,89.0390625
GDKDE,deepgini,30,0.1,0.3,10.75,91.2109375,80.4609375
GDKDE,deepgini,30,0.2,0.3,19.5,91.40625,71.90625
GDKDE,deepgini,30,0.3,0.3,29.75,70.8984375,41.1484375
GDKDE,deepgini,30,0.4,0.3,39.5,75.390625,35.890625
GDKDE,deepgini,30,0.5,0.3,49.25,79.296875,30.046875
GDKDE,deepgini,30,0.6,0.3,58.75,82.6171875,23.8671875
GDKDE,deepgini,30,0.7,0.3,68.75,96.09375,27.34375
GDKDE,deepgini,30,0.8,0.3,78.5,91.6015625,13.1015625
GDKDE,deepgini,30,0.9,0.3,88.0,91.6015625,3.6015625
GDKDE,dat,20,0.0,0.3,1.0,52.1484375,51.1484375
GDKDE,dat,20,0.1,0.3,10.75,59.375,48.625
GDKDE,dat,20,0.2,0.3,19.5,63.4765625,43.9765625
GDKDE,dat,20,0.3,0.3,29.75,64.84375,35.09375
GDKDE,dat,20,0.4,0.3,39.5,69.3359375,29.8359375
GDKDE,dat,20,0.5,0.3,49.25,74.609375,25.359375
GDKDE,dat,20,0.6,0.3,58.75,80.46875,21.71875
GDKDE,dat,20,0.7,0.3,68.75,86.5234375,17.7734375
GDKDE,dat,20,0.8,0.3,78.5,90.625,12.125
GDKDE,dat,20,0.9,0.3,88.0,93.5546875,5.5546875
GDKDE,dat,25,0.0,0.3,1.0,59.5703125,58.5703125
GDKDE,dat,25,0.1,0.3,10.75,63.8671875,53.1171875
GDKDE,dat,25,0.2,0.3,19.5,69.53125,50.03125
GDKDE,dat,25,0.3,0.3,29.75,70.8984375,41.1484375
GDKDE,dat,25,0.4,0.3,39.5,73.4375,33.9375
GDKDE,dat,25,0.5,0.3,49.25,78.515625,29.265625
GDKDE,dat,25,0.6,0.3,58.75,82.421875,23.671875
GDKDE,dat,25,0.7,0.3,68.75,88.28125,19.53125
GDKDE,dat,25,0.8,0.3,78.5,92.1875,13.6875
GDKDE,dat,25,0.9,0.3,88.0,95.703125,7.703125
GDKDE,dat,30,0.0,0.3,1.0,93.5546875,92.5546875
GDKDE,dat,30,0.1,0.3,10.75,69.53125,58.78125
GDKDE,dat,30,0.2,0.3,19.5,94.53125,75.03125
GDKDE,dat,30,0.3,0.3,29.75,93.5546875,63.8046875
GDKDE,dat,30,0.4,0.3,39.5,77.5390625,38.0390625
GDKDE,dat,30,0.5,0.3,49.25,80.2734375,31.0234375
GDKDE,dat,30,0.6,0.3,58.75,96.09375,37.34375
GDKDE,dat,30,0.7,0.3,68.75,98.2421875,29.4921875
GDKDE,dat,30,0.8,0.3,78.5,93.359375,14.859375
GDKDE,dat,30,0.9,0.3,88.0,98.828125,10.828125
MIMICRY,entropy,20,0.0,0.1,0.25,31.640625,31.390625
MIMICRY,entropy,20,0.1,0.1,10.0,39.2578125,29.2578125
MIMICRY,entropy,20,0.2,0.1,19.25,33.203125,13.953125
MIMICRY,entropy,20,0.3,0.1,29.75,37.890625,8.140625
MIMICRY,entropy,20,0.4,0.1,39.5,50.78125,11.28125
MIMICRY,entropy,20,0.5,0.1,49.25,54.4921875,5.2421875
MIMICRY,entropy,20,0.6,0.1,59.0,60.9375,1.9375
MIMICRY,entropy,20,0.7,0.1,69.0,69.921875,0.921875
MIMICRY,entropy,20,0.8,0.1,78.75,79.8828125,1.1328125
MIMICRY,entropy,20,0.9,0.1,88.0,88.8671875,0.8671875
MIMICRY,entropy,25,0.0,0.1,0.25,54.4921875,54.2421875
MIMICRY,entropy,25,0.1,0.1,10.0,59.375,49.375
MIMICRY,entropy,25,0.2,0.1,19.25,33.984375,14.734375
MIMICRY,entropy,25,0.3,0.1,29.75,40.4296875,10.6796875
MIMICRY,entropy,25,0.4,0.1,39.5,54.6875,15.1875
MIMICRY,entropy,25,0.5,0.1,49.25,57.03125,7.78125
MIMICRY,entropy,25,0.6,0.1,59.0,62.6953125,3.6953125
MIMICRY,entropy,25,0.7,0.1,69.0,69.921875,0.921875
MIMICRY,entropy,25,0.8,0.1,78.75,79.8828125,1.1328125
MIMICRY,entropy,25,0.9,0.1,88.0,88.8671875,0.8671875
MIMICRY,entropy,30,0.0,0.1,0.25,56.8359375,56.5859375
MIMICRY,entropy,30,0.1,0.1,10.0,63.28125,53.28125
MIMICRY,entropy,30,0.2,0.1,19.25,35.546875,16.296875
MIMICRY,entropy,30,0.3,0.1,29.75,40.8203125,11.0703125
MIMICRY,entropy,30,0.4,0.1,39.5,57.2265625,17.7265625
MIMICRY,entropy,30,0.5,0.1,49.25,59.5703125,10.3203125
MIMICRY,entropy,30,0.6,0.1,59.0,65.0390625,6.0390625
MIMICRY,entropy,30,0.7,0.1,69.0,71.2890625,2.2890625
MIMICRY,entropy,30,0.8,0.1,78.75,80.6640625,1.9140625
MIMICRY,entropy,30,0.9,0.1,88.0,89.2578125,1.2578125
MIMICRY,deepgini,20,0.0,0.1,0.25,31.640625,31.390625
MIMICRY,deepgini,20,0.1,0.1,10.0,39.2578125,29.2578125
MIMICRY,deepgini,20,0.2,0.1,19.25,43.75,24.5
MIMICRY,deepgini,20,0.3,0.1,29.75,45.3125,15.5625
MIMICRY,deepgini,20,0.4,0.1,39.5,55.6640625,16.1640625
MIMICRY,deepgini,20,0.5,0.1,49.25,54.8828125,5.6328125
MIMICRY,deepgini,20,0.6,0.1,59.0,61.1328125,2.1328125
MIMICRY,deepgini,20,0.7,0.1,69.0,70.703125,1.703125
MIMICRY,deepgini,20,0.8,0.1,78.75,81.640625,2.890625
MIMICRY,deepgini,20,0.9,0.1,88.0,89.6484375,1.6484375
MIMICRY,deepgini,25,0.0,0.1,0.25,54.4921875,54.2421875
MIMICRY,deepgini,25,0.1,0.1,10.0,59.375,49.375
MIMICRY,deepgini,25,0.2,0.1,19.25,62.109375,42.859375
MIMICRY,deepgini,25,0.3,0.1,29.75,47.0703125,17.3203125
MIMICRY,deepgini,25,0.4,0.1,39.5,57.2265625,17.7265625
MIMICRY,deepgini,25,0.5,0.1,49.25,57.03125,7.78125
MIMICRY,deepgini,25,0.6,0.1,59.0,63.28125,4.28125
MIMICRY,deepgini,25,0.7,0.1,69.0,71.875,2.875
MIMICRY,deepgini,25,0.8,0.1,78.75,82.03125,3.28125
MIMICRY,deepgini,25,0.9,0.1,88.0,89.6484375,1.6484375
MIMICRY,deepgini,30,0.0,0.1,0.25,56.8359375,56.5859375
MIMICRY,deepgini,30,0.1,0.1,10.0,63.28125,53.28125
MIMICRY,deepgini,30,0.2,0.1,19.25,65.234375,45.984375
MIMICRY,deepgini,30,0.3,0.1,29.75,48.828125,19.078125
MIMICRY,deepgini,30,0.4,0.1,39.5,58.0078125,18.5078125
MIMICRY,deepgini,30,0.5,0.1,49.25,57.8125,8.5625
MIMICRY,deepgini,30,0.6,0.1,59.0,64.2578125,5.2578125
MIMICRY,deepgini,30,0.7,0.1,69.0,72.0703125,3.0703125
MIMICRY,deepgini,30,0.8,0.1,78.75,82.2265625,3.4765625
MIMICRY,deepgini,30,0.9,0.1,88.0,89.84375,1.84375
MIMICRY,dat,20,0.0,0.1,0.25,43.5546875,43.3046875
MIMICRY,dat,20,0.1,0.1,10.0,66.40625,56.40625
MIMICRY,dat,20,0.2,0.1,19.25,53.7109375,34.4609375
MIMICRY,dat,20,0.3,0.1,29.75,71.09375,41.34375
MIMICRY,dat,20,0.4,0.1,39.5,75.9765625,36.4765625
MIMICRY,dat,20,0.5,0.1,49.25,77.9296875,28.6796875
MIMICRY,dat,20,0.6,0.1,59.0,82.8125,23.8125
MIMICRY,dat,20,0.7,0.1,69.0,87.6953125,18.6953125
MIMICRY,dat,20,0.8,0.1,78.75,92.96875,14.21875
MIMICRY,dat,20,0.9,0.1,88.0,93.1640625,5.1640625
MIMICRY,dat,25,0.0,0.1,0.25,71.484375,71.234375
MIMICRY,dat,25,0.1,0.1,10.0,81.0546875,71.0546875
MIMICRY,dat,25,0.2,0.1,19.25,82.6171875,63.3671875
MIMICRY,dat,25,0.3,0.1,29.75,84.375,54.625
MIMICRY,dat,25,0.4,0.1,39.5,85.9375,46.4375
MIMICRY,dat,25,0.5,0.1,49.25,81.0546875,31.8046875
MIMICRY,dat,25,0.6,0.1,59.0,89.2578125,30.2578125
MIMICRY,dat,25,0.7,0.1,69.0,92.578125,23.578125
MIMICRY,dat,25,0.8,0.1,78.75,95.703125,16.953125
MIMICRY,dat,25,0.9,0.1,88.0,96.484375,8.484375
MIMICRY,dat,30,0.0,0.1,0.25,87.6953125,87.4453125
MIMICRY,dat,30,0.1,0.1,10.0,86.5234375,76.5234375
MIMICRY,dat,30,0.2,0.1,19.25,88.4765625,69.2265625
MIMICRY,dat,30,0.3,0.1,29.75,88.28125,58.53125
MIMICRY,dat,30,0.4,0.1,39.5,91.015625,51.515625
MIMICRY,dat,30,0.5,0.1,49.25,88.28125,39.03125
MIMICRY,dat,30,0.6,0.1,59.0,91.796875,32.796875
MIMICRY,dat,30,0.7,0.1,69.0,95.5078125,26.5078125
MIMICRY,dat,30,0.8,0.1,78.75,97.0703125,18.3203125
MIMICRY,dat,30,0.9,0.1,88.0,97.0703125,9.0703125
MIMICRY,entropy,20,0.0,0.2,0.25,33.7890625,33.5390625
MIMICRY,entropy,20,0.1,0.2,10.0,39.2578125,29.2578125
MIMICRY,entropy,20,0.2,0.2,19.25,58.59375,39.34375
MIMICRY,entropy,20,0.3,0.2,29.75,62.5,32.75
MIMICRY,entropy,20,0.4,0.2,39.5,58.984375,19.484375
MIMICRY,entropy,20,0.5,0.2,49.25,64.453125,15.203125
MIMICRY,entropy,20,0.6,0.2,59.0,65.0390625,6.0390625
MIMICRY,entropy,20,0.7,0.2,69.0,73.6328125,4.6328125
MIMICRY,entropy,20,0.8,0.2,78.75,83.203125,4.453125
MIMICRY,entropy,20,0.9,0.2,88.0,90.625,2.625
MIMICRY,entropy,25,0.0,0.2,0.25,57.421875,57.171875
MIMICRY,entropy,25,0.1,0.2,10.0,59.765625,49.765625
MIMICRY,entropy,25,0.2,0.2,19.25,62.6953125,43.4453125
MIMICRY,entropy,25,0.3,0.2,29.75,65.8203125,36.0703125
MIMICRY,entropy,25,0.4,0.2,39.5,63.4765625,23.9765625
MIMICRY,entropy,25,0.5,0.2,49.25,67.7734375,18.5234375
MIMICRY,entropy,25,0.6,0.2,59.0,68.359375,9.359375
MIMICRY,entropy,25,0.7,0.2,69.0,76.5625,7.5625
MIMICRY,entropy,25,0.8,0.2,78.75,85.9375,7.1875
MIMICRY,entropy,25,0.9,0.2,88.0,91.40625,3.40625
MIMICRY,entropy,30,0.0,0.2,0.25,61.5234375,61.2734375
MIMICRY,entropy,30,0.1,0.2,10.0,63.28125,53.28125
MIMICRY,entropy,30,0.2,0.2,19.25,66.2109375,46.9609375
MIMICRY,entropy,30,0.3,0.2,29.75,69.7265625,39.9765625
MIMICRY,entropy,30,0.4,0.2,39.5,76.5625,37.0625
MIMICRY,entropy,30,0.5,0.2,49.25,79.4921875,30.2421875
MIMICRY,entropy,30,0.6,0.2,59.0,77.734375,18.734375
MIMICRY,entropy,30,0.7,0.2,69.0,83.7890625,14.7890625
MIMICRY,entropy,30,0.8,0.2,78.75,90.4296875,11.6796875
MIMICRY,entropy,30,0.9,0.2,88.0,91.6015625,3.6015625
MIMICRY,deepgini,20,0.0,0.2,0.25,33.7890625,33.5390625
MIMICRY,deepgini,20,0.1,0.2,10.0,41.9921875,31.9921875
MIMICRY,deepgini,20,0.2,0.2,19.25,58.7890625,39.5390625
MIMICRY,deepgini,20,0.3,0.2,29.75,62.890625,33.140625
MIMICRY,deepgini,20,0.4,0.2,39.5,70.5078125,31.0078125
MIMICRY,deepgini,20,0.5,0.2,49.25,74.21875,24.96875
MIMICRY,deepgini,20,0.6,0.2,59.0,78.90625,19.90625
MIMICRY,deepgini,20,0.7,0.2,69.0,75.5859375,6.5859375
MIMICRY,deepgini,20,0.8,0.2,78.75,84.1796875,5.4296875
MIMICRY,deepgini,20,0.9,0.2,88.0,89.84375,1.84375
MIMICRY,deepgini,25,0.0,0.2,0.25,57.421875,57.171875
MIMICRY,deepgini,25,0.1,0.2,10.0,62.890625,52.890625
MIMICRY,deepgini,25,0.2,0.2,19.25,62.6953125,43.4453125
MIMICRY,deepgini,25,0.3,0.2,29.75,65.8203125,36.0703125
MIMICRY,deepgini,25,0.4,0.2,39.5,72.4609375,32.9609375
MIMICRY,deepgini,25,0.5,0.2,49.25,76.953125,27.703125
MIMICRY,deepgini,25,0.6,0.2,59.0,80.2734375,21.2734375
MIMICRY,deepgini,25,0.7,0.2,69.0,76.953125,7.953125
MIMICRY,deepgini,25,0.8,0.2,78.75,84.375,5.625
MIMICRY,deepgini,25,0.9,0.2,88.0,89.84375,1.84375
MIMICRY,deepgini,30,0.0,0.2,0.25,61.5234375,61.2734375
MIMICRY,deepgini,30,0.1,0.2,10.0,65.234375,55.234375
MIMICRY,deepgini,30,0.2,0.2,19.25,66.40625,47.15625
MIMICRY,deepgini,30,0.3,0.2,29.75,69.7265625,39.9765625
MIMICRY,deepgini,30,0.4,0.2,39.5,75.1953125,35.6953125
MIMICRY,deepgini,30,0.5,0.2,49.25,78.90625,29.65625
MIMICRY,deepgini,30,0.6,0.2,59.0,81.8359375,22.8359375
MIMICRY,deepgini,30,0.7,0.2,69.0,78.515625,9.515625
MIMICRY,deepgini,30,0.8,0.2,78.75,85.546875,6.796875
MIMICRY,deepgini,30,0.9,0.2,88.0,90.234375,2.234375
MIMICRY,dat,20,0.0,0.2,0.25,67.578125,67.328125
MIMICRY,dat,20,0.1,0.2,10.0,69.921875,59.921875
MIMICRY,dat,20,0.2,0.2,19.25,56.4453125,37.1953125
MIMICRY,dat,20,0.3,0.2,29.75,72.8515625,43.1015625
MIMICRY,dat,20,0.4,0.2,39.5,77.5390625,38.0390625
MIMICRY,dat,20,0.5,0.2,49.25,80.6640625,31.4140625
MIMICRY,dat,20,0.6,0.2,59.0,84.1796875,25.1796875
MIMICRY,dat,20,0.7,0.2,69.0,88.8671875,19.8671875
MIMICRY,dat,20,0.8,0.2,78.75,92.96875,14.21875
MIMICRY,dat,20,0.9,0.2,88.0,95.1171875,7.1171875
MIMICRY,dat,25,0.0,0.2,0.25,85.15625,84.90625
MIMICRY,dat,25,0.1,0.2,10.0,86.5234375,76.5234375
MIMICRY,dat,25,0.2,0.2,19.25,85.3515625,66.1015625
MIMICRY,dat,25,0.3,0.2,29.75,86.1328125,56.3828125
MIMICRY,dat,25,0.4,0.2,39.5,87.3046875,47.8046875
MIMICRY,dat,25,0.5,0.2,49.25,89.0625,39.8125
MIMICRY,dat,25,0.6,0.2,59.0,91.2109375,32.2109375
MIMICRY,dat,25,0.7,0.2,69.0,93.5546875,24.5546875
MIMICRY,dat,25,0.8,0.2,78.75,96.2890625,17.5390625
MIMICRY,dat,25,0.9,0.2,88.0,96.875,8.875
MIMICRY,dat,30,0.0,0.2,0.25,92.7734375,92.5234375
MIMICRY,dat,30,0.1,0.2,10.0,91.2109375,81.2109375
MIMICRY,dat,30,0.2,0.2,19.25,91.796875,72.546875
MIMICRY,dat,30,0.3,0.2,29.75,90.234375,60.484375
MIMICRY,dat,30,0.4,0.2,39.5,91.015625,51.515625
MIMICRY,dat,30,0.5,0.2,49.25,91.2109375,41.9609375
MIMICRY,dat,30,0.6,0.2,59.0,93.9453125,34.9453125
MIMICRY,dat,30,0.7,0.2,69.0,97.0703125,28.0703125
MIMICRY,dat,30,0.8,0.2,78.75,98.046875,19.296875
MIMICRY,dat,30,0.9,0.2,88.0,97.8515625,9.8515625
MIMICRY,entropy,20,0.0,0.3,0.25,41.40625,41.15625
MIMICRY,entropy,20,0.1,0.3,10.0,46.875,36.875
MIMICRY,entropy,20,0.2,0.3,19.25,64.84375,45.59375
MIMICRY,entropy,20,0.3,0.3,29.75,65.8203125,36.0703125
MIMICRY,entropy,20,0.4,0.3,39.5,71.2890625,31.7890625
MIMICRY,entropy,20,0.5,0.3,49.25,75.5859375,26.3359375
MIMICRY,entropy,20,0.6,0.3,59.0,80.46875,21.46875
MIMICRY,entropy,20,0.7,0.3,69.0,76.953125,7.953125
MIMICRY,entropy,20,0.8,0.3,78.75,86.5234375,7.7734375
MIMICRY,entropy,20,0.9,0.3,88.0,90.625,2.625
MIMICRY,entropy,25,0.0,0.3,0.25,65.0390625,64.7890625
MIMICRY,entropy,25,0.1,0.3,10.0,67.7734375,57.7734375
MIMICRY,entropy,25,0.2,0.3,19.25,68.9453125,49.6953125
MIMICRY,entropy,25,0.3,0.3,29.75,68.5546875,38.8046875
MIMICRY,entropy,25,0.4,0.3,39.5,75.78125,36.28125
MIMICRY,entropy,25,0.5,0.3,49.25,78.90625,29.65625
MIMICRY,entropy,25,0.6,0.3,59.0,82.421875,23.421875
MIMICRY,entropy,25,0.7,0.3,69.0,80.2734375,11.2734375
MIMICRY,entropy,25,0.8,0.3,78.75,87.6953125,8.9453125
MIMICRY,entropy,25,0.9,0.3,88.0,91.40625,3.40625
MIMICRY,entropy,30,0.0,0.3,0.25,77.5390625,77.2890625
MIMICRY,entropy,30,0.1,0.3,10.0,79.296875,69.296875
MIMICRY,entropy,30,0.2,0.3,19.25,70.8984375,51.6484375
MIMICRY,entropy,30,0.3,0.3,29.75,71.2890625,41.5390625
MIMICRY,entropy,30,0.4,0.3,39.5,76.953125,37.453125
MIMICRY,entropy,30,0.5,0.3,49.25,79.6875,30.4375
MIMICRY,entropy,30,0.6,0.3,59.0,83.59375,24.59375
MIMICRY,entropy,30,0.7,0.3,69.0,87.3046875,18.3046875
MIMICRY,entropy,30,0.8,0.3,78.75,92.3828125,13.6328125
MIMICRY,entropy,30,0.9,0.3,88.0,93.5546875,5.5546875
MIMICRY,deepgini,20,0.0,0.3,0.25,41.40625,41.15625
MIMICRY,deepgini,20,0.1,0.3,10.0,48.046875,38.046875
MIMICRY,deepgini,20,0.2,0.3,19.25,65.8203125,46.5703125
MIMICRY,deepgini,20,0.3,0.3,29.75,67.3828125,37.6328125
MIMICRY,deepgini,20,0.4,0.3,39.5,72.4609375,32.9609375
MIMICRY,deepgini,20,0.5,0.3,49.25,75.5859375,26.3359375
MIMICRY,deepgini,20,0.6,0.3,59.0,79.6875,20.6875
MIMICRY,deepgini,20,0.7,0.3,69.0,85.3515625,16.3515625
MIMICRY,deepgini,20,0.8,0.3,78.75,90.0390625,11.2890625
MIMICRY,deepgini,20,0.9,0.3,88.0,92.1875,4.1875
MIMICRY,deepgini,25,0.0,0.3,0.25,65.0390625,64.7890625
MIMICRY,deepgini,25,0.1,0.3,10.0,67.96875,57.96875
MIMICRY,deepgini,25,0.2,0.3,19.25,69.53125,50.28125
MIMICRY,deepgini,25,0.3,0.3,29.75,71.09375,41.34375
MIMICRY,deepgini,25,0.4,0.3,39.5,75.1953125,35.6953125
MIMICRY,deepgini,25,0.5,0.3,49.25,78.515625,29.265625
MIMICRY,deepgini,25,0.6,0.3,59.0,81.8359375,22.8359375
MIMICRY,deepgini,25,0.7,0.3,69.0,87.109375,18.109375
MIMICRY,deepgini,25,0.8,0.3,78.75,90.625,11.875
MIMICRY,deepgini,25,0.9,0.3,88.0,92.3828125,4.3828125
MIMICRY,deepgini,30,0.0,0.3,0.25,77.5390625,77.2890625
MIMICRY,deepgini,30,0.1,0.3,10.0,80.078125,70.078125
MIMICRY,deepgini,30,0.2,0.3,19.25,73.6328125,54.3828125
MIMICRY,deepgini,30,0.3,0.3,29.75,72.4609375,42.7109375
MIMICRY,deepgini,30,0.4,0.3,39.5,77.734375,38.234375
MIMICRY,deepgini,30,0.5,0.3,49.25,79.4921875,30.2421875
MIMICRY,deepgini,30,0.6,0.3,59.0,83.59375,24.59375
MIMICRY,deepgini,30,0.7,0.3,69.0,87.3046875,18.3046875
MIMICRY,deepgini,30,0.8,0.3,78.75,92.3828125,13.6328125
MIMICRY,deepgini,30,0.9,0.3,88.0,92.7734375,4.7734375
MIMICRY,dat,20,0.0,0.3,0.25,68.5546875,68.3046875
MIMICRY,dat,20,0.1,0.3,10.0,71.484375,61.484375
MIMICRY,dat,20,0.2,0.3,19.25,57.8125,38.5625
MIMICRY,dat,20,0.3,0.3,29.75,73.4375,43.6875
MIMICRY,dat,20,0.4,0.3,39.5,78.3203125,38.8203125
MIMICRY,dat,20,0.5,0.3,49.25,81.4453125,32.1953125
MIMICRY,dat,20,0.6,0.3,59.0,84.765625,25.765625
MIMICRY,dat,20,0.7,0.3,69.0,88.8671875,19.8671875
MIMICRY,dat,20,0.8,0.3,78.75,92.96875,14.21875
MIMICRY,dat,20,0.9,0.3,88.0,95.1171875,7.1171875
MIMICRY,dat,25,0.0,0.3,0.25,86.9140625,86.6640625
MIMICRY,dat,25,0.1,0.3,10.0,87.890625,77.890625
MIMICRY,dat,25,0.2,0.3,19.25,86.5234375,67.2734375
MIMICRY,dat,25,0.3,0.3,29.75,86.5234375,56.7734375
MIMICRY,dat,25,0.4,0.3,39.5,88.671875,49.171875
MIMICRY,dat,25,0.5,0.3,49.25,90.0390625,40.7890625
MIMICRY,dat,25,0.6,0.3,59.0,91.9921875,32.9921875
MIMICRY,dat,25,0.7,0.3,69.0,93.75,24.75
MIMICRY,dat,25,0.8,0.3,78.75,96.2890625,17.5390625
MIMICRY,dat,25,0.9,0.3,88.0,96.484375,8.484375
MIMICRY,dat,30,0.0,0.3,0.25,93.9453125,93.6953125
MIMICRY,dat,30,0.1,0.3,10.0,95.1171875,85.1171875
MIMICRY,dat,30,0.2,0.3,19.25,92.3828125,73.1328125
MIMICRY,dat,30,0.3,0.3,29.75,90.625,60.875
MIMICRY,dat,30,0.4,0.3,39.5,92.578125,53.078125
MIMICRY,dat,30,0.5,0.3,49.25,91.796875,42.546875
MIMICRY,dat,30,0.6,0.3,59.0,95.3125,36.3125
MIMICRY,dat,30,0.7,0.3,69.0,97.265625,28.265625
MIMICRY,dat,30,0.8,0.3,78.75,98.4375,19.6875
MIMICRY,dat,30,0.9,0.3,88.0,97.8515625,9.8515625
POINTWISE,entropy,20,0.0,0.1,0.0,97.65625,97.65625
POINTWISE,entropy,20,0.1,0.1,9.75,97.8515625,88.1015625
POINTWISE,entropy,20,0.2,0.1,19.0,75.390625,56.390625
POINTWISE,entropy,20,0.3,0.1,29.5,76.953125,47.453125
POINTWISE,entropy,20,0.4,0.1,39.25,98.2421875,58.9921875
POINTWISE,entropy,20,0.5,0.1,49.0,98.2421875,49.2421875
POINTWISE,entropy,20,0.6,0.1,58.75,98.2421875,39.4921875
POINTWISE,entropy,20,0.7,0.1,68.75,92.96875,24.21875
POINTWISE,entropy,20,0.8,0.1,78.5,94.53125,16.03125
POINTWISE,entropy,20,0.9,0.1,88.0,88.4765625,0.4765625
POINTWISE,entropy,25,0.0,0.1,0.0,98.046875,98.046875
POINTWISE,entropy,25,0.1,0.1,9.75,99.21875,89.46875
POINTWISE,entropy,25,0.2,0.1,19.0,75.390625,56.390625
POINTWISE,entropy,25,0.3,0.1,29.5,76.953125,47.453125
POINTWISE,entropy,25,0.4,0.1,39.25,98.2421875,58.9921875
POINTWISE,entropy,25,0.5,0.1,49.0,99.0234375,50.0234375
POINTWISE,entropy,25,0.6,0.1,58.75,98.2421875,39.4921875
POINTWISE,entropy,25,0.7,0.1,68.75,92.96875,24.21875
POINTWISE,entropy,25,0.8,0.1,78.5,94.53125,16.03125
POINTWISE,entropy,25,0.9,0.1,88.0,88.4765625,0.4765625
POINTWISE,entropy,30,0.0,0.1,0.0,99.21875,99.21875
POINTWISE,entropy,30,0.1,0.1,9.75,99.21875,89.46875
POINTWISE,entropy,30,0.2,0.1,19.0,82.03125,63.03125
POINTWISE,entropy,30,0.3,0.1,29.5,76.953125,47.453125
POINTWISE,entropy,30,0.4,0.1,39.25,98.828125,59.578125
POINTWISE,entropy,30,0.5,0.1,49.0,99.0234375,50.0234375
POINTWISE,entropy,30,0.6,0.1,58.75,99.0234375,40.2734375
POINTWISE,entropy,30,0.7,0.1,68.75,99.0234375,30.2734375
POINTWISE,entropy,30,0.8,0.1,78.5,94.53125,16.03125
POINTWISE,entropy,30,0.9,0.1,88.0,88.4765625,0.4765625
POINTWISE,deepgini,20,0.0,0.1,0.0,78.3203125,78.3203125
POINTWISE,deepgini,20,0.1,0.1,9.75,80.6640625,70.9140625
POINTWISE,deepgini,20,0.2,0.1,19.0,82.03125,63.03125
POINTWISE,deepgini,20,0.3,0.1,29.5,83.203125,53.703125
POINTWISE,deepgini,20,0.4,0.1,39.25,85.9375,46.6875
POINTWISE,deepgini,20,0.5,0.1,49.0,87.890625,38.890625
POINTWISE,deepgini,20,0.6,0.1,58.75,90.0390625,31.2890625
POINTWISE,deepgini,20,0.7,0.1,68.75,98.6328125,29.8828125
POINTWISE,deepgini,20,0.8,0.1,78.5,94.53125,16.03125
POINTWISE,deepgini,20,0.9,0.1,88.0,98.6328125,10.6328125
POINTWISE,deepgini,25,0.0,0.1,0.0,78.7109375,78.7109375
POINTWISE,deepgini,25,0.1,0.1,9.75,81.0546875,71.3046875
POINTWISE,deepgini,25,0.2,0.1,19.0,82.421875,63.421875
POINTWISE,deepgini,25,0.3,0.1,29.5,83.59375,54.09375
POINTWISE,deepgini,25,0.4,0.1,39.25,86.328125,47.078125
POINTWISE,deepgini,25,0.5,0.1,49.0,88.28125,39.28125
POINTWISE,deepgini,25,0.6,0.1,58.75,90.234375,31.484375
POINTWISE,deepgini,25,0.7,0.1,68.75,98.828125,30.078125
POINTWISE,deepgini,25,0.8,0.1,78.5,98.6328125,20.1328125
POINTWISE,deepgini,25,0.9,0.1,88.0,98.6328125,10.6328125
POINTWISE,deepgini,30,0.0,0.1,0.0,78.90625,78.90625
POINTWISE,deepgini,30,0.1,0.1,9.75,81.25,71.5
POINTWISE,deepgini,30,0.2,0.1,19.0,97.0703125,78.0703125
POINTWISE,deepgini,30,0.3,0.1,29.5,97.0703125,67.5703125
POINTWISE,deepgini,30,0.4,0.1,39.25,86.5234375,47.2734375
POINTWISE,deepgini,30,0.5,0.1,49.0,88.28125,39.28125
POINTWISE,deepgini,30,0.6,0.1,58.75,90.234375,31.484375
POINTWISE,deepgini,30,0.7,0.1,68.75,98.828125,30.078125
POINTWISE,deepgini,30,0.8,0.1,78.5,98.6328125,20.1328125
POINTWISE,deepgini,30,0.9,0.1,88.0,98.6328125,10.6328125
POINTWISE,dat,20,0.0,0.1,0.0,97.65625,97.65625
POINTWISE,dat,20,0.1,0.1,9.75,97.65625,87.90625
POINTWISE,dat,20,0.2,0.1,19.0,97.265625,78.265625
POINTWISE,dat,20,0.3,0.1,29.5,98.4375,68.9375
POINTWISE,dat,20,0.4,0.1,39.25,98.2421875,58.9921875
POINTWISE,dat,20,0.5,0.1,49.0,98.2421875,49.2421875
POINTWISE,dat,20,0.6,0.1,58.75,99.0234375,40.2734375
POINTWISE,dat,20,0.7,0.1,68.75,98.828125,30.078125
POINTWISE,dat,20,0.8,0.1,78.5,98.828125,20.328125
POINTWISE,dat,20,0.9,0.1,88.0,98.6328125,10.6328125
POINTWISE,dat,25,0.0,0.1,0.0,97.65625,97.65625
POINTWISE,dat,25,0.1,0.1,9.75,97.65625,87.90625
POINTWISE,dat,25,0.2,0.1,19.0,97.265625,78.265625
POINTWISE,dat,25,0.3,0.1,29.5,98.4375,68.9375
POINTWISE,dat,25,0.4,0.1,39.25,98.828125,59.578125
POINTWISE,dat,25,0.5,0.1,49.0,98.828125,49.828125
POINTWISE,dat,25,0.6,0.1,58.75,99.0234375,40.2734375
POINTWISE,dat,25,0.7,0.1,68.75,99.0234375,30.2734375
POINTWISE,dat,25,0.8,0.1,78.5,99.21875,20.71875
POINTWISE,dat,25,0.9,0.1,88.0,98.6328125,10.6328125
POINTWISE,dat,30,0.0,0.1,0.0,97.65625,97.65625
POINTWISE,dat,30,0.1,0.1,9.75,99.0234375,89.2734375
POINTWISE,dat,30,0.2,0.1,19.0,97.265625,78.265625
POINTWISE,dat,30,0.3,0.1,29.5,98.4375,68.9375
POINTWISE,dat,30,0.4,0.1,39.25,98.828125,59.578125
POINTWISE,dat,30,0.5,0.1,49.0,98.828125,49.828125
POINTWISE,dat,30,0.6,0.1,58.75,99.0234375,40.2734375
POINTWISE,dat,30,0.7,0.1,68.75,99.0234375,30.2734375
POINTWISE,dat,30,0.8,0.1,78.5,99.21875,20.71875
POINTWISE,dat,30,0.9,0.1,88.0,98.828125,10.828125
POINTWISE,entropy,20,0.0,0.2,0.0,97.65625,97.65625
POINTWISE,entropy,20,0.1,0.2,9.75,97.65625,87.90625
POINTWISE,entropy,20,0.2,0.2,19.0,97.0703125,78.0703125
POINTWISE,entropy,20,0.3,0.2,29.5,83.59375,54.09375
POINTWISE,entropy,20,0.4,0.2,39.25,98.2421875,58.9921875
POINTWISE,entropy,20,0.5,0.2,49.0,98.2421875,49.2421875
POINTWISE,entropy,20,0.6,0.2,58.75,98.4375,39.6875
POINTWISE,entropy,20,0.7,0.2,68.75,99.0234375,30.2734375
POINTWISE,entropy,20,0.8,0.2,78.5,94.53125,16.03125
POINTWISE,entropy,20,0.9,0.2,88.0,98.6328125,10.6328125
POINTWISE,entropy,25,0.0,0.2,0.0,97.8515625,97.8515625
POINTWISE,entropy,25,0.1,0.2,9.75,97.8515625,88.1015625
POINTWISE,entropy,25,0.2,0.2,19.0,97.265625,78.265625
POINTWISE,entropy,25,0.3,0.2,29.5,97.0703125,67.5703125
POINTWISE,entropy,25,0.4,0.2,39.25,98.2421875,58.9921875
POINTWISE,entropy,25,0.5,0.2,49.0,99.0234375,50.0234375
POINTWISE,entropy,25,0.6,0.2,58.75,99.0234375,40.2734375
POINTWISE,entropy,25,0.7,0.2,68.75,99.21875,30.46875
POINTWISE,entropy,25,0.8,0.2,78.5,99.0234375,20.5234375
POINTWISE,entropy,25,0.9,0.2,88.0,98.828125,10.828125
POINTWISE,entropy,30,0.0,0.2,0.0,99.21875,99.21875
POINTWISE,entropy,30,0.1,0.2,9.75,99.21875,89.46875
POINTWISE,entropy,30,0.2,0.2,19.0,97.265625,78.265625
POINTWISE,entropy,30,0.3,0.2,29.5,97.265625,67.765625
POINTWISE,entropy,30,0.4,0.2,39.25,98.2421875,58.9921875
POINTWISE,entropy,30,0.5,0.2,49.0,99.0234375,50.0234375
POINTWISE,entropy,30,0.6,0.2,58.75,99.0234375,40.2734375
POINTWISE,entropy,30,0.7,0.2,68.75,99.21875,30.46875
POINTWISE,entropy,30,0.8,0.2,78.5,99.21875,20.71875
POINTWISE,entropy,30,0.9,0.2,88.0,99.0234375,11.0234375
POINTWISE,deepgini,20,0.0,0.2,0.0,97.65625,97.65625
POINTWISE,deepgini,20,0.1,0.2,9.75,97.65625,87.90625
POINTWISE,deepgini,20,0.2,0.2,19.0,97.0703125,78.0703125
POINTWISE,deepgini,20,0.3,0.2,29.5,97.0703125,67.5703125
POINTWISE,deepgini,20,0.4,0.2,39.25,98.2421875,58.9921875
POINTWISE,deepgini,20,0.5,0.2,49.0,98.2421875,49.2421875
POINTWISE,deepgini,20,0.6,0.2,58.75,98.2421875,39.4921875
POINTWISE,deepgini,20,0.7,0.2,68.75,98.828125,30.078125
POINTWISE,deepgini,20,0.8,0.2,78.5,98.6328125,20.1328125
POINTWISE,deepgini,20,0.9,0.2,88.0,98.6328125,10.6328125
POINTWISE,deepgini,25,0.0,0.2,0.0,97.65625,97.65625
POINTWISE,deepgini,25,0.1,0.2,9.75,97.65625,87.90625
POINTWISE,deepgini,25,0.2,0.2,19.0,97.265625,78.265625
POINTWISE,deepgini,25,0.3,0.2,29.5,97.265625,67.765625
POINTWISE,deepgini,25,0.4,0.2,39.25,98.2421875,58.9921875
POINTWISE,deepgini,25,0.5,0.2,49.0,98.2421875,49.2421875
POINTWISE,deepgini,25,0.6,0.2,58.75,98.2421875,39.4921875
POINTWISE,deepgini,25,0.7,0.2,68.75,98.828125,30.078125
POINTWISE,deepgini,25,0.8,0.2,78.5,98.828125,20.328125
POINTWISE,deepgini,25,0.9,0.2,88.0,98.6328125,10.6328125
POINTWISE,deepgini,30,0.0,0.2,0.0,97.65625,97.65625
POINTWISE,deepgini,30,0.1,0.2,9.75,97.65625,87.90625
POINTWISE,deepgini,30,0.2,0.2,19.0,97.4609375,78.4609375
POINTWISE,deepgini,30,0.3,0.2,29.5,97.265625,67.765625
POINTWISE,deepgini,30,0.4,0.2,39.25,98.2421875,58.9921875
POINTWISE,deepgini,30,0.5,0.2,49.0,98.2421875,49.2421875
POINTWISE,deepgini,30,0.6,0.2,58.75,98.2421875,39.4921875
POINTWISE,deepgini,30,0.7,0.2,68.75,98.828125,30.078125
POINTWISE,deepgini,30,0.8,0.2,78.5,98.828125,20.328125
POINTWISE,deepgini,30,0.9,0.2,88.0,98.6328125,10.6328125
POINTWISE,dat,20,0.0,0.2,0.0,97.65625,97.65625
POINTWISE,dat,20,0.1,0.2,9.75,97.65625,87.90625
POINTWISE,dat,20,0.2,0.2,19.0,98.4375,79.4375
POINTWISE,dat,20,0.3,0.2,29.5,98.4375,68.9375
POINTWISE,dat,20,0.4,0.2,39.25,98.2421875,58.9921875
POINTWISE,dat,20,0.5,0.2,49.0,98.828125,49.828125
POINTWISE,dat,20,0.6,0.2,58.75,99.0234375,40.2734375
POINTWISE,dat,20,0.7,0.2,68.75,99.21875,30.46875
POINTWISE,dat,20,0.8,0.2,78.5,98.828125,20.328125
POINTWISE,dat,20,0.9,0.2,88.0,98.6328125,10.6328125
POINTWISE,dat,25,0.0,0.2,0.0,97.65625,97.65625
POINTWISE,dat,25,0.1,0.2,9.75,97.8515625,88.1015625
POINTWISE,dat,25,0.2,0.2,19.0,98.6328125,79.6328125
POINTWISE,dat,25,0.3,0.2,29.5,98.4375,68.9375
POINTWISE,dat,25,0.4,0.2,39.25,98.828125,59.578125
POINTWISE,dat,25,0.5,0.2,49.0,99.0234375,50.0234375
POINTWISE,dat,25,0.6,0.2,58.75,99.0234375,40.2734375
POINTWISE,dat,25,0.7,0.2,68.75,99.21875,30.46875
POINTWISE,dat,25,0.8,0.2,78.5,99.21875,20.71875
POINTWISE,dat,25,0.9,0.2,88.0,98.6328125,10.6328125
POINTWISE,dat,30,0.0,0.2,0.0,97.8515625,97.8515625
POINTWISE,dat,30,0.1,0.2,9.75,99.0234375,89.2734375
POINTWISE,dat,30,0.2,0.2,19.0,98.6328125,79.6328125
POINTWISE,dat,30,0.3,0.2,29.5,98.4375,68.9375
POINTWISE,dat,30,0.4,0.2,39.25,98.828125,59.578125
POINTWISE,dat,30,0.5,0.2,49.0,99.0234375,50.0234375
POINTWISE,dat,30,0.6,0.2,58.75,99.0234375,40.2734375
POINTWISE,dat,30,0.7,0.2,68.75,99.21875,30.46875
POINTWISE,dat,30,0.8,0.2,78.5,99.21875,20.71875
POINTWISE,dat,30,0.9,0.2,88.0,98.828125,10.828125
POINTWISE,entropy,20,0.0,0.3,0.0,97.8515625,97.8515625
POINTWISE,entropy,20,0.1,0.3,9.75,97.8515625,88.1015625
POINTWISE,entropy,20,0.2,0.3,19.0,97.4609375,78.4609375
POINTWISE,entropy,20,0.3,0.3,29.5,97.0703125,67.5703125
POINTWISE,entropy,20,0.4,0.3,39.25,98.2421875,58.9921875
POINTWISE,entropy,20,0.5,0.3,49.0,98.2421875,49.2421875
POINTWISE,entropy,20,0.6,0.3,58.75,98.4375,39.6875
POINTWISE,entropy,20,0.7,0.3,68.75,99.0234375,30.2734375
POINTWISE,entropy,20,0.8,0.3,78.5,98.6328125,20.1328125
POINTWISE,entropy,20,0.9,0.3,88.0,98.828125,10.828125
POINTWISE,entropy,25,0.0,0.3,0.0,97.8515625,97.8515625
POINTWISE,entropy,25,0.1,0.3,9.75,97.8515625,88.1015625
POINTWISE,entropy,25,0.2,0.3,19.0,97.4609375,78.4609375
POINTWISE,entropy,25,0.3,0.3,29.5,97.265625,67.765625
POINTWISE,entropy,25,0.4,0.3,39.25,98.2421875,58.9921875
POINTWISE,entropy,25,0.5,0.3,49.0,98.4375,49.4375
POINTWISE,entropy,25,0.6,0.3,58.75,99.0234375,40.2734375
POINTWISE,entropy,25,0.7,0.3,68.75,99.21875,30.46875
POINTWISE,entropy,25,0.8,0.3,78.5,99.21875,20.71875
POINTWISE,entropy,25,0.9,0.3,88.0,98.828125,10.828125
POINTWISE,entropy,30,0.0,0.3,0.0,97.8515625,97.8515625
POINTWISE,entropy,30,0.1,0.3,9.75,98.046875,88.296875
POINTWISE,entropy,30,0.2,0.3,19.0,97.4609375,78.4609375
POINTWISE,entropy,30,0.3,0.3,29.5,97.265625,67.765625
POINTWISE,entropy,30,0.4,0.3,39.25,98.4375,59.1875
POINTWISE,entropy,30,0.5,0.3,49.0,99.0234375,50.0234375
POINTWISE,entropy,30,0.6,0.3,58.75,99.0234375,40.2734375
POINTWISE,entropy,30,0.7,0.3,68.75,99.21875,30.46875
POINTWISE,entropy,30,0.8,0.3,78.5,99.21875,20.71875
POINTWISE,entropy,30,0.9,0.3,88.0,99.0234375,11.0234375
POINTWISE,deepgini,20,0.0,0.3,0.0,97.65625,97.65625
POINTWISE,deepgini,20,0.1,0.3,9.75,97.65625,87.90625
POINTWISE,deepgini,20,0.2,0.3,19.0,97.4609375,78.4609375
POINTWISE,deepgini,20,0.3,0.3,29.5,97.265625,67.765625
POINTWISE,deepgini,20,0.4,0.3,39.25,98.2421875,58.9921875
POINTWISE,deepgini,20,0.5,0.3,49.0,98.2421875,49.2421875
POINTWISE,deepgini,20,0.6,0.3,58.75,98.2421875,39.4921875
POINTWISE,deepgini,20,0.7,0.3,68.75,98.828125,30.078125
POINTWISE,deepgini,20,0.8,0.3,78.5,98.6328125,20.1328125
POINTWISE,deepgini,20,0.9,0.3,88.0,98.6328125,10.6328125
POINTWISE,deepgini,25,0.0,0.3,0.0,97.65625,97.65625
POINTWISE,deepgini,25,0.1,0.3,9.75,97.65625,87.90625
POINTWISE,deepgini,25,0.2,0.3,19.0,97.4609375,78.4609375
POINTWISE,deepgini,25,0.3,0.3,29.5,97.265625,67.765625
POINTWISE,deepgini,25,0.4,0.3,39.25,98.2421875,58.9921875
POINTWISE,deepgini,25,0.5,0.3,49.0,98.2421875,49.2421875
POINTWISE,deepgini,25,0.6,0.3,58.75,98.2421875,39.4921875
POINTWISE,deepgini,25,0.7,0.3,68.75,99.0234375,30.2734375
POINTWISE,deepgini,25,0.8,0.3,78.5,98.828125,20.328125
POINTWISE,deepgini,25,0.9,0.3,88.0,98.6328125,10.6328125
POINTWISE,deepgini,30,0.0,0.3,0.0,97.8515625,97.8515625
POINTWISE,deepgini,30,0.1,0.3,9.75,97.8515625,88.1015625
POINTWISE,deepgini,30,0.2,0.3,19.0,97.4609375,78.4609375
POINTWISE,deepgini,30,0.3,0.3,29.5,97.265625,67.765625
POINTWISE,deepgini,30,0.4,0.3,39.25,98.2421875,58.9921875
POINTWISE,deepgini,30,0.5,0.3,49.0,98.2421875,49.2421875
POINTWISE,deepgini,30,0.6,0.3,58.75,99.0234375,40.2734375
POINTWISE,deepgini,30,0.7,0.3,68.75,99.21875,30.46875
POINTWISE,deepgini,30,0.8,0.3,78.5,98.828125,20.328125
POINTWISE,deepgini,30,0.9,0.3,88.0,98.828125,10.828125
POINTWISE,dat,20,0.0,0.3,0.0,97.65625,97.65625
POINTWISE,dat,20,0.1,0.3,9.75,97.65625,87.90625
POINTWISE,dat,20,0.2,0.3,19.0,98.6328125,79.6328125
POINTWISE,dat,20,0.3,0.3,29.5,98.4375,68.9375
POINTWISE,dat,20,0.4,0.3,39.25,98.2421875,58.9921875
POINTWISE,dat,20,0.5,0.3,49.0,98.828125,49.828125
POINTWISE,dat,20,0.6,0.3,58.75,99.0234375,40.2734375
POINTWISE,dat,20,0.7,0.3,68.75,99.21875,30.46875
POINTWISE,dat,20,0.8,0.3,78.5,98.828125,20.328125
POINTWISE,dat,20,0.9,0.3,88.0,98.6328125,10.6328125
POINTWISE,dat,25,0.0,0.3,0.0,97.8515625,97.8515625
POINTWISE,dat,25,0.1,0.3,9.75,97.8515625,88.1015625
POINTWISE,dat,25,0.2,0.3,19.0,98.6328125,79.6328125
POINTWISE,dat,25,0.3,0.3,29.5,98.4375,68.9375
POINTWISE,dat,25,0.4,0.3,39.25,98.828125,59.578125
POINTWISE,dat,25,0.5,0.3,49.0,99.0234375,50.0234375
POINTWISE,dat,25,0.6,0.3,58.75,99.0234375,40.2734375
POINTWISE,dat,25,0.7,0.3,68.75,99.21875,30.46875
POINTWISE,dat,25,0.8,0.3,78.5,99.21875,20.71875
POINTWISE,dat,25,0.9,0.3,88.0,98.6328125,10.6328125
POINTWISE,dat,30,0.0,0.3,0.0,97.8515625,97.8515625
POINTWISE,dat,30,0.1,0.3,9.75,99.0234375,89.2734375
POINTWISE,dat,30,0.2,0.3,19.0,98.6328125,79.6328125
POINTWISE,dat,30,0.3,0.3,29.5,98.4375,68.9375
POINTWISE,dat,30,0.4,0.3,39.25,98.828125,59.578125
POINTWISE,dat,30,0.5,0.3,49.0,99.0234375,50.0234375
POINTWISE,dat,30,0.6,0.3,58.75,99.0234375,40.2734375
POINTWISE,dat,30,0.7,0.3,68.75,99.21875,30.46875
POINTWISE,dat,30,0.8,0.3,78.5,99.21875,20.71875
POINTWISE,dat,30,0.9,0.3,88.0,98.828125,10.828125
fgsm,entropy,20,1.0,0.1,98.0,98.828125,0.828125
fgsm,entropy,25,1.0,0.1,98.0,98.828125,0.828125
fgsm,entropy,30,1.0,0.1,98.0,98.828125,0.828125
fgsm,deepgini,20,1.0,0.1,98.0,98.828125,0.828125
fgsm,deepgini,25,1.0,0.1,98.0,98.828125,0.828125
fgsm,deepgini,30,1.0,0.1,98.0,98.828125,0.828125
fgsm,entropy,20,1.0,0.2,98.0,98.828125,0.828125
fgsm,entropy,25,1.0,0.2,98.0,99.0234375,1.0234375
fgsm,entropy,30,1.0,0.2,98.0,99.21875,1.21875
fgsm,deepgini,20,1.0,0.2,98.0,98.828125,0.828125
fgsm,deepgini,25,1.0,0.2,98.0,98.828125,0.828125
fgsm,deepgini,30,1.0,0.2,98.0,98.828125,0.828125
fgsm,entropy,20,1.0,0.3,98.0,98.828125,0.828125
fgsm,entropy,25,1.0,0.3,98.0,99.21875,1.21875
fgsm,entropy,30,1.0,0.3,98.0,99.21875,1.21875
fgsm,deepgini,20,1.0,0.3,98.0,98.828125,0.828125
fgsm,deepgini,25,1.0,0.3,98.0,98.828125,0.828125
fgsm,deepgini,30,1.0,0.3,98.0,98.828125,0.828125
GDKDE,entropy,20,1.0,0.1,98.0,98.828125,0.828125
GDKDE,entropy,25,1.0,0.1,98.0,98.828125,0.828125
GDKDE,entropy,30,1.0,0.1,98.0,98.828125,0.828125
GDKDE,deepgini,20,1.0,0.1,98.0,98.828125,0.828125
GDKDE,deepgini,25,1.0,0.1,98.0,98.828125,0.828125
GDKDE,deepgini,30,1.0,0.1,98.0,98.828125,0.828125
GDKDE,entropy,20,1.0,0.2,98.0,98.828125,0.828125
GDKDE,entropy,25,1.0,0.2,98.0,99.0234375,1.0234375
GDKDE,entropy,30,1.0,0.2,98.0,99.21875,1.21875
GDKDE,deepgini,20,1.0,0.2,98.0,98.828125,0.828125
GDKDE,deepgini,25,1.0,0.2,98.0,98.828125,0.828125
GDKDE,deepgini,30,1.0,0.2,98.0,98.828125,0.828125
GDKDE,entropy,20,1.0,0.3,98.0,98.828125,0.828125
GDKDE,entropy,25,1.0,0.3,98.0,99.21875,1.21875
GDKDE,entropy,30,1.0,0.3,98.0,99.21875,1.21875
GDKDE,deepgini,20,1.0,0.3,98.0,98.828125,0.828125
GDKDE,deepgini,25,1.0,0.3,98.0,98.828125,0.828125
GDKDE,deepgini,30,1.0,0.3,98.0,98.828125,0.828125
MIMICRY,entropy,20,1.0,0.1,98.0,98.828125,0.828125
MIMICRY,entropy,25,1.0,0.1,98.0,98.828125,0.828125
MIMICRY,entropy,30,1.0,0.1,98.0,98.828125,0.828125
MIMICRY,deepgini,20,1.0,0.1,98.0,98.828125,0.828125
MIMICRY,deepgini,25,1.0,0.1,98.0,98.828125,0.828125
MIMICRY,deepgini,30,1.0,0.1,98.0,98.828125,0.828125
MIMICRY,entropy,20,1.0,0.2,98.0,98.828125,0.828125
MIMICRY,entropy,25,1.0,0.2,98.0,99.0234375,1.0234375
MIMICRY,entropy,30,1.0,0.2,98.0,99.21875,1.21875
MIMICRY,deepgini,20,1.0,0.2,98.0,98.828125,0.828125
MIMICRY,deepgini,25,1.0,0.2,98.0,98.828125,0.828125
MIMICRY,deepgini,30,1.0,0.2,98.0,98.828125,0.828125
MIMICRY,entropy,20,1.0,0.3,98.0,98.828125,0.828125
MIMICRY,entropy,25,1.0,0.3,98.0,99.21875,1.21875
MIMICRY,entropy,30,1.0,0.3,98.0,99.21875,1.21875
MIMICRY,deepgini,20,1.0,0.3,98.0,98.828125,0.828125
MIMICRY,deepgini,25,1.0,0.3,98.0,98.828125,0.828125
MIMICRY,deepgini,30,1.0,0.3,98.0,98.828125,0.828125
POINTWISE,entropy,20,1.0,0.1,98.0,98.828125,0.828125
POINTWISE,entropy,25,1.0,0.1,98.0,98.828125,0.828125
POINTWISE,entropy,30,1.0,0.1,98.0,98.828125,0.828125
POINTWISE,deepgini,20,1.0,0.1,98.0,98.828125,0.828125
POINTWISE,deepgini,25,1.0,0.1,98.0,98.828125,0.828125
POINTWISE,deepgini,30,1.0,0.1,98.0,98.828125,0.828125
POINTWISE,entropy,20,1.0,0.2,98.0,98.828125,0.828125
POINTWISE,entropy,25,1.0,0.2,98.0,99.0234375,1.0234375
POINTWISE,entropy,30,1.0,0.2,98.0,99.21875,1.21875
POINTWISE,deepgini,20,1.0,0.2,98.0,98.828125,0.828125
POINTWISE,deepgini,25,1.0,0.2,98.0,98.828125,0.828125
POINTWISE,deepgini,30,1.0,0.2,98.0,98.828125,0.828125
POINTWISE,entropy,20,1.0,0.3,98.0,98.828125,0.828125
POINTWISE,entropy,25,1.0,0.3,98.0,99.21875,1.21875
POINTWISE,entropy,30,1.0,0.3,98.0,99.21875,1.21875
POINTWISE,deepgini,20,1.0,0.3,98.0,98.828125,0.828125
POINTWISE,deepgini,25,1.0,0.3,98.0,98.828125,0.828125
POINTWISE,deepgini,30,1.0,0.3,98.0,98.828125,0.828125
fgsm,none,20,0.0,1.0,38.75,98.828125,60.078125
fgsm,none,20,0.1,1.0,43.25,99.21875,55.96875
fgsm,none,20,0.2,1.0,48.0,98.828125,50.828125
fgsm,none,20,0.3,1.0,54.25,99.0234375,44.7734375
fgsm,none,20,0.4,1.0,61.25000000000001,99.21875,37.96874999999999
fgsm,none,20,0.5,1.0,66.75,99.21875,32.46875
fgsm,none,20,0.6,1.0,72.75,99.0234375,26.2734375
fgsm,none,20,0.7,1.0,78.25,99.21875,20.96875
fgsm,none,20,0.8,1.0,85.0,99.4140625,14.4140625
fgsm,none,20,0.9,1.0,90.75,99.4140625,8.6640625
fgsm,none,20,1.0,1.0,98.0,99.4140625,1.4140625
fgsm,none,25,0.0,1.0,38.75,99.21875,60.46875
fgsm,none,25,0.1,1.0,43.25,99.21875,55.96875
fgsm,none,25,0.2,1.0,48.0,98.828125,50.828125
fgsm,none,25,0.3,1.0,54.25,99.21875,44.96875
fgsm,none,25,0.4,1.0,61.25000000000001,99.609375,38.35937499999999
fgsm,none,25,0.5,1.0,66.75,99.21875,32.46875
fgsm,none,25,0.6,1.0,72.75,99.0234375,26.2734375
fgsm,none,25,0.7,1.0,78.25,99.21875,20.96875
fgsm,none,25,0.8,1.0,85.0,99.4140625,14.4140625
fgsm,none,25,0.9,1.0,90.75,99.4140625,8.6640625
fgsm,none,25,1.0,1.0,98.0,99.609375,1.609375
fgsm,none,30,0.0,1.0,38.75,99.21875,60.46875
fgsm,none,30,0.1,1.0,43.25,99.21875,55.96875
fgsm,none,30,0.2,1.0,48.0,98.828125,50.828125
fgsm,none,30,0.3,1.0,54.25,99.21875,44.96875
fgsm,none,30,0.4,1.0,61.25000000000001,99.609375,38.35937499999999
fgsm,none,30,0.5,1.0,66.75,99.21875,32.46875
fgsm,none,30,0.6,1.0,72.75,99.0234375,26.2734375
fgsm,none,30,0.7,1.0,78.25,99.21875,20.96875
fgsm,none,30,0.8,1.0,85.0,99.4140625,14.4140625
fgsm,none,30,0.9,1.0,90.75,99.4140625,8.6640625
fgsm,none,30,1.0,1.0,98.0,99.609375,1.609375
GDKDE,none,20,0.0,1.0,1.0,100.0,99.0
GDKDE,none,20,0.1,1.0,10.75,100.0,89.25
GDKDE,none,20,0.2,1.0,19.5,99.609375,80.109375
GDKDE,none,20,0.3,1.0,29.75,99.21875,69.46875
GDKDE,none,20,0.4,1.0,39.5,99.609375,60.109375
GDKDE,none,20,0.5,1.0,49.25,99.609375,50.359375
GDKDE,none,20,0.6,1.0,58.75,99.8046875,41.0546875
GDKDE,none,20,0.7,1.0,68.75,100.0,31.25
GDKDE,none,20,0.8,1.0,78.5,100.0,21.5
GDKDE,none,20,0.9,1.0,88.0,99.609375,11.609375
GDKDE,none,20,1.0,1.0,98.0,99.4140625,1.4140625
GDKDE,none,25,0.0,1.0,1.0,100.0,99.0
GDKDE,none,25,0.1,1.0,10.75,100.0,89.25
GDKDE,none,25,0.2,1.0,19.5,99.609375,80.109375
GDKDE,none,25,0.3,1.0,29.75,99.21875,69.46875
GDKDE,none,25,0.4,1.0,39.5,99.609375,60.109375
GDKDE,none,25,0.5,1.0,49.25,99.609375,50.359375
GDKDE,none,25,0.6,1.0,58.75,100.0,41.25
GDKDE,none,25,0.7,1.0,68.75,100.0,31.25
GDKDE,none,25,0.8,1.0,78.5,100.0,21.5
GDKDE,none,25,0.9,1.0,88.0,99.609375,11.609375
GDKDE,none,25,1.0,1.0,98.0,99.609375,1.609375
GDKDE,none,30,0.0,1.0,1.0,100.0,99.0
GDKDE,none,30,0.1,1.0,10.75,100.0,89.25
GDKDE,none,30,0.2,1.0,19.5,99.609375,80.109375
GDKDE,none,30,0.3,1.0,29.75,99.21875,69.46875
GDKDE,none,30,0.4,1.0,39.5,99.609375,60.109375
GDKDE,none,30,0.5,1.0,49.25,99.609375,50.359375
GDKDE,none,30,0.6,1.0,58.75,100.0,41.25
GDKDE,none,30,0.7,1.0,68.75,100.0,31.25
GDKDE,none,30,0.8,1.0,78.5,100.0,21.5
GDKDE,none,30,0.9,1.0,88.0,99.609375,11.609375
GDKDE,none,30,1.0,1.0,98.0,99.609375,1.609375
MIMICRY,none,20,0.0,1.0,0.25,100.0,99.75
MIMICRY,none,20,0.1,1.0,10.0,100.0,90.0
MIMICRY,none,20,0.2,1.0,19.25,99.609375,80.359375
MIMICRY,none,20,0.3,1.0,29.75,99.609375,69.859375
MIMICRY,none,20,0.4,1.0,39.5,100.0,60.5
MIMICRY,none,20,0.5,1.0,49.25,99.609375,50.359375
MIMICRY,none,20,0.6,1.0,59.0,98.4375,39.4375
MIMICRY,none,20,0.7,1.0,69.0,99.609375,30.609375
MIMICRY,none,20,0.8,1.0,78.75,100.0,21.25
MIMICRY,none,20,0.9,1.0,88.0,99.21875,11.21875
MIMICRY,none,20,1.0,1.0,98.0,99.4140625,1.4140625
MIMICRY,none,25,0.0,1.0,0.25,100.0,99.75
MIMICRY,none,25,0.1,1.0,10.0,100.0,90.0
MIMICRY,none,25,0.2,1.0,19.25,99.609375,80.359375
MIMICRY,none,25,0.3,1.0,29.75,99.609375,69.859375
MIMICRY,none,25,0.4,1.0,39.5,100.0,60.5
MIMICRY,none,25,0.5,1.0,49.25,100.0,50.75
MIMICRY,none,25,0.6,1.0,59.0,98.6328125,39.6328125
MIMICRY,none,25,0.7,1.0,69.0,99.609375,30.609375
MIMICRY,none,25,0.8,1.0,78.75,100.0,21.25
MIMICRY,none,25,0.9,1.0,88.0,99.21875,11.21875
MIMICRY,none,25,1.0,1.0,98.0,99.609375,1.609375
MIMICRY,none,30,0.0,1.0,0.25,100.0,99.75
MIMICRY,none,30,0.1,1.0,10.0,100.0,90.0
MIMICRY,none,30,0.2,1.0,19.25,99.609375,80.359375
MIMICRY,none,30,0.3,1.0,29.75,99.609375,69.859375
MIMICRY,none,30,0.4,1.0,39.5,100.0,60.5
MIMICRY,none,30,0.5,1.0,49.25,100.0,50.75
MIMICRY,none,30,0.6,1.0,59.0,99.0234375,40.0234375
MIMICRY,none,30,0.7,1.0,69.0,99.609375,30.609375
MIMICRY,none,30,0.8,1.0,78.75,100.0,21.25
MIMICRY,none,30,0.9,1.0,88.0,99.21875,11.21875
MIMICRY,none,30,1.0,1.0,98.0,99.609375,1.609375
POINTWISE,none,20,0.0,1.0,0.0,99.4140625,99.4140625
POINTWISE,none,20,0.1,1.0,9.75,99.4140625,89.6640625
POINTWISE,none,20,0.2,1.0,19.0,98.828125,79.828125
POINTWISE,none,20,0.3,1.0,29.5,98.6328125,69.1328125
POINTWISE,none,20,0.4,1.0,39.25,99.21875,59.96875
POINTWISE,none,20,0.5,1.0,49.0,99.21875,50.21875
POINTWISE,none,20,0.6,1.0,58.75,99.4140625,40.6640625
POINTWISE,none,20,0.7,1.0,68.75,99.4140625,30.6640625
POINTWISE,none,20,0.8,1.0,78.5,99.8046875,21.3046875
POINTWISE,none,20,0.9,1.0,88.0,99.4140625,11.4140625
POINTWISE,none,20,1.0,1.0,98.0,99.4140625,1.4140625
POINTWISE,none,25,0.0,1.0,0.0,99.4140625,99.4140625
POINTWISE,none,25,0.1,1.0,9.75,99.4140625,89.6640625
POINTWISE,none,25,0.2,1.0,19.0,98.828125,79.828125
POINTWISE,none,25,0.3,1.0,29.5,98.6328125,69.1328125
POINTWISE,none,25,0.4,1.0,39.25,99.21875,59.96875
POINTWISE,none,25,0.5,1.0,49.0,99.21875,50.21875
POINTWISE,none,25,0.6,1.0,58.75,99.4140625,40.6640625
POINTWISE,none,25,0.7,1.0,68.75,99.4140625,30.6640625
POINTWISE,none,25,0.8,1.0,78.5,99.8046875,21.3046875
POINTWISE,none,25,0.9,1.0,88.0,99.4140625,11.4140625
POINTWISE,none,25,1.0,1.0,98.0,99.609375,1.609375
POINTWISE,none,30,0.0,1.0,0.0,99.4140625,99.4140625
POINTWISE,none,30,0.1,1.0,9.75,99.4140625,89.6640625
POINTWISE,none,30,0.2,1.0,19.0,98.828125,79.828125
POINTWISE,none,30,0.3,1.0,29.5,98.6328125,69.1328125
POINTWISE,none,30,0.4,1.0,39.25,99.21875,59.96875
POINTWISE,none,30,0.5,1.0,49.0,99.21875,50.21875
POINTWISE,none,30,0.6,1.0,58.75,99.4140625,40.6640625
POINTWISE,none,30,0.7,1.0,68.75,99.4140625,30.6640625
POINTWISE,none,30,0.8,1.0,78.5,99.8046875,21.3046875
POINTWISE,none,30,0.9,1.0,88.0,99.4140625,11.4140625
POINTWISE,none,30,1.0,1.0,98.0,99.609375,1.609375
