selection_metric,epochs,id_ratio,budget,original_acc,retrain_acc,acc_improvement
entropy,5,0.0,0.01,69.475,73.8037109375,4.328710937500006
entropy,5,0.1,0.01,72.675,73.1689453125,0.49394531250000284
entropy,5,0.2,0.01,76.0,76.0009765625,0.0009765625
entropy,5,0.3,0.01,79.025,78.955078125,-0.06992187500000568
entropy,5,0.4,0.01,81.975,82.080078125,0.10507812500000568
entropy,5,0.5,0.01,85.0,84.912109375,-0.087890625
entropy,5,0.6,0.01,88.0,88.0615234375,0.0615234375
entropy,5,0.7,0.01,90.9,90.8935546875,-0.006445312500005684
entropy,5,0.8,0.01,93.675,93.5546875,-0.12031249999999716
entropy,5,0.9,0.01,96.525,96.484375,-0.040625000000005684
entropy,10,0.0,0.01,69.475,74.951171875,5.476171875000006
entropy,10,0.1,0.01,72.675,73.2666015625,0.5916015625000028
entropy,10,0.2,0.01,76.0,76.0009765625,0.0009765625
entropy,10,0.3,0.01,79.025,78.955078125,-0.06992187500000568
entropy,10,0.4,0.01,81.975,82.080078125,0.10507812500000568
entropy,10,0.5,0.01,85.0,84.912109375,-0.087890625
entropy,10,0.6,0.01,88.0,88.0615234375,0.0615234375
entropy,10,0.7,0.01,90.9,90.8935546875,-0.006445312500005684
entropy,10,0.8,0.01,93.675,93.5546875,-0.12031249999999716
entropy,10,0.9,0.01,96.525,96.484375,-0.040625000000005684
entropy,15,0.0,0.01,69.475,75.048828125,5.573828125000006
entropy,15,0.1,0.01,72.675,73.2666015625,0.5916015625000028
entropy,15,0.2,0.01,76.0,76.0009765625,0.0009765625
entropy,15,0.3,0.01,79.025,78.955078125,-0.06992187500000568
entropy,15,0.4,0.01,81.975,82.080078125,0.10507812500000568
entropy,15,0.5,0.01,85.0,84.912109375,-0.087890625
entropy,15,0.6,0.01,88.0,88.0615234375,0.0615234375
entropy,15,0.7,0.01,90.9,90.8935546875,-0.006445312500005684
entropy,15,0.8,0.01,93.675,93.5546875,-0.12031249999999716
entropy,15,0.9,0.01,96.525,96.484375,-0.040625000000005684
entropy,20,0.0,0.01,69.475,75.3173828125,5.842382812500006
entropy,20,0.1,0.01,72.675,73.2666015625,0.5916015625000028
entropy,20,0.2,0.01,76.0,76.0009765625,0.0009765625
entropy,20,0.3,0.01,79.025,78.955078125,-0.06992187500000568
entropy,20,0.4,0.01,81.975,82.080078125,0.10507812500000568
entropy,20,0.5,0.01,85.0,84.912109375,-0.087890625
entropy,20,0.6,0.01,88.0,88.0615234375,0.0615234375
entropy,20,0.7,0.01,90.9,90.8935546875,-0.006445312500005684
entropy,20,0.8,0.01,93.675,93.5546875,-0.12031249999999716
entropy,20,0.9,0.01,96.525,96.484375,-0.040625000000005684
entropy,25,0.0,0.01,69.475,75.3173828125,5.842382812500006
entropy,25,0.1,0.01,72.675,73.2666015625,0.5916015625000028
entropy,25,0.2,0.01,76.0,76.0009765625,0.0009765625
entropy,25,0.3,0.01,79.025,78.955078125,-0.06992187500000568
entropy,25,0.4,0.01,81.975,82.080078125,0.10507812500000568
entropy,25,0.5,0.01,85.0,84.912109375,-0.087890625
entropy,25,0.6,0.01,88.0,88.0615234375,0.0615234375
entropy,25,0.7,0.01,90.9,90.8935546875,-0.006445312500005684
entropy,25,0.8,0.01,93.675,93.5546875,-0.12031249999999716
entropy,25,0.9,0.01,96.525,96.484375,-0.040625000000005684
entropy,30,0.0,0.01,69.475,75.3173828125,5.842382812500006
entropy,30,0.1,0.01,72.675,73.2666015625,0.5916015625000028
entropy,30,0.2,0.01,76.0,76.0009765625,0.0009765625
entropy,30,0.3,0.01,79.025,78.955078125,-0.06992187500000568
entropy,30,0.4,0.01,81.975,82.080078125,0.10507812500000568
entropy,30,0.5,0.01,85.0,84.912109375,-0.087890625
entropy,30,0.6,0.01,88.0,88.0615234375,0.0615234375
entropy,30,0.7,0.01,90.9,90.8935546875,-0.006445312500005684
entropy,30,0.8,0.01,93.675,93.5546875,-0.12031249999999716
entropy,30,0.9,0.01,96.525,96.484375,-0.040625000000005684
entropy,5,0.0,0.03,69.475,75.439453125,5.964453125000006
entropy,5,0.1,0.03,72.675,76.9775390625,4.302539062500003
entropy,5,0.2,0.03,76.0,78.02734375,2.02734375
entropy,5,0.3,0.03,79.025,78.955078125,-0.06992187500000568
entropy,5,0.4,0.03,81.975,84.814453125,2.8394531250000057
entropy,5,0.5,0.03,85.0,84.912109375,-0.087890625
entropy,5,0.6,0.03,88.0,88.0615234375,0.0615234375
entropy,5,0.7,0.03,90.9,90.8935546875,-0.006445312500005684
entropy,5,0.8,0.03,93.675,93.5546875,-0.12031249999999716
entropy,5,0.9,0.03,96.525,96.484375,-0.040625000000005684
entropy,10,0.0,0.03,69.475,78.90625,9.431250000000006
entropy,10,0.1,0.03,72.675,78.369140625,5.694140625000003
entropy,10,0.2,0.03,76.0,80.5908203125,4.5908203125
entropy,10,0.3,0.03,79.025,78.955078125,-0.06992187500000568
entropy,10,0.4,0.03,81.975,86.81640625,4.841406250000006
entropy,10,0.5,0.03,85.0,84.912109375,-0.087890625
entropy,10,0.6,0.03,88.0,88.0615234375,0.0615234375
entropy,10,0.7,0.03,90.9,90.8935546875,-0.006445312500005684
entropy,10,0.8,0.03,93.675,93.5546875,-0.12031249999999716
entropy,10,0.9,0.03,96.525,96.484375,-0.040625000000005684
entropy,15,0.0,0.03,69.475,80.7861328125,11.311132812500006
entropy,15,0.1,0.03,72.675,79.19921875,6.524218750000003
entropy,15,0.2,0.03,76.0,82.2265625,6.2265625
entropy,15,0.3,0.03,79.025,78.955078125,-0.06992187500000568
entropy,15,0.4,0.03,81.975,88.3544921875,6.379492187500006
entropy,15,0.5,0.03,85.0,84.912109375,-0.087890625
entropy,15,0.6,0.03,88.0,88.0615234375,0.0615234375
entropy,15,0.7,0.03,90.9,90.8935546875,-0.006445312500005684
entropy,15,0.8,0.03,93.675,93.5546875,-0.12031249999999716
entropy,15,0.9,0.03,96.525,96.484375,-0.040625000000005684
entropy,20,0.0,0.03,69.475,81.15234375,11.677343750000006
entropy,20,0.1,0.03,72.675,80.126953125,7.451953125000003
entropy,20,0.2,0.03,76.0,83.49609375,7.49609375
entropy,20,0.3,0.03,79.025,78.955078125,-0.06992187500000568
entropy,20,0.4,0.03,81.975,88.916015625,6.941015625000006
entropy,20,0.5,0.03,85.0,84.912109375,-0.087890625
entropy,20,0.6,0.03,88.0,88.0615234375,0.0615234375
entropy,20,0.7,0.03,90.9,90.8935546875,-0.006445312500005684
entropy,20,0.8,0.03,93.675,93.5546875,-0.12031249999999716
entropy,20,0.9,0.03,96.525,96.484375,-0.040625000000005684
entropy,25,0.0,0.03,69.475,81.1767578125,11.701757812500006
entropy,25,0.1,0.03,72.675,80.126953125,7.451953125000003
entropy,25,0.2,0.03,76.0,83.984375,7.984375
entropy,25,0.3,0.03,79.025,79.443359375,0.4183593749999943
entropy,25,0.4,0.03,81.975,89.4287109375,7.453710937500006
entropy,25,0.5,0.03,85.0,84.912109375,-0.087890625
entropy,25,0.6,0.03,88.0,88.0615234375,0.0615234375
entropy,25,0.7,0.03,90.9,91.064453125,0.16445312499999432
entropy,25,0.8,0.03,93.675,93.5546875,-0.12031249999999716
entropy,25,0.9,0.03,96.525,96.484375,-0.040625000000005684
entropy,30,0.0,0.03,69.475,81.1767578125,11.701757812500006
entropy,30,0.1,0.03,72.675,80.126953125,7.451953125000003
entropy,30,0.2,0.03,76.0,84.1064453125,8.1064453125
entropy,30,0.3,0.03,79.025,80.126953125,1.1019531249999943
entropy,30,0.4,0.03,81.975,89.697265625,7.722265625000006
entropy,30,0.5,0.03,85.0,84.912109375,-0.087890625
entropy,30,0.6,0.03,88.0,88.0615234375,0.0615234375
entropy,30,0.7,0.03,90.9,91.357421875,0.4574218749999943
entropy,30,0.8,0.03,93.675,93.5546875,-0.12031249999999716
entropy,30,0.9,0.03,96.525,96.484375,-0.040625000000005684
entropy,5,0.0,0.05,69.475,80.859375,11.384375000000006
entropy,5,0.1,0.05,72.675,82.2265625,9.551562500000003
entropy,5,0.2,0.05,76.0,83.6181640625,7.6181640625
entropy,5,0.3,0.05,79.025,83.154296875,4.129296874999994
entropy,5,0.4,0.05,81.975,86.03515625,4.060156250000006
entropy,5,0.5,0.05,85.0,87.841796875,2.841796875
entropy,5,0.6,0.05,88.0,88.0615234375,0.0615234375
entropy,5,0.7,0.05,90.9,90.8935546875,-0.006445312500005684
entropy,5,0.8,0.05,93.675,93.5546875,-0.12031249999999716
entropy,5,0.9,0.05,96.525,96.484375,-0.040625000000005684
entropy,10,0.0,0.05,69.475,84.130859375,14.655859375000006
entropy,10,0.1,0.05,72.675,84.8876953125,12.212695312500003
entropy,10,0.2,0.05,76.0,87.0361328125,11.0361328125
entropy,10,0.3,0.05,79.025,85.3515625,6.326562499999994
entropy,10,0.4,0.05,81.975,87.890625,5.915625000000006
entropy,10,0.5,0.05,85.0,89.4775390625,4.4775390625
entropy,10,0.6,0.05,88.0,88.0615234375,0.0615234375
entropy,10,0.7,0.05,90.9,90.8935546875,-0.006445312500005684
entropy,10,0.8,0.05,93.675,93.5546875,-0.12031249999999716
entropy,10,0.9,0.05,96.525,96.484375,-0.040625000000005684
entropy,15,0.0,0.05,69.475,85.0830078125,15.608007812500006
entropy,15,0.1,0.05,72.675,85.2294921875,12.554492187500003
entropy,15,0.2,0.05,76.0,87.9638671875,11.9638671875
entropy,15,0.3,0.05,79.025,85.83984375,6.814843749999994
entropy,15,0.4,0.05,81.975,88.623046875,6.648046875000006
entropy,15,0.5,0.05,85.0,90.283203125,5.283203125
entropy,15,0.6,0.05,88.0,88.0615234375,0.0615234375
entropy,15,0.7,0.05,90.9,90.8935546875,-0.006445312500005684
entropy,15,0.8,0.05,93.675,93.5546875,-0.12031249999999716
entropy,15,0.9,0.05,96.525,96.484375,-0.040625000000005684
entropy,20,0.0,0.05,69.475,85.6201171875,16.145117187500006
entropy,20,0.1,0.05,72.675,85.5224609375,12.847460937500003
entropy,20,0.2,0.05,76.0,88.4765625,12.4765625
entropy,20,0.3,0.05,79.025,86.0107421875,6.985742187499994
entropy,20,0.4,0.05,81.975,88.8427734375,6.867773437500006
entropy,20,0.5,0.05,85.0,90.5029296875,5.5029296875
entropy,20,0.6,0.05,88.0,88.0615234375,0.0615234375
entropy,20,0.7,0.05,90.9,90.8935546875,-0.006445312500005684
entropy,20,0.8,0.05,93.675,93.5546875,-0.12031249999999716
entropy,20,0.9,0.05,96.525,96.484375,-0.040625000000005684
entropy,25,0.0,0.05,69.475,86.6455078125,17.170507812500006
entropy,25,0.1,0.05,72.675,86.4990234375,13.824023437500003
entropy,25,0.2,0.05,76.0,88.76953125,12.76953125
entropy,25,0.3,0.05,79.025,86.1083984375,7.083398437499994
entropy,25,0.4,0.05,81.975,88.8916015625,6.916601562500006
entropy,25,0.5,0.05,85.0,90.6005859375,5.6005859375
entropy,25,0.6,0.05,88.0,88.0615234375,0.0615234375
entropy,25,0.7,0.05,90.9,90.8935546875,-0.006445312500005684
entropy,25,0.8,0.05,93.675,93.5546875,-0.12031249999999716
entropy,25,0.9,0.05,96.525,96.484375,-0.040625000000005684
entropy,30,0.0,0.05,69.475,87.3291015625,17.854101562500006
entropy,30,0.1,0.05,72.675,87.5,14.825000000000003
entropy,30,0.2,0.05,76.0,89.2333984375,13.2333984375
entropy,30,0.3,0.05,79.025,86.1083984375,7.083398437499994
entropy,30,0.4,0.05,81.975,88.916015625,6.941015625000006
entropy,30,0.5,0.05,85.0,90.6494140625,5.6494140625
entropy,30,0.6,0.05,88.0,88.0615234375,0.0615234375
entropy,30,0.7,0.05,90.9,90.8935546875,-0.006445312500005684
entropy,30,0.8,0.05,93.675,93.5546875,-0.12031249999999716
entropy,30,0.9,0.05,96.525,96.484375,-0.040625000000005684
entropy,5,0.0,0.1,69.475,84.9853515625,15.510351562500006
entropy,5,0.1,0.1,72.675,86.5478515625,13.872851562500003
entropy,5,0.2,0.1,76.0,88.76953125,12.76953125
entropy,5,0.3,0.1,79.025,90.3564453125,11.331445312499994
entropy,5,0.4,0.1,81.975,90.5029296875,8.527929687500006
entropy,5,0.5,0.1,85.0,90.33203125,5.33203125
entropy,5,0.6,0.1,88.0,88.5986328125,0.5986328125
entropy,5,0.7,0.1,90.9,91.2109375,0.3109374999999943
entropy,5,0.8,0.1,93.675,93.5791015625,-0.09589843749999716
entropy,5,0.9,0.1,96.525,96.484375,-0.040625000000005684
entropy,10,0.0,0.1,69.475,86.328125,16.853125000000006
entropy,10,0.1,0.1,72.675,87.7685546875,15.093554687500003
entropy,10,0.2,0.1,76.0,90.673828125,14.673828125
entropy,10,0.3,0.1,79.025,91.3330078125,12.308007812499994
entropy,10,0.4,0.1,81.975,92.08984375,10.114843750000006
entropy,10,0.5,0.1,85.0,92.08984375,7.08984375
entropy,10,0.6,0.1,88.0,90.1123046875,2.1123046875
entropy,10,0.7,0.1,90.9,91.943359375,1.0433593749999943
entropy,10,0.8,0.1,93.675,93.6279296875,-0.04707031249999716
entropy,10,0.9,0.1,96.525,96.484375,-0.040625000000005684
entropy,15,0.0,0.1,69.475,88.3056640625,18.830664062500006
entropy,15,0.1,0.1,72.675,88.525390625,15.850390625000003
entropy,15,0.2,0.1,76.0,91.30859375,15.30859375
entropy,15,0.3,0.1,79.025,92.138671875,13.113671874999994
entropy,15,0.4,0.1,81.975,92.7978515625,10.822851562500006
entropy,15,0.5,0.1,85.0,92.6025390625,7.6025390625
entropy,15,0.6,0.1,88.0,90.72265625,2.72265625
entropy,15,0.7,0.1,90.9,92.08984375,1.1898437499999943
entropy,15,0.8,0.1,93.675,94.189453125,0.5144531250000028
entropy,15,0.9,0.1,96.525,96.484375,-0.040625000000005684
entropy,20,0.0,0.1,69.475,89.2822265625,19.807226562500006
entropy,20,0.1,0.1,72.675,89.16015625,16.485156250000003
entropy,20,0.2,0.1,76.0,91.8212890625,15.8212890625
entropy,20,0.3,0.1,79.025,92.4560546875,13.431054687499994
entropy,20,0.4,0.1,81.975,93.1640625,11.189062500000006
entropy,20,0.5,0.1,85.0,92.96875,7.96875
entropy,20,0.6,0.1,88.0,90.7958984375,2.7958984375
entropy,20,0.7,0.1,90.9,92.08984375,1.1898437499999943
entropy,20,0.8,0.1,93.675,94.2138671875,0.5388671875000028
entropy,20,0.9,0.1,96.525,96.484375,-0.040625000000005684
entropy,25,0.0,0.1,69.475,89.6484375,20.173437500000006
entropy,25,0.1,0.1,72.675,89.8681640625,17.193164062500003
entropy,25,0.2,0.1,76.0,91.9921875,15.9921875
entropy,25,0.3,0.1,79.025,92.6025390625,13.577539062499994
entropy,25,0.4,0.1,81.975,93.310546875,11.335546875000006
entropy,25,0.5,0.1,85.0,93.212890625,8.212890625
entropy,25,0.6,0.1,88.0,90.7958984375,2.7958984375
entropy,25,0.7,0.1,90.9,92.1142578125,1.2142578124999943
entropy,25,0.8,0.1,93.675,94.2138671875,0.5388671875000028
entropy,25,0.9,0.1,96.525,96.484375,-0.040625000000005684
entropy,30,0.0,0.1,69.475,90.0146484375,20.539648437500006
entropy,30,0.1,0.1,72.675,90.2587890625,17.583789062500003
entropy,30,0.2,0.1,76.0,92.0654296875,16.0654296875
entropy,30,0.3,0.1,79.025,92.6513671875,13.626367187499994
entropy,30,0.4,0.1,81.975,93.3349609375,11.359960937500006
entropy,30,0.5,0.1,85.0,93.408203125,8.408203125
entropy,30,0.6,0.1,88.0,90.7958984375,2.7958984375
entropy,30,0.7,0.1,90.9,92.1142578125,1.2142578124999943
entropy,30,0.8,0.1,93.675,94.23828125,0.5632812500000028
entropy,30,0.9,0.1,96.525,96.484375,-0.040625000000005684
entropy,5,0.0,0.2,69.475,87.646484375,18.171484375000006
entropy,5,0.1,0.2,72.675,88.720703125,16.045703125000003
entropy,5,0.2,0.2,76.0,91.015625,15.015625
entropy,5,0.3,0.2,79.025,92.041015625,13.016015624999994
entropy,5,0.4,0.2,81.975,92.919921875,10.944921875000006
entropy,5,0.5,0.2,85.0,93.7744140625,8.7744140625
entropy,5,0.6,0.2,88.0,94.7509765625,6.7509765625
entropy,5,0.7,0.2,90.9,95.5810546875,4.681054687499994
entropy,5,0.8,0.2,93.675,96.4599609375,2.784960937500003
entropy,5,0.9,0.2,96.525,97.607421875,1.0824218749999943
entropy,10,0.0,0.2,69.475,89.74609375,20.271093750000006
entropy,10,0.1,0.2,72.675,90.5517578125,17.876757812500003
entropy,10,0.2,0.2,76.0,92.5537109375,16.5537109375
entropy,10,0.3,0.2,79.025,93.26171875,14.236718749999994
entropy,10,0.4,0.2,81.975,94.1162109375,12.141210937500006
entropy,10,0.5,0.2,85.0,94.9462890625,9.9462890625
entropy,10,0.6,0.2,88.0,95.6298828125,7.6298828125
entropy,10,0.7,0.2,90.9,96.0693359375,5.169335937499994
entropy,10,0.8,0.2,93.675,96.826171875,3.151171875000003
entropy,10,0.9,0.2,96.525,97.75390625,1.2289062499999943
entropy,15,0.0,0.2,69.475,90.4541015625,20.979101562500006
entropy,15,0.1,0.2,72.675,91.1865234375,18.511523437500003
entropy,15,0.2,0.2,76.0,92.578125,16.578125
entropy,15,0.3,0.2,79.025,93.3837890625,14.358789062499994
entropy,15,0.4,0.2,81.975,94.23828125,12.263281250000006
entropy,15,0.5,0.2,85.0,95.1416015625,10.1416015625
entropy,15,0.6,0.2,88.0,95.80078125,7.80078125
entropy,15,0.7,0.2,90.9,96.38671875,5.486718749999994
entropy,15,0.8,0.2,93.675,97.0947265625,3.419726562500003
entropy,15,0.9,0.2,96.525,97.8515625,1.3265624999999943
entropy,20,0.0,0.2,69.475,90.91796875,21.442968750000006
entropy,20,0.1,0.2,72.675,91.8212890625,19.146289062500003
entropy,20,0.2,0.2,76.0,92.6025390625,16.6025390625
entropy,20,0.3,0.2,79.025,93.3837890625,14.358789062499994
entropy,20,0.4,0.2,81.975,94.23828125,12.263281250000006
entropy,20,0.5,0.2,85.0,95.1416015625,10.1416015625
entropy,20,0.6,0.2,88.0,95.8740234375,7.8740234375
entropy,20,0.7,0.2,90.9,96.435546875,5.535546874999994
entropy,20,0.8,0.2,93.675,97.1435546875,3.468554687500003
entropy,20,0.9,0.2,96.525,97.8515625,1.3265624999999943
entropy,25,0.0,0.2,69.475,91.162109375,21.687109375000006
entropy,25,0.1,0.2,72.675,91.89453125,19.219531250000003
entropy,25,0.2,0.2,76.0,92.6025390625,16.6025390625
entropy,25,0.3,0.2,79.025,93.3837890625,14.358789062499994
entropy,25,0.4,0.2,81.975,94.23828125,12.263281250000006
entropy,25,0.5,0.2,85.0,95.1416015625,10.1416015625
entropy,25,0.6,0.2,88.0,95.947265625,7.947265625
entropy,25,0.7,0.2,90.9,96.484375,5.584374999999994
entropy,25,0.8,0.2,93.675,97.216796875,3.541796875000003
entropy,25,0.9,0.2,96.525,97.900390625,1.3753906249999943
entropy,30,0.0,0.2,69.475,91.3330078125,21.858007812500006
entropy,30,0.1,0.2,72.675,91.9189453125,19.243945312500003
entropy,30,0.2,0.2,76.0,92.6025390625,16.6025390625
entropy,30,0.3,0.2,79.025,93.4326171875,14.407617187499994
entropy,30,0.4,0.2,81.975,94.23828125,12.263281250000006
entropy,30,0.5,0.2,85.0,95.1416015625,10.1416015625
entropy,30,0.6,0.2,88.0,95.947265625,7.947265625
entropy,30,0.7,0.2,90.9,96.5576171875,5.657617187499994
entropy,30,0.8,0.2,93.675,97.216796875,3.541796875000003
entropy,30,0.9,0.2,96.525,97.998046875,1.4730468749999943
entropy,5,0.0,0.3,69.475,89.453125,19.978125000000006
entropy,5,0.1,0.3,72.675,90.4296875,17.754687500000003
entropy,5,0.2,0.3,76.0,91.8212890625,15.8212890625
entropy,5,0.3,0.3,79.025,92.48046875,13.455468749999994
entropy,5,0.4,0.3,81.975,93.5791015625,11.604101562500006
entropy,5,0.5,0.3,85.0,94.4580078125,9.4580078125
entropy,5,0.6,0.3,88.0,95.21484375,7.21484375
entropy,5,0.7,0.3,90.9,95.9716796875,5.071679687499994
entropy,5,0.8,0.3,93.675,96.9970703125,3.322070312500003
entropy,5,0.9,0.3,96.525,97.998046875,1.4730468749999943
entropy,10,0.0,0.3,69.475,90.185546875,20.710546875000006
entropy,10,0.1,0.3,72.675,91.259765625,18.584765625000003
entropy,10,0.2,0.3,76.0,92.822265625,16.822265625
entropy,10,0.3,0.3,79.025,93.4814453125,14.456445312499994
entropy,10,0.4,0.3,81.975,94.4580078125,12.483007812500006
entropy,10,0.5,0.3,85.0,95.2880859375,10.2880859375
entropy,10,0.6,0.3,88.0,95.9228515625,7.9228515625
entropy,10,0.7,0.3,90.9,96.6552734375,5.755273437499994
entropy,10,0.8,0.3,93.675,97.16796875,3.492968750000003
entropy,10,0.9,0.3,96.525,98.2421875,1.7171874999999943
entropy,15,0.0,0.3,69.475,91.0400390625,21.565039062500006
entropy,15,0.1,0.3,72.675,92.1142578125,19.439257812500003
entropy,15,0.2,0.3,76.0,93.0908203125,17.0908203125
entropy,15,0.3,0.3,79.025,93.701171875,14.676171874999994
entropy,15,0.4,0.3,81.975,94.62890625,12.653906250000006
entropy,15,0.5,0.3,85.0,95.4345703125,10.4345703125
entropy,15,0.6,0.3,88.0,96.09375,8.09375
entropy,15,0.7,0.3,90.9,96.826171875,5.926171874999994
entropy,15,0.8,0.3,93.675,97.509765625,3.834765625000003
entropy,15,0.9,0.3,96.525,98.291015625,1.7660156249999943
entropy,20,0.0,0.3,69.475,91.4306640625,21.955664062500006
entropy,20,0.1,0.3,72.675,92.4560546875,19.781054687500003
entropy,20,0.2,0.3,76.0,93.2373046875,17.2373046875
entropy,20,0.3,0.3,79.025,93.798828125,14.773828124999994
entropy,20,0.4,0.3,81.975,94.82421875,12.849218750000006
entropy,20,0.5,0.3,85.0,95.60546875,10.60546875
entropy,20,0.6,0.3,88.0,96.19140625,8.19140625
entropy,20,0.7,0.3,90.9,96.923828125,6.023828124999994
entropy,20,0.8,0.3,93.675,97.802734375,4.127734375000003
entropy,20,0.9,0.3,96.525,98.388671875,1.8636718749999943
entropy,25,0.0,0.3,69.475,91.552734375,22.077734375000006
entropy,25,0.1,0.3,72.675,92.6025390625,19.927539062500003
entropy,25,0.2,0.3,76.0,93.26171875,17.26171875
entropy,25,0.3,0.3,79.025,93.9208984375,14.895898437499994
entropy,25,0.4,0.3,81.975,95.01953125,13.044531250000006
entropy,25,0.5,0.3,85.0,95.7763671875,10.7763671875
entropy,25,0.6,0.3,88.0,96.4111328125,8.4111328125
entropy,25,0.7,0.3,90.9,96.97265625,6.072656249999994
entropy,25,0.8,0.3,93.675,97.8515625,4.176562500000003
entropy,25,0.9,0.3,96.525,98.5107421875,1.9857421874999943
entropy,30,0.0,0.3,69.475,91.7236328125,22.248632812500006
entropy,30,0.1,0.3,72.675,92.6513671875,19.976367187500003
entropy,30,0.2,0.3,76.0,93.4326171875,17.4326171875
entropy,30,0.3,0.3,79.025,94.0185546875,14.993554687499994
entropy,30,0.4,0.3,81.975,95.21484375,13.239843750000006
entropy,30,0.5,0.3,85.0,95.8984375,10.8984375
entropy,30,0.6,0.3,88.0,96.5576171875,8.5576171875
entropy,30,0.7,0.3,90.9,97.0458984375,6.145898437499994
entropy,30,0.8,0.3,93.675,97.8759765625,4.200976562500003
entropy,30,0.9,0.3,96.525,98.5107421875,1.9857421874999943
deepgini,5,0.0,0.01,69.475,75.830078125,6.355078125000006
deepgini,5,0.1,0.01,72.675,78.5400390625,5.865039062500003
deepgini,5,0.2,0.01,76.0,81.103515625,5.103515625
deepgini,5,0.3,0.01,79.025,83.2275390625,4.202539062499994
deepgini,5,0.4,0.01,81.975,85.44921875,3.4742187500000057
deepgini,5,0.5,0.01,85.0,87.890625,2.890625
deepgini,5,0.6,0.01,88.0,90.33203125,2.33203125
deepgini,5,0.7,0.01,90.9,92.7001953125,1.8001953124999943
deepgini,5,0.8,0.01,93.675,95.01953125,1.3445312500000028
deepgini,5,0.9,0.01,96.525,97.1435546875,0.6185546874999943
deepgini,10,0.0,0.01,69.475,80.0537109375,10.578710937500006
deepgini,10,0.1,0.01,72.675,82.2265625,9.551562500000003
deepgini,10,0.2,0.01,76.0,84.3505859375,8.3505859375
deepgini,10,0.3,0.01,79.025,86.0107421875,6.985742187499994
deepgini,10,0.4,0.01,81.975,87.890625,5.915625000000006
deepgini,10,0.5,0.01,85.0,89.8681640625,4.8681640625
deepgini,10,0.6,0.01,88.0,91.89453125,3.89453125
deepgini,10,0.7,0.01,90.9,93.75,2.8499999999999943
deepgini,10,0.8,0.01,93.675,95.751953125,2.076953125000003
deepgini,10,0.9,0.01,96.525,97.4609375,0.9359374999999943
deepgini,15,0.0,0.01,69.475,81.8115234375,12.336523437500006
deepgini,15,0.1,0.01,72.675,83.59375,10.918750000000003
deepgini,15,0.2,0.01,76.0,85.6689453125,9.6689453125
deepgini,15,0.3,0.01,79.025,87.1337890625,8.108789062499994
deepgini,15,0.4,0.01,81.975,88.720703125,6.745703125000006
deepgini,15,0.5,0.01,85.0,90.6494140625,5.6494140625
deepgini,15,0.6,0.01,88.0,92.5537109375,4.5537109375
deepgini,15,0.7,0.01,90.9,94.4091796875,3.5091796874999943
deepgini,15,0.8,0.01,93.675,95.99609375,2.321093750000003
deepgini,15,0.9,0.01,96.525,97.65625,1.1312499999999943
deepgini,20,0.0,0.01,69.475,82.9345703125,13.459570312500006
deepgini,20,0.1,0.01,72.675,84.521484375,11.846484375000003
deepgini,20,0.2,0.01,76.0,86.474609375,10.474609375
deepgini,20,0.3,0.01,79.025,87.8173828125,8.792382812499994
deepgini,20,0.4,0.01,81.975,89.5751953125,7.600195312500006
deepgini,20,0.5,0.01,85.0,91.30859375,6.30859375
deepgini,20,0.6,0.01,88.0,93.017578125,5.017578125
deepgini,20,0.7,0.01,90.9,94.677734375,3.7777343749999943
deepgini,20,0.8,0.01,93.675,96.142578125,2.467578125000003
deepgini,20,0.9,0.01,96.525,97.7783203125,1.2533203124999943
deepgini,25,0.0,0.01,69.475,83.3984375,13.923437500000006
deepgini,25,0.1,0.01,72.675,84.86328125,12.188281250000003
deepgini,25,0.2,0.01,76.0,86.669921875,10.669921875
deepgini,25,0.3,0.01,79.025,88.3056640625,9.280664062499994
deepgini,25,0.4,0.01,81.975,89.794921875,7.819921875000006
deepgini,25,0.5,0.01,85.0,91.6015625,6.6015625
deepgini,25,0.6,0.01,88.0,93.3837890625,5.3837890625
deepgini,25,0.7,0.01,90.9,94.677734375,3.7777343749999943
deepgini,25,0.8,0.01,93.675,96.1669921875,2.491992187500003
deepgini,25,0.9,0.01,96.525,97.802734375,1.2777343749999943
deepgini,30,0.0,0.01,69.475,83.69140625,14.216406250000006
deepgini,30,0.1,0.01,72.675,85.15625,12.481250000000003
deepgini,30,0.2,0.01,76.0,86.865234375,10.865234375
deepgini,30,0.3,0.01,79.025,88.4765625,9.451562499999994
deepgini,30,0.4,0.01,81.975,90.13671875,8.161718750000006
deepgini,30,0.5,0.01,85.0,91.8212890625,6.8212890625
deepgini,30,0.6,0.01,88.0,93.4814453125,5.4814453125
deepgini,30,0.7,0.01,90.9,94.921875,4.021874999999994
deepgini,30,0.8,0.01,93.675,96.2158203125,2.540820312500003
deepgini,30,0.9,0.01,96.525,97.802734375,1.2777343749999943
deepgini,5,0.0,0.03,69.475,76.4892578125,7.014257812500006
deepgini,5,0.1,0.03,72.675,79.3212890625,6.646289062500003
deepgini,5,0.2,0.03,76.0,81.884765625,5.884765625
deepgini,5,0.3,0.03,79.025,84.326171875,5.301171874999994
deepgini,5,0.4,0.03,81.975,86.5966796875,4.621679687500006
deepgini,5,0.5,0.03,85.0,88.76953125,3.76953125
deepgini,5,0.6,0.03,88.0,91.162109375,3.162109375
deepgini,5,0.7,0.03,90.9,93.2861328125,2.3861328124999943
deepgini,5,0.8,0.03,93.675,95.1904296875,1.5154296875000028
deepgini,5,0.9,0.03,96.525,97.36328125,0.8382812499999943
deepgini,10,0.0,0.03,69.475,80.859375,11.384375000000006
deepgini,10,0.1,0.03,72.675,83.203125,10.528125000000003
deepgini,10,0.2,0.03,76.0,85.302734375,9.302734375
deepgini,10,0.3,0.03,79.025,87.4755859375,8.450585937499994
deepgini,10,0.4,0.03,81.975,89.2578125,7.282812500000006
deepgini,10,0.5,0.03,85.0,91.064453125,6.064453125
deepgini,10,0.6,0.03,88.0,93.2373046875,5.2373046875
deepgini,10,0.7,0.03,90.9,94.5556640625,3.6556640624999943
deepgini,10,0.8,0.03,93.675,96.044921875,2.369921875000003
deepgini,10,0.9,0.03,96.525,97.705078125,1.1800781249999943
deepgini,15,0.0,0.03,69.475,82.6904296875,13.215429687500006
deepgini,15,0.1,0.03,72.675,84.716796875,12.041796875000003
deepgini,15,0.2,0.03,76.0,86.8896484375,10.8896484375
deepgini,15,0.3,0.03,79.025,88.7451171875,9.720117187499994
deepgini,15,0.4,0.03,81.975,90.5029296875,8.527929687500006
deepgini,15,0.5,0.03,85.0,91.9921875,6.9921875
deepgini,15,0.6,0.03,88.0,93.84765625,5.84765625
deepgini,15,0.7,0.03,90.9,95.068359375,4.168359374999994
deepgini,15,0.8,0.03,93.675,96.3134765625,2.638476562500003
deepgini,15,0.9,0.03,96.525,97.75390625,1.2289062499999943
deepgini,20,0.0,0.03,69.475,83.837890625,14.362890625000006
deepgini,20,0.1,0.03,72.675,85.546875,12.871875000000003
deepgini,20,0.2,0.03,76.0,87.8173828125,11.8173828125
deepgini,20,0.3,0.03,79.025,89.4775390625,10.452539062499994
deepgini,20,0.4,0.03,81.975,91.162109375,9.187109375000006
deepgini,20,0.5,0.03,85.0,92.6513671875,7.6513671875
deepgini,20,0.6,0.03,88.0,94.04296875,6.04296875
deepgini,20,0.7,0.03,90.9,95.41015625,4.510156249999994
deepgini,20,0.8,0.03,93.675,96.5087890625,2.833789062500003
deepgini,20,0.9,0.03,96.525,97.900390625,1.3753906249999943
deepgini,25,0.0,0.03,69.475,84.6435546875,15.168554687500006
deepgini,25,0.1,0.03,72.675,86.474609375,13.799609375000003
deepgini,25,0.2,0.03,76.0,88.427734375,12.427734375
deepgini,25,0.3,0.03,79.025,89.990234375,10.965234374999994
deepgini,25,0.4,0.03,81.975,91.5283203125,9.553320312500006
deepgini,25,0.5,0.03,85.0,93.017578125,8.017578125
deepgini,25,0.6,0.03,88.0,94.23828125,6.23828125
deepgini,25,0.7,0.03,90.9,95.556640625,4.656640624999994
deepgini,25,0.8,0.03,93.675,96.6064453125,2.931445312500003
deepgini,25,0.9,0.03,96.525,97.9248046875,1.3998046874999943
deepgini,30,0.0,0.03,69.475,85.25390625,15.778906250000006
deepgini,30,0.1,0.03,72.675,86.7919921875,14.116992187500003
deepgini,30,0.2,0.03,76.0,88.6962890625,12.6962890625
deepgini,30,0.3,0.03,79.025,90.2587890625,11.233789062499994
deepgini,30,0.4,0.03,81.975,91.89453125,9.919531250000006
deepgini,30,0.5,0.03,85.0,93.310546875,8.310546875
deepgini,30,0.6,0.03,88.0,94.384765625,6.384765625
deepgini,30,0.7,0.03,90.9,95.6787109375,4.778710937499994
deepgini,30,0.8,0.03,93.675,96.728515625,3.053515625000003
deepgini,30,0.9,0.03,96.525,97.998046875,1.4730468749999943
deepgini,5,0.0,0.05,69.475,81.396484375,11.921484375000006
deepgini,5,0.1,0.05,72.675,83.0810546875,10.406054687500003
deepgini,5,0.2,0.05,76.0,85.6201171875,9.6201171875
deepgini,5,0.3,0.05,79.025,87.3291015625,8.304101562499994
deepgini,5,0.4,0.05,81.975,89.404296875,7.429296875000006
deepgini,5,0.5,0.05,85.0,91.3818359375,6.3818359375
deepgini,5,0.6,0.05,88.0,93.2861328125,5.2861328125
deepgini,5,0.7,0.05,90.9,94.580078125,3.6800781249999943
deepgini,5,0.8,0.05,93.675,96.044921875,2.369921875000003
deepgini,5,0.9,0.05,96.525,97.65625,1.1312499999999943
deepgini,10,0.0,0.05,69.475,84.1064453125,14.631445312500006
deepgini,10,0.1,0.05,72.675,86.03515625,13.360156250000003
deepgini,10,0.2,0.05,76.0,87.9150390625,11.9150390625
deepgini,10,0.3,0.05,79.025,89.3798828125,10.354882812499994
deepgini,10,0.4,0.05,81.975,91.162109375,9.187109375000006
deepgini,10,0.5,0.05,85.0,92.8466796875,7.8466796875
deepgini,10,0.6,0.05,88.0,94.3603515625,6.3603515625
deepgini,10,0.7,0.05,90.9,95.361328125,4.461328124999994
deepgini,10,0.8,0.05,93.675,96.484375,2.809375000000003
deepgini,10,0.9,0.05,96.525,97.8759765625,1.3509765624999943
deepgini,15,0.0,0.05,69.475,85.205078125,15.730078125000006
deepgini,15,0.1,0.05,72.675,86.9873046875,14.312304687500003
deepgini,15,0.2,0.05,76.0,88.7939453125,12.7939453125
deepgini,15,0.3,0.05,79.025,90.1611328125,11.136132812499994
deepgini,15,0.4,0.05,81.975,91.9677734375,9.992773437500006
deepgini,15,0.5,0.05,85.0,93.4814453125,8.4814453125
deepgini,15,0.6,0.05,88.0,94.7021484375,6.7021484375
deepgini,15,0.7,0.05,90.9,95.849609375,4.949609374999994
deepgini,15,0.8,0.05,93.675,96.6796875,3.004687500000003
deepgini,15,0.9,0.05,96.525,97.94921875,1.4242187499999943
deepgini,20,0.0,0.05,69.475,86.4013671875,16.926367187500006
deepgini,20,0.1,0.05,72.675,88.0859375,15.410937500000003
deepgini,20,0.2,0.05,76.0,89.2822265625,13.2822265625
deepgini,20,0.3,0.05,79.025,90.625,11.599999999999994
deepgini,20,0.4,0.05,81.975,92.3583984375,10.383398437500006
deepgini,20,0.5,0.05,85.0,93.6767578125,8.6767578125
deepgini,20,0.6,0.05,88.0,94.8974609375,6.8974609375
deepgini,20,0.7,0.05,90.9,95.99609375,5.096093749999994
deepgini,20,0.8,0.05,93.675,96.77734375,3.102343750000003
deepgini,20,0.9,0.05,96.525,97.94921875,1.4242187499999943
deepgini,25,0.0,0.05,69.475,86.865234375,17.390234375000006
deepgini,25,0.1,0.05,72.675,88.37890625,15.703906250000003
deepgini,25,0.2,0.05,76.0,89.5751953125,13.5751953125
deepgini,25,0.3,0.05,79.025,91.2109375,12.185937499999994
deepgini,25,0.4,0.05,81.975,92.626953125,10.651953125000006
deepgini,25,0.5,0.05,85.0,93.9697265625,8.9697265625
deepgini,25,0.6,0.05,88.0,95.0439453125,7.0439453125
deepgini,25,0.7,0.05,90.9,96.044921875,5.144921874999994
deepgini,25,0.8,0.05,93.675,96.9482421875,3.273242187500003
deepgini,25,0.9,0.05,96.525,97.94921875,1.4242187499999943
deepgini,30,0.0,0.05,69.475,87.060546875,17.585546875000006
deepgini,30,0.1,0.05,72.675,88.4033203125,15.728320312500003
deepgini,30,0.2,0.05,76.0,89.5751953125,13.5751953125
deepgini,30,0.3,0.05,79.025,91.30859375,12.283593749999994
deepgini,30,0.4,0.05,81.975,92.8466796875,10.871679687500006
deepgini,30,0.5,0.05,85.0,94.287109375,9.287109375
deepgini,30,0.6,0.05,88.0,95.166015625,7.166015625
deepgini,30,0.7,0.05,90.9,96.044921875,5.144921874999994
deepgini,30,0.8,0.05,93.675,96.9970703125,3.322070312500003
deepgini,30,0.9,0.05,96.525,97.94921875,1.4242187499999943
deepgini,5,0.0,0.1,69.475,85.3271484375,15.852148437500006
deepgini,5,0.1,0.1,72.675,86.6455078125,13.970507812500003
deepgini,5,0.2,0.1,76.0,88.28125,12.28125
deepgini,5,0.3,0.1,79.025,90.0146484375,10.989648437499994
deepgini,5,0.4,0.1,81.975,91.796875,9.821875000000006
deepgini,5,0.5,0.1,85.0,93.1396484375,8.1396484375
deepgini,5,0.6,0.1,88.0,94.1650390625,6.1650390625
deepgini,5,0.7,0.1,90.9,95.3857421875,4.485742187499994
deepgini,5,0.8,0.1,93.675,96.58203125,2.907031250000003
deepgini,5,0.9,0.1,96.525,97.802734375,1.2777343749999943
deepgini,10,0.0,0.1,69.475,86.9140625,17.439062500000006
deepgini,10,0.1,0.1,72.675,88.4765625,15.801562500000003
deepgini,10,0.2,0.1,76.0,89.7705078125,13.7705078125
deepgini,10,0.3,0.1,79.025,91.6259765625,12.600976562499994
deepgini,10,0.4,0.1,81.975,93.06640625,11.091406250000006
deepgini,10,0.5,0.1,85.0,94.2138671875,9.2138671875
deepgini,10,0.6,0.1,88.0,95.068359375,7.068359375
deepgini,10,0.7,0.1,90.9,95.8984375,4.998437499999994
deepgini,10,0.8,0.1,93.675,96.77734375,3.102343750000003
deepgini,10,0.9,0.1,96.525,97.94921875,1.4242187499999943
deepgini,15,0.0,0.1,69.475,88.18359375,18.708593750000006
deepgini,15,0.1,0.1,72.675,89.5263671875,16.851367187500003
deepgini,15,0.2,0.1,76.0,90.380859375,14.380859375
deepgini,15,0.3,0.1,79.025,91.9677734375,12.942773437499994
deepgini,15,0.4,0.1,81.975,93.1396484375,11.164648437500006
deepgini,15,0.5,0.1,85.0,94.2138671875,9.2138671875
deepgini,15,0.6,0.1,88.0,95.2880859375,7.2880859375
deepgini,15,0.7,0.1,90.9,96.142578125,5.242578124999994
deepgini,15,0.8,0.1,93.675,97.0703125,3.395312500000003
deepgini,15,0.9,0.1,96.525,98.0224609375,1.4974609374999943
deepgini,20,0.0,0.1,69.475,88.5009765625,19.025976562500006
deepgini,20,0.1,0.1,72.675,89.6240234375,16.949023437500003
deepgini,20,0.2,0.1,76.0,90.5517578125,14.5517578125
deepgini,20,0.3,0.1,79.025,91.9677734375,12.942773437499994
deepgini,20,0.4,0.1,81.975,93.1396484375,11.164648437500006
deepgini,20,0.5,0.1,85.0,94.2138671875,9.2138671875
deepgini,20,0.6,0.1,88.0,95.2880859375,7.2880859375
deepgini,20,0.7,0.1,90.9,96.38671875,5.486718749999994
deepgini,20,0.8,0.1,93.675,97.1923828125,3.517382812500003
deepgini,20,0.9,0.1,96.525,98.095703125,1.5707031249999943
deepgini,25,0.0,0.1,69.475,88.5498046875,19.074804687500006
deepgini,25,0.1,0.1,72.675,89.7216796875,17.046679687500003
deepgini,25,0.2,0.1,76.0,90.576171875,14.576171875
deepgini,25,0.3,0.1,79.025,91.9677734375,12.942773437499994
deepgini,25,0.4,0.1,81.975,93.1396484375,11.164648437500006
deepgini,25,0.5,0.1,85.0,94.2138671875,9.2138671875
deepgini,25,0.6,0.1,88.0,95.2880859375,7.2880859375
deepgini,25,0.7,0.1,90.9,96.4599609375,5.559960937499994
deepgini,25,0.8,0.1,93.675,97.216796875,3.541796875000003
deepgini,25,0.9,0.1,96.525,98.095703125,1.5707031249999943
deepgini,30,0.0,0.1,69.475,88.5498046875,19.074804687500006
deepgini,30,0.1,0.1,72.675,89.794921875,17.119921875000003
deepgini,30,0.2,0.1,76.0,90.576171875,14.576171875
deepgini,30,0.3,0.1,79.025,92.041015625,13.016015624999994
deepgini,30,0.4,0.1,81.975,93.1640625,11.189062500000006
deepgini,30,0.5,0.1,85.0,94.2138671875,9.2138671875
deepgini,30,0.6,0.1,88.0,95.2880859375,7.2880859375
deepgini,30,0.7,0.1,90.9,96.484375,5.584374999999994
deepgini,30,0.8,0.1,93.675,97.314453125,3.639453125000003
deepgini,30,0.9,0.1,96.525,98.095703125,1.5707031249999943
deepgini,5,0.0,0.2,69.475,87.2802734375,17.805273437500006
deepgini,5,0.1,0.2,72.675,88.37890625,15.703906250000003
deepgini,5,0.2,0.2,76.0,89.4775390625,13.4775390625
deepgini,5,0.3,0.2,79.025,91.30859375,12.283593749999994
deepgini,5,0.4,0.2,81.975,92.5048828125,10.529882812500006
deepgini,5,0.5,0.2,85.0,93.7744140625,8.7744140625
deepgini,5,0.6,0.2,88.0,94.7509765625,6.7509765625
deepgini,5,0.7,0.2,90.9,95.7763671875,4.876367187499994
deepgini,5,0.8,0.2,93.675,96.8505859375,3.175585937500003
deepgini,5,0.9,0.2,96.525,98.1201171875,1.5951171874999943
deepgini,10,0.0,0.2,69.475,89.0625,19.587500000000006
deepgini,10,0.1,0.2,72.675,89.9169921875,17.241992187500003
deepgini,10,0.2,0.2,76.0,90.8447265625,14.8447265625
deepgini,10,0.3,0.2,79.025,92.3828125,13.357812499999994
deepgini,10,0.4,0.2,81.975,93.6767578125,11.701757812500006
deepgini,10,0.5,0.2,85.0,94.7998046875,9.7998046875
deepgini,10,0.6,0.2,88.0,95.458984375,7.458984375
deepgini,10,0.7,0.2,90.9,96.337890625,5.437890624999994
deepgini,10,0.8,0.2,93.675,97.216796875,3.541796875000003
deepgini,10,0.9,0.2,96.525,98.2666015625,1.7416015624999943
deepgini,15,0.0,0.2,69.475,89.501953125,20.026953125000006
deepgini,15,0.1,0.2,72.675,90.33203125,17.657031250000003
deepgini,15,0.2,0.2,76.0,91.30859375,15.30859375
deepgini,15,0.3,0.2,79.025,92.431640625,13.406640624999994
deepgini,15,0.4,0.2,81.975,93.8720703125,11.897070312500006
deepgini,15,0.5,0.2,85.0,94.8974609375,9.8974609375
deepgini,15,0.6,0.2,88.0,95.7763671875,7.7763671875
deepgini,15,0.7,0.2,90.9,96.6796875,5.779687499999994
deepgini,15,0.8,0.2,93.675,97.412109375,3.737109375000003
deepgini,15,0.9,0.2,96.525,98.2666015625,1.7416015624999943
deepgini,20,0.0,0.2,69.475,89.9169921875,20.441992187500006
deepgini,20,0.1,0.2,72.675,90.33203125,17.657031250000003
deepgini,20,0.2,0.2,76.0,91.4794921875,15.4794921875
deepgini,20,0.3,0.2,79.025,92.431640625,13.406640624999994
deepgini,20,0.4,0.2,81.975,94.0185546875,12.043554687500006
deepgini,20,0.5,0.2,85.0,95.01953125,10.01953125
deepgini,20,0.6,0.2,88.0,95.8740234375,7.8740234375
deepgini,20,0.7,0.2,90.9,96.7529296875,5.852929687499994
deepgini,20,0.8,0.2,93.675,97.55859375,3.883593750000003
deepgini,20,0.9,0.2,96.525,98.388671875,1.8636718749999943
deepgini,25,0.0,0.2,69.475,90.13671875,20.661718750000006
deepgini,25,0.1,0.2,72.675,90.5029296875,17.827929687500003
deepgini,25,0.2,0.2,76.0,91.650390625,15.650390625
deepgini,25,0.3,0.2,79.025,92.431640625,13.406640624999994
deepgini,25,0.4,0.2,81.975,94.0185546875,12.043554687500006
deepgini,25,0.5,0.2,85.0,95.1416015625,10.1416015625
deepgini,25,0.6,0.2,88.0,95.947265625,7.947265625
deepgini,25,0.7,0.2,90.9,96.8994140625,5.999414062499994
deepgini,25,0.8,0.2,93.675,97.94921875,4.274218750000003
deepgini,25,0.9,0.2,96.525,98.5595703125,2.0345703124999943
deepgini,30,0.0,0.2,69.475,90.13671875,20.661718750000006
deepgini,30,0.1,0.2,72.675,90.52734375,17.852343750000003
deepgini,30,0.2,0.2,76.0,91.6748046875,15.6748046875
deepgini,30,0.3,0.2,79.025,92.5537109375,13.528710937499994
deepgini,30,0.4,0.2,81.975,94.0185546875,12.043554687500006
deepgini,30,0.5,0.2,85.0,95.2392578125,10.2392578125
deepgini,30,0.6,0.2,88.0,96.1181640625,8.1181640625
deepgini,30,0.7,0.2,90.9,96.8994140625,5.999414062499994
deepgini,30,0.8,0.2,93.675,97.94921875,4.274218750000003
deepgini,30,0.9,0.2,96.525,98.583984375,2.0589843749999943
deepgini,5,0.0,0.3,69.475,88.720703125,19.245703125000006
deepgini,5,0.1,0.3,72.675,89.35546875,16.680468750000003
deepgini,5,0.2,0.3,76.0,90.7470703125,14.7470703125
deepgini,5,0.3,0.3,79.025,92.28515625,13.260156249999994
deepgini,5,0.4,0.3,81.975,93.45703125,11.482031250000006
deepgini,5,0.5,0.3,85.0,94.7998046875,9.7998046875
deepgini,5,0.6,0.3,88.0,95.5078125,7.5078125
deepgini,5,0.7,0.3,90.9,96.58203125,5.682031249999994
deepgini,5,0.8,0.3,93.675,97.119140625,3.444140625000003
deepgini,5,0.9,0.3,96.525,98.1201171875,1.5951171874999943
deepgini,10,0.0,0.3,69.475,89.84375,20.368750000000006
deepgini,10,0.1,0.3,72.675,90.576171875,17.901171875000003
deepgini,10,0.2,0.3,76.0,91.748046875,15.748046875
deepgini,10,0.3,0.3,79.025,92.7978515625,13.772851562499994
deepgini,10,0.4,0.3,81.975,94.1162109375,12.141210937500006
deepgini,10,0.5,0.3,85.0,95.361328125,10.361328125
deepgini,10,0.6,0.3,88.0,96.2890625,8.2890625
deepgini,10,0.7,0.3,90.9,96.8505859375,5.950585937499994
deepgini,10,0.8,0.3,93.675,97.4365234375,3.761523437500003
deepgini,10,0.9,0.3,96.525,98.291015625,1.7660156249999943
deepgini,15,0.0,0.3,69.475,90.1611328125,20.686132812500006
deepgini,15,0.1,0.3,72.675,91.064453125,18.389453125000003
deepgini,15,0.2,0.3,76.0,91.89453125,15.89453125
deepgini,15,0.3,0.3,79.025,93.1884765625,14.163476562499994
deepgini,15,0.4,0.3,81.975,94.23828125,12.263281250000006
deepgini,15,0.5,0.3,85.0,95.6298828125,10.6298828125
deepgini,15,0.6,0.3,88.0,96.77734375,8.77734375
deepgini,15,0.7,0.3,90.9,97.3876953125,6.487695312499994
deepgini,15,0.8,0.3,93.675,97.6806640625,4.005664062500003
deepgini,15,0.9,0.3,96.525,98.388671875,1.8636718749999943
deepgini,20,0.0,0.3,69.475,90.3564453125,20.881445312500006
deepgini,20,0.1,0.3,72.675,91.2841796875,18.609179687500003
deepgini,20,0.2,0.3,76.0,92.1875,16.1875
deepgini,20,0.3,0.3,79.025,93.5546875,14.529687499999994
deepgini,20,0.4,0.3,81.975,94.53125,12.556250000000006
deepgini,20,0.5,0.3,85.0,95.7763671875,10.7763671875
deepgini,20,0.6,0.3,88.0,96.9482421875,8.9482421875
deepgini,20,0.7,0.3,90.9,97.607421875,6.707421874999994
deepgini,20,0.8,0.3,93.675,98.0712890625,4.396289062500003
deepgini,20,0.9,0.3,96.525,98.6083984375,2.0833984374999943
deepgini,25,0.0,0.3,69.475,90.5029296875,21.027929687500006
deepgini,25,0.1,0.3,72.675,91.6259765625,18.950976562500003
deepgini,25,0.2,0.3,76.0,92.236328125,16.236328125
deepgini,25,0.3,0.3,79.025,93.6279296875,14.602929687499994
deepgini,25,0.4,0.3,81.975,94.82421875,12.849218750000006
deepgini,25,0.5,0.3,85.0,95.80078125,10.80078125
deepgini,25,0.6,0.3,88.0,97.1435546875,9.1435546875
deepgini,25,0.7,0.3,90.9,97.705078125,6.805078124999994
deepgini,25,0.8,0.3,93.675,98.1689453125,4.493945312500003
deepgini,25,0.9,0.3,96.525,98.6328125,2.1078124999999943
deepgini,30,0.0,0.3,69.475,90.72265625,21.247656250000006
deepgini,30,0.1,0.3,72.675,91.796875,19.121875000000003
deepgini,30,0.2,0.3,76.0,92.333984375,16.333984375
deepgini,30,0.3,0.3,79.025,93.701171875,14.676171874999994
deepgini,30,0.4,0.3,81.975,95.0439453125,13.068945312500006
deepgini,30,0.5,0.3,85.0,95.8984375,10.8984375
deepgini,30,0.6,0.3,88.0,97.16796875,9.16796875
deepgini,30,0.7,0.3,90.9,97.802734375,6.902734374999994
deepgini,30,0.8,0.3,93.675,98.1689453125,4.493945312500003
deepgini,30,0.9,0.3,96.525,98.6328125,2.1078124999999943
dat,5,0.0,0.01,69.475,76.6357421875,7.160742187500006
dat,5,0.1,0.01,72.675,79.150390625,6.475390625000003
dat,5,0.2,0.01,76.0,81.2255859375,5.2255859375
dat,5,0.3,0.01,79.025,81.3720703125,2.3470703124999943
dat,5,0.4,0.01,81.975,84.7900390625,2.8150390625000057
dat,5,0.5,0.01,85.0,86.376953125,1.376953125
dat,5,0.6,0.01,88.0,89.84375,1.84375
dat,5,0.7,0.01,90.9,91.748046875,0.8480468749999943
dat,5,0.8,0.01,93.675,94.677734375,1.0027343750000028
dat,5,0.9,0.01,96.525,96.97265625,0.4476562499999943
dat,10,0.0,0.01,69.475,80.37109375,10.896093750000006
dat,10,0.1,0.01,72.675,83.6669921875,10.991992187500003
dat,10,0.2,0.01,76.0,84.6435546875,8.6435546875
dat,10,0.3,0.01,79.025,82.421875,3.3968749999999943
dat,10,0.4,0.01,81.975,86.3525390625,4.377539062500006
dat,10,0.5,0.01,85.0,87.20703125,2.20703125
dat,10,0.6,0.01,88.0,91.30859375,3.30859375
dat,10,0.7,0.01,90.9,92.529296875,1.6292968749999943
dat,10,0.8,0.01,93.675,94.9951171875,1.3201171875000028
dat,10,0.9,0.01,96.525,97.16796875,0.6429687499999943
dat,15,0.0,0.01,69.475,82.7392578125,13.264257812500006
dat,15,0.1,0.01,72.675,86.0595703125,13.384570312500003
dat,15,0.2,0.01,76.0,86.62109375,10.62109375
dat,15,0.3,0.01,79.025,83.1787109375,4.153710937499994
dat,15,0.4,0.01,81.975,87.744140625,5.769140625000006
dat,15,0.5,0.01,85.0,87.2802734375,2.2802734375
dat,15,0.6,0.01,88.0,91.9189453125,3.9189453125
dat,15,0.7,0.01,90.9,93.1396484375,2.2396484374999943
dat,15,0.8,0.01,93.675,95.8251953125,2.150195312500003
dat,15,0.9,0.01,96.525,97.314453125,0.7894531249999943
dat,20,0.0,0.01,69.475,84.08203125,14.607031250000006
dat,20,0.1,0.01,72.675,86.81640625,14.141406250000003
dat,20,0.2,0.01,76.0,87.4755859375,11.4755859375
dat,20,0.3,0.01,79.025,83.349609375,4.324609374999994
dat,20,0.4,0.01,81.975,88.9892578125,7.014257812500006
dat,20,0.5,0.01,85.0,87.2802734375,2.2802734375
dat,20,0.6,0.01,88.0,92.1630859375,4.1630859375
dat,20,0.7,0.01,90.9,93.65234375,2.7523437499999943
dat,20,0.8,0.01,93.675,96.0693359375,2.394335937500003
dat,20,0.9,0.01,96.525,97.412109375,0.8871093749999943
dat,25,0.0,0.01,69.475,84.912109375,15.437109375000006
dat,25,0.1,0.01,72.675,87.3779296875,14.702929687500003
dat,25,0.2,0.01,76.0,87.744140625,11.744140625
dat,25,0.3,0.01,79.025,83.49609375,4.471093749999994
dat,25,0.4,0.01,81.975,89.6728515625,7.697851562500006
dat,25,0.5,0.01,85.0,87.2802734375,2.2802734375
dat,25,0.6,0.01,88.0,92.333984375,4.333984375
dat,25,0.7,0.01,90.9,93.7744140625,2.8744140624999943
dat,25,0.8,0.01,93.675,96.0693359375,2.394335937500003
dat,25,0.9,0.01,96.525,97.412109375,0.8871093749999943
dat,30,0.0,0.01,69.475,85.4248046875,15.949804687500006
dat,30,0.1,0.01,72.675,87.59765625,14.922656250000003
dat,30,0.2,0.01,76.0,88.37890625,12.37890625
dat,30,0.3,0.01,79.025,83.5693359375,4.544335937499994
dat,30,0.4,0.01,81.975,89.9169921875,7.941992187500006
dat,30,0.5,0.01,85.0,87.2802734375,2.2802734375
dat,30,0.6,0.01,88.0,92.3828125,4.3828125
dat,30,0.7,0.01,90.9,93.8720703125,2.9720703124999943
dat,30,0.8,0.01,93.675,96.0693359375,2.394335937500003
dat,30,0.9,0.01,96.525,97.4609375,0.9359374999999943
dat,5,0.0,0.03,69.475,76.904296875,7.429296875000006
dat,5,0.1,0.03,72.675,80.224609375,7.549609375000003
dat,5,0.2,0.03,76.0,82.2509765625,6.2509765625
dat,5,0.3,0.03,79.025,83.837890625,4.812890624999994
dat,5,0.4,0.03,81.975,85.2783203125,3.3033203125000057
dat,5,0.5,0.03,85.0,87.20703125,2.20703125
dat,5,0.6,0.03,88.0,90.2099609375,2.2099609375
dat,5,0.7,0.03,90.9,92.5537109375,1.6537109374999943
dat,5,0.8,0.03,93.675,94.9462890625,1.2712890625000028
dat,5,0.9,0.03,96.525,97.3388671875,0.8138671874999943
dat,10,0.0,0.03,69.475,81.2744140625,11.799414062500006
dat,10,0.1,0.03,72.675,84.0087890625,11.333789062500003
dat,10,0.2,0.03,76.0,86.03515625,10.03515625
dat,10,0.3,0.03,79.025,86.8408203125,7.815820312499994
dat,10,0.4,0.03,81.975,86.2548828125,4.279882812500006
dat,10,0.5,0.03,85.0,88.134765625,3.134765625
dat,10,0.6,0.03,88.0,91.796875,3.796875
dat,10,0.7,0.03,90.9,93.1884765625,2.2884765624999943
dat,10,0.8,0.03,93.675,95.3369140625,1.6619140625000028
dat,10,0.9,0.03,96.525,97.55859375,1.0335937499999943
dat,15,0.0,0.03,69.475,83.3984375,13.923437500000006
dat,15,0.1,0.03,72.675,86.71875,14.043750000000003
dat,15,0.2,0.03,76.0,88.0126953125,12.0126953125
dat,15,0.3,0.03,79.025,88.28125,9.256249999999994
dat,15,0.4,0.03,81.975,87.3046875,5.329687500000006
dat,15,0.5,0.03,85.0,88.96484375,3.96484375
dat,15,0.6,0.03,88.0,92.2119140625,4.2119140625
dat,15,0.7,0.03,90.9,93.7744140625,2.8744140624999943
dat,15,0.8,0.03,93.675,95.5322265625,1.8572265625000028
dat,15,0.9,0.03,96.525,97.55859375,1.0335937499999943
dat,20,0.0,0.03,69.475,84.765625,15.290625000000006
dat,20,0.1,0.03,72.675,88.2568359375,15.581835937500003
dat,20,0.2,0.03,76.0,89.0380859375,13.0380859375
dat,20,0.3,0.03,79.025,88.8427734375,9.817773437499994
dat,20,0.4,0.03,81.975,88.18359375,6.208593750000006
dat,20,0.5,0.03,85.0,89.74609375,4.74609375
dat,20,0.6,0.03,88.0,92.7001953125,4.7001953125
dat,20,0.7,0.03,90.9,94.23828125,3.3382812499999943
dat,20,0.8,0.03,93.675,95.60546875,1.9304687500000028
dat,20,0.9,0.03,96.525,97.75390625,1.2289062499999943
dat,25,0.0,0.03,69.475,86.1083984375,16.633398437500006
dat,25,0.1,0.03,72.675,88.9892578125,16.314257812500003
dat,25,0.2,0.03,76.0,89.74609375,13.74609375
dat,25,0.3,0.03,79.025,89.501953125,10.476953124999994
dat,25,0.4,0.03,81.975,88.8916015625,6.916601562500006
dat,25,0.5,0.03,85.0,90.5029296875,5.5029296875
dat,25,0.6,0.03,88.0,92.919921875,4.919921875
dat,25,0.7,0.03,90.9,94.7021484375,3.8021484374999943
dat,25,0.8,0.03,93.675,95.60546875,1.9304687500000028
dat,25,0.9,0.03,96.525,97.8515625,1.3265624999999943
dat,30,0.0,0.03,69.475,87.20703125,17.732031250000006
dat,30,0.1,0.03,72.675,89.4775390625,16.802539062500003
dat,30,0.2,0.03,76.0,90.13671875,14.13671875
dat,30,0.3,0.03,79.025,89.794921875,10.769921874999994
dat,30,0.4,0.03,81.975,89.2578125,7.282812500000006
dat,30,0.5,0.03,85.0,91.259765625,6.259765625
dat,30,0.6,0.03,88.0,92.96875,4.96875
dat,30,0.7,0.03,90.9,94.9951171875,4.095117187499994
dat,30,0.8,0.03,93.675,95.60546875,1.9304687500000028
dat,30,0.9,0.03,96.525,98.0224609375,1.4974609374999943
dat,5,0.0,0.05,69.475,81.787109375,12.312109375000006
dat,5,0.1,0.05,72.675,84.130859375,11.455859375000003
dat,5,0.2,0.05,76.0,85.595703125,9.595703125
dat,5,0.3,0.05,79.025,87.060546875,8.035546874999994
dat,5,0.4,0.05,81.975,86.572265625,4.597265625000006
dat,5,0.5,0.05,85.0,87.646484375,2.646484375
dat,5,0.6,0.05,88.0,91.6259765625,3.6259765625
dat,5,0.7,0.05,90.9,93.6767578125,2.7767578124999943
dat,5,0.8,0.05,93.675,95.6298828125,1.9548828125000028
dat,5,0.9,0.05,96.525,97.412109375,0.8871093749999943
dat,10,0.0,0.05,69.475,86.376953125,16.901953125000006
dat,10,0.1,0.05,72.675,89.2333984375,16.558398437500003
dat,10,0.2,0.05,76.0,89.0869140625,13.0869140625
dat,10,0.3,0.05,79.025,89.5751953125,10.550195312499994
dat,10,0.4,0.05,81.975,87.7685546875,5.793554687500006
dat,10,0.5,0.05,85.0,88.4033203125,3.4033203125
dat,10,0.6,0.05,88.0,92.6513671875,4.6513671875
dat,10,0.7,0.05,90.9,94.1162109375,3.2162109374999943
dat,10,0.8,0.05,93.675,96.6064453125,2.931445312500003
dat,10,0.9,0.05,96.525,97.55859375,1.0335937499999943
dat,15,0.0,0.05,69.475,88.0615234375,18.586523437500006
dat,15,0.1,0.05,72.675,91.015625,18.340625000000003
dat,15,0.2,0.05,76.0,89.5751953125,13.5751953125
dat,15,0.3,0.05,79.025,90.0146484375,10.989648437499994
dat,15,0.4,0.05,81.975,88.3056640625,6.330664062500006
dat,15,0.5,0.05,85.0,89.2578125,4.2578125
dat,15,0.6,0.05,88.0,92.7734375,4.7734375
dat,15,0.7,0.05,90.9,94.1162109375,3.2162109374999943
dat,15,0.8,0.05,93.675,96.8017578125,3.126757812500003
dat,15,0.9,0.05,96.525,97.5830078125,1.0580078124999943
dat,20,0.0,0.05,69.475,88.8671875,19.392187500000006
dat,20,0.1,0.05,72.675,91.40625,18.731250000000003
dat,20,0.2,0.05,76.0,89.5751953125,13.5751953125
dat,20,0.3,0.05,79.025,90.3076171875,11.282617187499994
dat,20,0.4,0.05,81.975,89.35546875,7.380468750000006
dat,20,0.5,0.05,85.0,90.1123046875,5.1123046875
dat,20,0.6,0.05,88.0,93.310546875,5.310546875
dat,20,0.7,0.05,90.9,94.6533203125,3.7533203124999943
dat,20,0.8,0.05,93.675,97.021484375,3.346484375000003
dat,20,0.9,0.05,96.525,97.9736328125,1.4486328124999943
dat,25,0.0,0.05,69.475,89.6240234375,20.149023437500006
dat,25,0.1,0.05,72.675,92.2119140625,19.536914062500003
dat,25,0.2,0.05,76.0,89.5751953125,13.5751953125
dat,25,0.3,0.05,79.025,91.0400390625,12.015039062499994
dat,25,0.4,0.05,81.975,90.625,8.650000000000006
dat,25,0.5,0.05,85.0,91.9921875,6.9921875
dat,25,0.6,0.05,88.0,94.04296875,6.04296875
dat,25,0.7,0.05,90.9,95.21484375,4.314843749999994
dat,25,0.8,0.05,93.675,97.021484375,3.346484375000003
dat,25,0.9,0.05,96.525,98.1689453125,1.6439453124999943
dat,30,0.0,0.05,69.475,90.33203125,20.857031250000006
dat,30,0.1,0.05,72.675,92.67578125,20.000781250000003
dat,30,0.2,0.05,76.0,89.74609375,13.74609375
dat,30,0.3,0.05,79.025,91.3330078125,12.308007812499994
dat,30,0.4,0.05,81.975,91.7236328125,9.748632812500006
dat,30,0.5,0.05,85.0,92.8955078125,7.8955078125
dat,30,0.6,0.05,88.0,94.4091796875,6.4091796875
dat,30,0.7,0.05,90.9,95.556640625,4.656640624999994
dat,30,0.8,0.05,93.675,97.021484375,3.346484375000003
dat,30,0.9,0.05,96.525,98.1689453125,1.6439453124999943
dat,5,0.0,0.1,69.475,85.3515625,15.876562500000006
dat,5,0.1,0.1,72.675,87.1337890625,14.458789062500003
dat,5,0.2,0.1,76.0,87.20703125,11.20703125
dat,5,0.3,0.1,79.025,89.5263671875,10.501367187499994
dat,5,0.4,0.1,81.975,87.109375,5.134375000000006
dat,5,0.5,0.1,85.0,90.185546875,5.185546875
dat,5,0.6,0.1,88.0,92.08984375,4.08984375
dat,5,0.7,0.1,90.9,94.3359375,3.4359374999999943
dat,5,0.8,0.1,93.675,96.19140625,2.516406250000003
dat,5,0.9,0.1,96.525,97.900390625,1.3753906249999943
dat,10,0.0,0.1,69.475,89.8193359375,20.344335937500006
dat,10,0.1,0.1,72.675,91.7236328125,19.048632812500003
dat,10,0.2,0.1,76.0,90.3076171875,14.3076171875
dat,10,0.3,0.1,79.025,91.064453125,12.039453124999994
dat,10,0.4,0.1,81.975,88.96484375,6.989843750000006
dat,10,0.5,0.1,85.0,90.8203125,5.8203125
dat,10,0.6,0.1,88.0,92.919921875,4.919921875
dat,10,0.7,0.1,90.9,94.921875,4.021874999999994
dat,10,0.8,0.1,93.675,96.6796875,3.004687500000003
dat,10,0.9,0.1,96.525,98.1689453125,1.6439453124999943
dat,15,0.0,0.1,69.475,91.455078125,21.980078125000006
dat,15,0.1,0.1,72.675,93.2373046875,20.562304687500003
dat,15,0.2,0.1,76.0,91.69921875,15.69921875
dat,15,0.3,0.1,79.025,91.455078125,12.430078124999994
dat,15,0.4,0.1,81.975,90.52734375,8.552343750000006
dat,15,0.5,0.1,85.0,90.8203125,5.8203125
dat,15,0.6,0.1,88.0,93.3349609375,5.3349609375
dat,15,0.7,0.1,90.9,95.654296875,4.754296874999994
dat,15,0.8,0.1,93.675,96.9482421875,3.273242187500003
dat,15,0.9,0.1,96.525,98.388671875,1.8636718749999943
dat,20,0.0,0.1,69.475,92.7734375,23.298437500000006
dat,20,0.1,0.1,72.675,94.3603515625,21.685351562500003
dat,20,0.2,0.1,76.0,92.724609375,16.724609375
dat,20,0.3,0.1,79.025,91.796875,12.771874999999994
dat,20,0.4,0.1,81.975,90.6005859375,8.625585937500006
dat,20,0.5,0.1,85.0,90.8203125,5.8203125
dat,20,0.6,0.1,88.0,93.798828125,5.798828125
dat,20,0.7,0.1,90.9,96.0693359375,5.169335937499994
dat,20,0.8,0.1,93.675,97.1435546875,3.468554687500003
dat,20,0.9,0.1,96.525,98.388671875,1.8636718749999943
dat,25,0.0,0.1,69.475,93.6279296875,24.152929687500006
dat,25,0.1,0.1,72.675,95.458984375,22.783984375000003
dat,25,0.2,0.1,76.0,92.7734375,16.7734375
dat,25,0.3,0.1,79.025,92.041015625,13.016015624999994
dat,25,0.4,0.1,81.975,90.6005859375,8.625585937500006
dat,25,0.5,0.1,85.0,90.8203125,5.8203125
dat,25,0.6,0.1,88.0,94.5556640625,6.5556640625
dat,25,0.7,0.1,90.9,96.4111328125,5.511132812499994
dat,25,0.8,0.1,93.675,97.265625,3.590625000000003
dat,25,0.9,0.1,96.525,98.486328125,1.9613281249999943
dat,30,0.0,0.1,69.475,94.189453125,24.714453125000006
dat,30,0.1,0.1,72.675,95.5322265625,22.857226562500003
dat,30,0.2,0.1,76.0,92.7734375,16.7734375
dat,30,0.3,0.1,79.025,92.4072265625,13.382226562499994
dat,30,0.4,0.1,81.975,90.6005859375,8.625585937500006
dat,30,0.5,0.1,85.0,90.8203125,5.8203125
dat,30,0.6,0.1,88.0,94.5556640625,6.5556640625
dat,30,0.7,0.1,90.9,96.6796875,5.779687499999994
dat,30,0.8,0.1,93.675,97.2900390625,3.615039062500003
dat,30,0.9,0.1,96.525,98.486328125,1.9613281249999943
dat,5,0.0,0.2,69.475,90.2099609375,20.734960937500006
dat,5,0.1,0.2,72.675,89.1845703125,16.509570312500003
dat,5,0.2,0.2,76.0,88.8916015625,12.8916015625
dat,5,0.3,0.2,79.025,89.599609375,10.574609374999994
dat,5,0.4,0.2,81.975,87.6953125,5.720312500000006
dat,5,0.5,0.2,85.0,87.7685546875,2.7685546875
dat,5,0.6,0.2,88.0,92.48046875,4.48046875
dat,5,0.7,0.2,90.9,95.1904296875,4.290429687499994
dat,5,0.8,0.2,93.675,96.728515625,3.053515625000003
dat,5,0.9,0.2,96.525,97.2900390625,0.7650390624999943
dat,10,0.0,0.2,69.475,93.7255859375,24.250585937500006
dat,10,0.1,0.2,72.675,93.3837890625,20.708789062500003
dat,10,0.2,0.2,76.0,89.697265625,13.697265625
dat,10,0.3,0.2,79.025,90.0146484375,10.989648437499994
dat,10,0.4,0.2,81.975,87.6953125,5.720312500000006
dat,10,0.5,0.2,85.0,87.7685546875,2.7685546875
dat,10,0.6,0.2,88.0,92.48046875,4.48046875
dat,10,0.7,0.2,90.9,95.41015625,4.510156249999994
dat,10,0.8,0.2,93.675,97.705078125,4.030078125000003
dat,10,0.9,0.2,96.525,97.2900390625,0.7650390624999943
dat,15,0.0,0.2,69.475,95.2392578125,25.764257812500006
dat,15,0.1,0.2,72.675,94.189453125,21.514453125000003
dat,15,0.2,0.2,76.0,89.697265625,13.697265625
dat,15,0.3,0.2,79.025,90.0146484375,10.989648437499994
dat,15,0.4,0.2,81.975,87.6953125,5.720312500000006
dat,15,0.5,0.2,85.0,87.7685546875,2.7685546875
dat,15,0.6,0.2,88.0,92.48046875,4.48046875
dat,15,0.7,0.2,90.9,95.4833984375,4.583398437499994
dat,15,0.8,0.2,93.675,98.046875,4.371875000000003
dat,15,0.9,0.2,96.525,97.2900390625,0.7650390624999943
dat,20,0.0,0.2,69.475,95.5078125,26.032812500000006
dat,20,0.1,0.2,72.675,94.189453125,21.514453125000003
dat,20,0.2,0.2,76.0,89.697265625,13.697265625
dat,20,0.3,0.2,79.025,90.0146484375,10.989648437499994
dat,20,0.4,0.2,81.975,87.6953125,5.720312500000006
dat,20,0.5,0.2,85.0,87.7685546875,2.7685546875
dat,20,0.6,0.2,88.0,92.48046875,4.48046875
dat,20,0.7,0.2,90.9,95.4833984375,4.583398437499994
dat,20,0.8,0.2,93.675,98.046875,4.371875000000003
dat,20,0.9,0.2,96.525,97.2900390625,0.7650390624999943
dat,25,0.0,0.2,69.475,95.5810546875,26.106054687500006
dat,25,0.1,0.2,72.675,94.189453125,21.514453125000003
dat,25,0.2,0.2,76.0,89.697265625,13.697265625
dat,25,0.3,0.2,79.025,90.0146484375,10.989648437499994
dat,25,0.4,0.2,81.975,87.6953125,5.720312500000006
dat,25,0.5,0.2,85.0,87.7685546875,2.7685546875
dat,25,0.6,0.2,88.0,92.48046875,4.48046875
dat,25,0.7,0.2,90.9,95.4833984375,4.583398437499994
dat,25,0.8,0.2,93.675,98.046875,4.371875000000003
dat,25,0.9,0.2,96.525,97.2900390625,0.7650390624999943
dat,30,0.0,0.2,69.475,95.6787109375,26.203710937500006
dat,30,0.1,0.2,72.675,94.189453125,21.514453125000003
dat,30,0.2,0.2,76.0,89.697265625,13.697265625
dat,30,0.3,0.2,79.025,90.0146484375,10.989648437499994
dat,30,0.4,0.2,81.975,87.6953125,5.720312500000006
dat,30,0.5,0.2,85.0,87.7685546875,2.7685546875
dat,30,0.6,0.2,88.0,92.48046875,4.48046875
dat,30,0.7,0.2,90.9,95.4833984375,4.583398437499994
dat,30,0.8,0.2,93.675,98.046875,4.371875000000003
dat,30,0.9,0.2,96.525,97.2900390625,0.7650390624999943
dat,5,0.0,0.3,69.475,92.3828125,22.907812500000006
dat,5,0.1,0.3,72.675,91.455078125,18.780078125000003
dat,5,0.2,0.3,76.0,90.283203125,14.283203125
dat,5,0.3,0.3,79.025,88.427734375,9.402734374999994
dat,5,0.4,0.3,81.975,87.8173828125,5.842382812500006
dat,5,0.5,0.3,85.0,87.2802734375,2.2802734375
dat,5,0.6,0.3,88.0,91.650390625,3.650390625
dat,5,0.7,0.3,90.9,94.8974609375,3.9974609374999943
dat,5,0.8,0.3,93.675,96.1669921875,2.491992187500003
dat,5,0.9,0.3,96.525,96.484375,-0.040625000000005684
dat,10,0.0,0.3,69.475,95.5322265625,26.057226562500006
dat,10,0.1,0.3,72.675,94.5556640625,21.880664062500003
dat,10,0.2,0.3,76.0,90.3076171875,14.3076171875
dat,10,0.3,0.3,79.025,88.427734375,9.402734374999994
dat,10,0.4,0.3,81.975,87.8173828125,5.842382812500006
dat,10,0.5,0.3,85.0,87.2802734375,2.2802734375
dat,10,0.6,0.3,88.0,91.650390625,3.650390625
dat,10,0.7,0.3,90.9,94.8974609375,3.9974609374999943
dat,10,0.8,0.3,93.675,96.1669921875,2.491992187500003
dat,10,0.9,0.3,96.525,96.484375,-0.040625000000005684
dat,15,0.0,0.3,69.475,96.0205078125,26.545507812500006
dat,15,0.1,0.3,72.675,94.580078125,21.905078125000003
dat,15,0.2,0.3,76.0,90.3076171875,14.3076171875
dat,15,0.3,0.3,79.025,88.427734375,9.402734374999994
dat,15,0.4,0.3,81.975,87.8173828125,5.842382812500006
dat,15,0.5,0.3,85.0,87.2802734375,2.2802734375
dat,15,0.6,0.3,88.0,91.650390625,3.650390625
dat,15,0.7,0.3,90.9,94.8974609375,3.9974609374999943
dat,15,0.8,0.3,93.675,96.1669921875,2.491992187500003
dat,15,0.9,0.3,96.525,96.484375,-0.040625000000005684
dat,20,0.0,0.3,69.475,96.38671875,26.911718750000006
dat,20,0.1,0.3,72.675,94.580078125,21.905078125000003
dat,20,0.2,0.3,76.0,90.3076171875,14.3076171875
dat,20,0.3,0.3,79.025,88.427734375,9.402734374999994
dat,20,0.4,0.3,81.975,87.8173828125,5.842382812500006
dat,20,0.5,0.3,85.0,87.2802734375,2.2802734375
dat,20,0.6,0.3,88.0,91.650390625,3.650390625
dat,20,0.7,0.3,90.9,94.8974609375,3.9974609374999943
dat,20,0.8,0.3,93.675,96.1669921875,2.491992187500003
dat,20,0.9,0.3,96.525,96.484375,-0.040625000000005684
dat,25,0.0,0.3,69.475,96.4599609375,26.984960937500006
dat,25,0.1,0.3,72.675,94.580078125,21.905078125000003
dat,25,0.2,0.3,76.0,90.3076171875,14.3076171875
dat,25,0.3,0.3,79.025,88.427734375,9.402734374999994
dat,25,0.4,0.3,81.975,87.8173828125,5.842382812500006
dat,25,0.5,0.3,85.0,87.2802734375,2.2802734375
dat,25,0.6,0.3,88.0,91.650390625,3.650390625
dat,25,0.7,0.3,90.9,94.8974609375,3.9974609374999943
dat,25,0.8,0.3,93.675,96.1669921875,2.491992187500003
dat,25,0.9,0.3,96.525,96.484375,-0.040625000000005684
dat,30,0.0,0.3,69.475,96.484375,27.009375000000006
dat,30,0.1,0.3,72.675,94.580078125,21.905078125000003
dat,30,0.2,0.3,76.0,90.3076171875,14.3076171875
dat,30,0.3,0.3,79.025,88.427734375,9.402734374999994
dat,30,0.4,0.3,81.975,87.8173828125,5.842382812500006
dat,30,0.5,0.3,85.0,87.2802734375,2.2802734375
dat,30,0.6,0.3,88.0,91.650390625,3.650390625
dat,30,0.7,0.3,90.9,94.8974609375,3.9974609374999943
dat,30,0.8,0.3,93.675,96.1669921875,2.491992187500003
dat,30,0.9,0.3,96.525,96.484375,-0.040625000000005684
entropy,5,1.0,0.01,99.375,99.3408203125,-0.0341796875
entropy,10,1.0,0.01,99.375,99.3408203125,-0.0341796875
entropy,15,1.0,0.01,99.375,99.3408203125,-0.0341796875
entropy,20,1.0,0.01,99.375,99.3408203125,-0.0341796875
entropy,25,1.0,0.01,99.375,99.3408203125,-0.0341796875
entropy,30,1.0,0.01,99.375,99.3408203125,-0.0341796875
entropy,5,1.0,0.03,99.375,99.365234375,-0.009765625
entropy,10,1.0,0.03,99.375,99.365234375,-0.009765625
entropy,15,1.0,0.03,99.375,99.365234375,-0.009765625
entropy,20,1.0,0.03,99.375,99.365234375,-0.009765625
entropy,25,1.0,0.03,99.375,99.365234375,-0.009765625
entropy,30,1.0,0.03,99.375,99.365234375,-0.009765625
entropy,5,1.0,0.05,99.375,99.365234375,-0.009765625
entropy,10,1.0,0.05,99.375,99.365234375,-0.009765625
entropy,15,1.0,0.05,99.375,99.365234375,-0.009765625
entropy,20,1.0,0.05,99.375,99.365234375,-0.009765625
entropy,25,1.0,0.05,99.375,99.365234375,-0.009765625
entropy,30,1.0,0.05,99.375,99.365234375,-0.009765625
entropy,5,1.0,0.1,99.375,99.365234375,-0.009765625
entropy,10,1.0,0.1,99.375,99.365234375,-0.009765625
entropy,15,1.0,0.1,99.375,99.365234375,-0.009765625
entropy,20,1.0,0.1,99.375,99.365234375,-0.009765625
entropy,25,1.0,0.1,99.375,99.365234375,-0.009765625
entropy,30,1.0,0.1,99.375,99.365234375,-0.009765625
entropy,5,1.0,0.2,99.375,99.365234375,-0.009765625
entropy,10,1.0,0.2,99.375,99.365234375,-0.009765625
entropy,15,1.0,0.2,99.375,99.365234375,-0.009765625
entropy,20,1.0,0.2,99.375,99.365234375,-0.009765625
entropy,25,1.0,0.2,99.375,99.365234375,-0.009765625
entropy,30,1.0,0.2,99.375,99.365234375,-0.009765625
entropy,5,1.0,0.3,99.375,99.365234375,-0.009765625
entropy,10,1.0,0.3,99.375,99.365234375,-0.009765625
entropy,15,1.0,0.3,99.375,99.365234375,-0.009765625
entropy,20,1.0,0.3,99.375,99.365234375,-0.009765625
entropy,25,1.0,0.3,99.375,99.365234375,-0.009765625
entropy,30,1.0,0.3,99.375,99.365234375,-0.009765625
deepgini,5,1.0,0.01,99.375,99.365234375,-0.009765625
deepgini,10,1.0,0.01,99.375,99.365234375,-0.009765625
deepgini,15,1.0,0.01,99.375,99.365234375,-0.009765625
deepgini,20,1.0,0.01,99.375,99.365234375,-0.009765625
deepgini,25,1.0,0.01,99.375,99.365234375,-0.009765625
deepgini,30,1.0,0.01,99.375,99.365234375,-0.009765625
deepgini,5,1.0,0.03,99.375,99.365234375,-0.009765625
deepgini,10,1.0,0.03,99.375,99.365234375,-0.009765625
deepgini,15,1.0,0.03,99.375,99.365234375,-0.009765625
deepgini,20,1.0,0.03,99.375,99.365234375,-0.009765625
deepgini,25,1.0,0.03,99.375,99.365234375,-0.009765625
deepgini,30,1.0,0.03,99.375,99.365234375,-0.009765625
deepgini,5,1.0,0.05,99.375,99.365234375,-0.009765625
deepgini,10,1.0,0.05,99.375,99.365234375,-0.009765625
deepgini,15,1.0,0.05,99.375,99.365234375,-0.009765625
deepgini,20,1.0,0.05,99.375,99.365234375,-0.009765625
deepgini,25,1.0,0.05,99.375,99.365234375,-0.009765625
deepgini,30,1.0,0.05,99.375,99.365234375,-0.009765625
deepgini,5,1.0,0.1,99.375,99.365234375,-0.009765625
deepgini,10,1.0,0.1,99.375,99.365234375,-0.009765625
deepgini,15,1.0,0.1,99.375,99.365234375,-0.009765625
deepgini,20,1.0,0.1,99.375,99.365234375,-0.009765625
deepgini,25,1.0,0.1,99.375,99.365234375,-0.009765625
deepgini,30,1.0,0.1,99.375,99.365234375,-0.009765625
deepgini,5,1.0,0.2,99.375,99.3896484375,0.0146484375
deepgini,10,1.0,0.2,99.375,99.3896484375,0.0146484375
deepgini,15,1.0,0.2,99.375,99.3896484375,0.0146484375
deepgini,20,1.0,0.2,99.375,99.3896484375,0.0146484375
deepgini,25,1.0,0.2,99.375,99.3896484375,0.0146484375
deepgini,30,1.0,0.2,99.375,99.3896484375,0.0146484375
deepgini,5,1.0,0.3,99.375,99.4140625,0.0390625
deepgini,10,1.0,0.3,99.375,99.4140625,0.0390625
deepgini,15,1.0,0.3,99.375,99.4140625,0.0390625
deepgini,20,1.0,0.3,99.375,99.4140625,0.0390625
deepgini,25,1.0,0.3,99.375,99.4140625,0.0390625
deepgini,30,1.0,0.3,99.375,99.4140625,0.0390625
none,30,0.0,1.0,69.675,98.3642578125,28.689257812500003
none,30,0.1,1.0,72.82499999999999,98.33984375,25.51484375000001
none,30,0.2,1.0,75.925,98.291015625,22.366015625000003
none,30,0.3,1.0,78.825,98.388671875,19.563671874999997
none,30,0.4,1.0,82.025,98.5107421875,16.485742187499994
none,30,0.5,1.0,84.8,98.4130859375,13.613085937500003
none,30,0.6,1.0,87.64999999999999,98.2666015625,10.616601562500009
none,30,0.7,1.0,90.4,98.583984375,8.183984374999994
none,30,0.8,1.0,93.72500000000001,98.5595703125,4.8345703124999915
none,30,0.9,1.0,96.55,98.876953125,2.326953125000003
none,30,1.0,1.0,99.47500000000001,99.51171875,0.036718749999991473
